"","Metabolite.name.mod","Average.Rt.min.","HyPea-7404_1","HyPep-4601N_3","HyPep-7504_1","HyPep-7504_2","HyPep-7504_3","HyPep-YE_1","HyPep-YE_2","HyPep-YE_3","HY-YEST-412_1","HY-YEST-412_2","HY-YEST-412_3","HyPea-7404_2","HY-YEST-466_1","HY-YEST-466_2","HY-YEST-466_3","HY-YEST-503_1","HY-YEST-503_2","HY-YEST-503_3","HY-YEST-555_1","HY-YEST-555_2","HY-YEST-555_3","HyPea-7404_3","HyPep-1510_1","HyPep-1510_2","HyPep-1510_3","HyPep-1510_4","HyPep-4601N_1","HyPep-4601N_2","Median_Intensity"
"1","(-)-Riboflavin",17.042,6.90338757484615e-08,5.27522256149355e-08,0.0042557517319999,0.00669832391136478,0.0029454409099912,0.0077907700566604,0.00806895608079595,0.00769745152695506,0.0948866765542072,0.140048889433399,0.198728496922224,5.78528105519772e-08,0.127196747164366,0.173678170736498,0.157506220472046,0.00186199872768443,0.0050929121058484,0.00127689727149513,0.00821333176479071,0.0122918667685995,0.041760484434384,6.64003628305623e-08,5.31677019100146e-08,6.87068066948052e-08,6.71589441754767e-08,5.30011458506354e-08,6.66692883834788e-08,5.86835281734291e-08,0.00467433191892415
"2","(2R)-5-methoxy-2-methyl-2,3,8,9-tetrahydrofuro[2,3-h]chromen-4-one",24.6085,2.0197116653955e-06,1.47451114865172e-06,0.0124601928403836,0.00783809120168131,0.0137061610583444,0.00332682944595243,0.00531867615600396,0.0047155575115525,0.204556175787336,0.101418840102137,0.0756505494326622,3.86140856036797e-05,0.0107442386364075,0.0159147011949446,0.0297939280458642,0.459523058709341,0.00502802527447646,0.00198119042621086,0.00841576289886444,0.00639110690973175,0.0163473709988423,0.000310160591639906,1.11495919458858e-06,1.14632139978088e-06,2.02791512768579e-05,0.000418719625748648,0.0126528941808265,0.00342312023075927,0.00585489153286786
"3","(2R,3R,6R,8R,9S,12S,13R,14R,15R,16R)-6,8,14,15-tetrahydroxy-2,6,13,16-tetramethyl-3-{[(2R,3R,4S,5S,6R)-3,4,5-trihydroxy-6-(hydroxymethyl)oxan-2-yl]oxy}-10-oxatetracyclo[7.6.1.0?,?.0??,??]hexadec-4-en-11-one",19.0385,1.14457598214113e-07,0.00149448424328751,1.40571553865089e-07,1.42237466999128e-07,1.45549164866052e-07,1.27631816297161e-07,1.32777206708033e-07,1.36527911320264e-07,1.26181984689237e-07,1.31710324575273e-07,1.49370983824881e-07,0.000657936874200271,1.29085511711671e-07,1.42319825359648e-07,1.14472275810272e-07,1.30105127289401e-07,1.42265870431201e-07,1.44932883691516e-07,1.21946042876274e-07,1.22435708867284e-07,1.38389863246564e-07,1.43593562535145e-07,0.268696307305626,0.268947731502409,0.239175447623348,0.21253169618209,0.00849359026183175,1.29444524019886e-07,1.41404510432108e-07
"4","(4S,5Z,6S)-4-(2-methoxy-2-oxoethyl)-5-[2-[(E)-3-phenylprop-2-enoyl]oxyethylidene]-6-[(2S,3R,4S,5S,6R)-3,4,5-trihydroxy-6-(hydroxymethyl)oxan-2-yl]oxy-4H-pyran-3-carboxylic acid",18.5125,7.6174200904217e-08,0.0038493416602646,0.301761793003832,0.345560889175772,0.232724025304671,0.00120647663521023,0.000677457036301951,7.45651554535546e-08,0.000923415205505238,0.000999220903644734,0.000627127581890254,7.30232914458018e-08,0.000832129491831639,7.84908607514204e-08,0.00242585593430639,0.0225597768493496,0.0125477212511862,0.0203496779976511,0.00209636735731364,0.00125532473896281,0.0016633082501679,6.30184151344118e-08,0.0109954705574474,0.00891170041894758,0.00921308293698315,0.00660783547626718,0.00750342642891546,0.00470821053165381,0.00226111164581002
"5","1-Acetylimidazole",4.05,0.00397497952779304,0.0436523339123446,0.0667568403819254,0.0649569550357053,0.0755163003449909,0.0581440791160879,0.0237125490170481,0.0190408684401373,0.0150263711096162,0.0430598192200999,0.027167908973593,0.00447240923876095,0.0126782498522414,0.0172033663178849,0.0138694701909257,0.0548307746411249,0.0491840860714903,0.0496002258621593,0.0127306710839573,0.0153707765832003,0.0191148234255747,0.0227430590487155,0.0574267359452386,0.051351323797604,0.0435923758668261,0.0510350467898187,0.0439503072294666,0.0398372929756693,0.0414485560978846
"6","1-Decanoyl-2-hydroxy-sn-glycero-3-phosphocholine",20.25,0.00411871114372908,0.0337388702367998,0.00862781086841545,0.0182730219135067,0.0295195746150979,1.7403292190707e-07,1.84033224320408e-07,0.00290001069977864,0.267952716045822,0.0876634432045378,0.223965127896094,0.00351901230443141,0.0039996117683748,1.86013378175291e-07,0.00446090846696309,0.0271964145833802,0.0316722925418432,0.0394620745089235,0.0030707154274088,0.00223728242258675,0.0176026775792359,0.00492575057143293,0.032740904136808,0.0285900217174871,0.0167272249491511,0.0175156181681445,0.0399992691556427,0.0495203909948797,0.0175591478736902
"7","1-Lauroyl-2-hydroxy-sn-glycero-3-phosphocholine",21.207,1.41958481838921e-07,0.000267390717609444,0.00592738162574667,0.00946185109336399,0.0119136349583421,0.000253666025215263,1.64734618199434e-07,1.52024191457943e-07,0.365691780218112,0.139182587137546,0.238074052303241,0.0110218911288359,1.20789607897484e-07,1.39507754263695e-07,1.38593905213216e-07,0.121058890046953,0.040356133672666,0.0302635486893624,0.00993896474211961,0.0145322821887442,1.66971184542491e-07,1.44047825816682e-07,1.54562600172732e-07,0.0013135975325694,1.30347070406604e-07,0.000283764034851625,0.000457008178318527,1.22169162024494e-07,0.000370386106585076
"8","1-Methyladenosine",13.818,2.01286144437633e-08,0.0368018183728899,0.000166521417670445,0.000180702344823575,0.000149638034851592,9.5296387676386e-05,0.158126782422043,0.000125928861949208,0.000163066732077149,9.34158128574542e-05,0.0548341627551919,1.54776195674191e-08,0.000137351612701237,0.0409502967725341,0.00156526510762419,0.175369118218188,0.135520016408701,0.000456450334014346,0.00051290936913383,0.289172214827314,0.0889341105300791,0.00328437516562085,0.000129564639932476,0.00350794068613222,0.00568703934483958,0.00329739988751493,0.0005835354012226,0.00015504294618304,0.000548222385178215
"9","2'-Deoxyadenosine-5'-monophosphate",5.778,0.00712588725633631,0.077490183412211,0.00477720787226781,0.00504110957773452,0.00665424465951782,0.0122711170683936,0.00730307066988203,0.00391756024390652,0.00341461080334123,0.00255396402039227,0.00633351603687772,0.0138123962827474,0.000954359156983592,0.000550201126273563,0.000698742108306256,0.309112118352388,0.117720310255673,0.0606642536301871,0.074251257290534,0.0300256361453277,0.0168773029804063,0.0074761742021948,4.4292098782034e-08,0.00107209287256332,0.000691956183398372,0.000372601398316313,0.126805706184183,0.102032375917557,0.00689006595792706
"10","2'-O-Methyladenosine",14.48,0.00170396553259537,9.28153803153056e-05,0.0815346051228098,0.0766043610855222,0.0792102911843238,0.216920307928575,0.00045955526955246,0.0161287032323036,0.013966972968569,0.013117783999562,9.76296295119635e-05,0.000938012215039121,0.113823899892154,0.114890231704449,0.0110324407520245,0.0454736422085947,0.0309346026676124,0.0588247535679195,0.0189689639497455,0.00397250106432529,0.0264156529676265,0.00164265526786225,0.00368298424034973,0.00365745687557902,0.0006842643568749,0.00377712336501722,0.0178595407752485,0.043584282795937,0.0150478381004363
"11","2-[1-[1-hydroxy-10,13-dimethyl-3-[3,4,5-trihydroxy-6-[[3,4,5-trihydroxy-6-(hydroxymethyl)oxan-2-yl]oxymethyl]oxan-2-yl]oxy-2,3,4,7,8,9,11,12,14,15,16,17-dodecahydro-1H-cyclopenta[a]phenanthren-17-yl]ethyl]-4,5-dimethyl-2,3-dihydropyran-6-one",19.594,0.205235645326454,0.137253192262606,2.70898203184995e-07,0.00480532038887397,0.00673237627165373,0.00269924122427448,0.00163139224896916,0.00373983043192351,2.91514981002029e-07,3.22405410213845e-07,3.67908809913002e-07,0.191981631756181,0.00389919522745263,0.00364756660293297,3.821163948591e-07,0.0040239610871103,0.00422421553412387,0.0139142765964858,0.00267302990922035,0.00319463507879757,0.00700261492986183,0.222444159998943,0.00779524509709877,0.00200621405424324,0.00296214071426743,0.00301849504163381,0.125904217070468,0.0392097683026262,0.00381951282968807
"12","2-[2-[(Z)-pent-2-enyl]-3-[3,4,5-trihydroxy-6-(hydroxymethyl)oxan-2-yl]oxycyclopentyl]acetic acid",18.395,0.000190875414772269,0.000507904482912364,0.000164692123963046,0.00065971330371817,0.000713959810731505,0.000415303621708465,6.89322128687667e-05,0.000668124516309734,2.06587556759191e-08,0.000194286413426912,2.72227919250991e-08,0.000116414864595337,0.000270936979785518,1.97649650916379e-08,0.000138663878547215,2.5181924199524e-08,2.37549260748161e-08,0.00122642359724333,0.00515163029907423,0.000306481136220836,0.000583411589494698,0.000123663236736454,0.278339132731038,0.285723324636768,0.230828572833657,0.191781960342268,0.00124607560085588,0.000579399789940657,0.000360892378964651
"13","2-hydroxyquinoline",16.371,0.00305992072842546,0.0137360532690256,0.00634807499643074,0.0725529379386525,0.0059212870110881,0.165141491867167,0.137979926990814,0.055683947368417,0.0638117253396779,0.0792051486217751,0.0370501395394491,0.00348600078619973,0.00345696036616722,0.107121779808702,0.00404244724466049,0.0180031174667754,0.0175481201068066,0.00549380648790685,0.011638633171002,0.0187771285346689,0.0231359309114403,0.0212981047747883,0.0289088955546596,0.0277355825587516,0.0250551379389942,0.0306749747712313,0.00638781127863738,0.00674491456768579,0.0200376166547286
"14","2-methyl-3-[(2S,3R,4S,5S,6R)-3,4,5-trihydroxy-6-(hydroxymethyl)oxan-2-yl]oxypyran-4-one",4.05,0.0322299441071091,0.00369267111288876,0.0101929627245204,0.0111285843378983,0.00829835220846431,8.22335817554911e-08,5.88649139578826e-08,7.4748086619922e-08,6.74466915846626e-08,7.35261725000845e-08,5.90355966187228e-08,0.0537529032526761,8.69490894537223e-08,5.95423402194751e-08,5.84041381985403e-08,8.32495082711994e-08,0.000893944134700462,6.90128232900146e-08,7.47176691330566e-08,7.34313083108411e-08,6.02895430415305e-08,0.0526590583520458,0.192257802245898,0.19606143891917,0.217631597664021,0.217779648623841,0.00140180484767776,0.00201830601762595,0.000447015541894958
"15","3-(5,7-dimethoxy-4-oxochromen-2-yl)propanoic acid",21.933,0.605657101790257,6.23974147788294e-06,6.74333061359933e-06,6.7634204868257e-06,6.32737894306829e-06,4.83589809867331e-06,4.86784228012603e-06,6.0493212722144e-06,6.10823641393386e-06,5.20417048179631e-06,4.90907044182522e-06,0.280699205748011,4.92964062728763e-06,4.65910815445774e-06,6.06302916378359e-06,6.47218322781407e-06,0.050525488940742,4.76849943572635e-06,5.70854389607834e-06,5.34419459731429e-06,4.94735010368359e-06,6.54021614431635e-06,0.0201761468905522,0.00416406224309002,6.36687794564138e-06,0.0151332604613515,5.08449216985733e-06,0.0235258013800213,6.1739889459084e-06
"16","3-Hydroxypyridine",2.331,0.0137901960795827,0.00335206288584699,0.153904209242506,0.134165158045998,0.323910882797056,0.0406333924058883,0.0271191263740657,0.0250744389061477,0.0149360725050042,0.0183820204810303,0.00421745232871234,0.0071375116792098,0.0282255134423827,0.0118488562228229,0.0123063847097209,0.0120323324860982,0.0143253820754334,0.01348810494441,0.0156846820832725,0.00970365928837145,0.0273661672902266,0.0142354911844781,0.015266618486715,0.0157923358448956,0.0137037550023522,0.0157043778282968,0.00782319274045667,0.00587062263901844,0.0146307272902188
"17","3-Hydroxytyramine",3.052,7.26174497335554e-08,0.00432935156962153,0.0303824558103242,0.0288402813975124,0.0375162969821578,0.13319955041913,0.0637324520609917,0.0689823751974666,0.0424304497959614,0.128156769173259,0.0147680980718094,0.00326711661546292,0.022649816636549,0.0416809525251231,0.0963539082115709,0.0413617859512587,0.0563894947723248,0.0393611354623978,0.0370504302130422,0.0317206268460268,0.0308739875204309,0.00247626183616345,0.00601888425309455,0.00359666053233161,0.00629340294144768,0.015189873788453,0.00879560813512192,0.00458190066351675,0.0306282216653776
"18","3-[(1R,3R,5R,8R,10S,13R,14S,17R)-1,14-dihydroxy-3-[(2S,3S,4R,5S,6R)-3-hydroxy-4-methoxy-6-methyl-5-[(2S,3R,4S,5S,6R)-3,4,5-trihydroxy-6-(hydroxymethyl)oxan-2-yl]oxyoxan-2-yl]oxy-10,13-dimethyl-1,2,3,4,5,6,7,8,9,11,12,15,16,17-tetradecahydrocyclopenta[a]phenanthren-17-yl]-2H-furan-5-one",19.8,0.102466786199085,0.154942266751157,1.73692506227069e-07,2.06040022003929e-07,2.27233126242072e-07,0.00293907071170302,0.0036252184284135,0.00354438328507269,2.3143521330167e-07,2.24120049680007e-07,1.72215732259378e-07,0.125268478132153,0.00344991711756069,1.76620568012198e-07,2.17302471917697e-07,0.00385821384157229,2.24497597053559e-07,1.96700674762401e-07,0.00296379675554844,0.00345752513105159,1.81397397091436e-07,0.131865576830449,0.00768662963030522,0.0109813749727078,0.00815610746280612,0.00516045215076454,0.250240402238442,0.179391569105848,0.00345372112430614
"19","3-[(2S,3R,4S,5R,6R)-3,5-dihydroxy-6-(hydroxymethyl)-4-[(2S,3R,4R,5R,6S)-3,4,5-trihydroxy-6-methyloxan-2-yl]oxyoxan-2-yl]oxy-5,7-dihydroxy-2-(4-hydroxyphenyl)chromen-4-one",18.601,4.90762924783243e-07,4.86982695423499e-07,0.323724945376226,0.348358135793847,0.265580788124926,5.5068505155228e-07,6.44516995916729e-07,6.50990686989198e-07,6.01100617103296e-07,6.03507633384814e-07,0.0159016175171999,6.78304160356649e-07,5.45272971311182e-07,5.28320205371851e-07,0.0060443242567508,0.00635167861231046,0.00686082184568437,5.90549610883661e-07,4.89640901142317e-07,6.65128479320703e-07,6.07502647162376e-07,4.96884109108166e-07,5.34756974097094e-07,4.90022635603953e-07,6.26080512376225e-07,6.45579732699982e-07,0.0126146074866934,0.0145521543968172,6.35298754146477e-07
"20","3-[(2S,3R,4S,5S,6R)-4,5-dihydroxy-6-(hydroxymethyl)-3-[(2S,3R,4S,5R)-3,4,5-trihydroxyoxan-2-yl]oxyoxan-2-yl]oxy-5,7-dihydroxy-2-(4-hydroxyphenyl)chromen-4-one",18.969,1.81412043888473e-07,1.99360965732474e-07,0.371580093861964,0.393321172506378,0.233883700883294,1.50852765269271e-07,1.76521982786983e-07,1.97915114607369e-07,1.55707581347191e-07,2.14022990038959e-07,0.00121076587453325,1.64169109010803e-07,1.85511912397926e-07,1.80763992900347e-07,1.590080940229e-07,1.72648102702619e-07,1.72425288612985e-07,2.04587156264414e-07,1.91251174464905e-07,1.57698427866521e-07,1.63276370654447e-07,1.73810211813767e-07,2.06291483270714e-07,2.02381932131303e-07,1.52856859943374e-07,1.92818781158304e-07,1.56421907051592e-07,1.55159582983121e-07,1.8108801839441e-07
"21","4-Aminobenzoic acid",2.115,0.117175371502102,0.00299881728502659,0.0459312299253907,0.0436531995771549,0.0435267377974851,0.0246664614651968,0.0201689092902366,0.0086004615923477,0.0107768436459761,0.018400788619889,0.0113265486261922,0.12268935128501,0.00368103398359798,0.0038998871222706,0.00507888790522513,0.0118373238882353,0.0199045355318421,0.0191383098931855,0.0039920305490387,0.0035037112371625,0.00520339258888106,0.134632798012874,0.0789251053000608,0.0755808937932353,0.075125366024858,0.0805594050914222,0.00463970449207063,0.00438289397403281,0.0187695492565373
"22","4-Guanidinobutyric acid",2.223,0.00760993505123331,0.0266005324242055,0.160345979689555,0.125883004641802,0.219983689052693,0.0478826036209202,0.0593227798496103,0.0268634088637697,0.0233671364451766,0.0191980631912178,0.0199596941226648,0.00770168402509449,0.00420617361005554,0.00652604562058695,0.00593085676947061,0.0275425048539824,0.0129643634872328,0.0130191163506322,0.00483710170936778,0.00593280860263646,0.00462754974620432,0.00773344468810989,0.0208571302541589,0.0190365972996857,0.0218846028343433,0.0347173656954738,0.0320621608608548,0.0334036666392608,0.0204084121884119
"23","4-Methyl-5-thiazoleethanol",9.642,0.000734587753037041,0.00130661929658589,0.108921284933496,0.122042104693172,0.108059493407799,0.111491542999839,0.0991363900880599,0.05570405471124,0.0501208944827261,0.0393529537119441,0.0560052675721782,0.000704838202033402,0.0505418791004677,0.0346228395650979,0.0344064274286348,0.00925718411636125,0.0079902658050936,0.00703451984692035,0.00931872453822793,0.00971778108316407,0.0171447795903683,3.76489216700983e-05,0.0143565193068301,0.0164941787198099,0.0158912695274404,0.0159692264584922,0.00203396305006922,0.00160276108924183,0.016231702589151
"24","4-[(E)-3-[(2R,3R,4S,5S,6R)-3-[(2S,3R,4R)-3,4-dihydroxy-4-(hydroxymethyl)oxolan-2-yl]oxy-4,5-dihydroxy-6-(hydroxymethyl)oxan-2-yl]oxybut-1-enyl]-3,5,5-trimethylcyclohex-2-en-1-one",17.821,4.60006552271786e-06,3.67792990042769e-06,5.1103278688713e-06,4.32087299154595e-06,3.92218444493523e-06,4.23427086524414e-06,4.41641933242485e-06,3.85213237522543e-06,5.01922839230347e-06,5.40119820511736e-06,4.58415594700267e-06,3.99472832238396e-06,5.3515046901809e-06,4.72645442465328e-06,4.22727313290893e-06,5.39835613767814e-06,3.65620021901182e-06,3.68324683768287e-06,0.999879905493651,4.36637201254059e-06,3.82721495606579e-06,5.06431407455602e-06,3.9566150830922e-06,4.17808293341393e-06,3.91667081018486e-06,4.43260186748216e-06,4.85765135171582e-06,5.3184336496742e-06,4.39139567248272e-06
"25","4-[[4-hydroxy-2-(2-methylpropyl)-1-oxo-3,3a-dihydro-2H-imidazo[1,2-a]indol-4-yl]methyl]-1-methyl-2,4-dihydro-1H-pyrazino[2,1-b]quinazoline-3,6-dione",18.611,5.75174636421944e-07,6.41918415640526e-07,5.3315267160651e-07,5.67347264317389e-07,5.87873403717112e-07,5.99263357296216e-07,6.68188371513895e-07,0.0584615081760582,0.0929140685102166,0.107361374032383,0.193191579171606,5.95101216637558e-07,0.117231657874909,0.124482451874962,0.141461818823807,4.82037775599509e-07,6.04918288387763e-07,4.85402331244589e-07,5.06634965276527e-07,5.69053521735073e-07,6.97519487203853e-07,0.132400968391251,0.00684751842280061,0.00618363891385182,0.0194535430782521,6.4448125651878e-07,4.84113932994715e-07,6.30549005186662e-07,6.43199836079653e-07
"26","5'-S-Methylthioadenosine",17.084,0.000285045080013413,2.8008591768674e-05,0.00052786180963592,0.000592918261139155,0.000471164217452584,0.051476914402537,0.0570121106889036,0.0285075588911436,0.0045230242949902,0.0240527858399772,0.0122891209874531,0.000180435770047918,0.21306859181416,0.273093332223324,0.247389928971625,0.0427592122552165,0.00803599290411677,0.00168289380806578,0.00299389423804963,0.00200519165248645,0.0257721518977046,0.000297132891544886,0.000320075958256019,0.000917441902119002,0.000820703434237664,0.000760101704168388,6.75176538123417e-05,6.88878560511577e-05,0.00184404273027612
"27","5-Hydroxy-3-indoleacetic acid",9.478,0.000192141750767763,0.0106354734551068,0.296432672916613,0.243065161560346,0.308770380497673,0.00269263995018493,0.0023696995358097,0.000588654890807843,0.000361017954181245,0.00135293421185339,0.000362479663962666,0.0265574883148484,0.00199209117560933,0.00111389593893171,0.00042465105333243,0.00280675076045451,0.00195652290426142,0.00034376977876048,0.000526093712163033,0.00117431327656377,0.000716700667660304,0.00323815004061117,0.0175898013585131,0.0180961376267972,0.0187983430057918,0.0192442619364439,0.000475810895682158,0.018121961166269,0.00218089535570951
"28","5-O-Methylgenistein",20.636,6.02795930136926e-08,7.99506460917283e-08,0.0145835698421234,0.158224193655664,6.88911052007286e-08,7.99316243353702e-08,6.01222398807277e-08,6.24038833467173e-08,0.0578452515374886,0.0242892215440417,0.0763523741833437,6.49989771424789e-08,0.0138472813912058,0.0171580902194634,0.00911488136172455,0.00979297401295432,0.00728609123171172,6.89039442934181e-08,5.91227952795992e-08,7.38416785453092e-08,0.0307767656915415,6.11744552179061e-08,0.121032270922429,0.142589437146613,0.113040276657335,0.174837120272742,0.0292293983175412,6.23911359915361e-08,0.00945392768733944
"29","5-hydroxy-3-[(2S,3R,4R,5S)-3-hydroxy-5-(hydroxymethyl)-4-[(2S,3R,4S,5S,6R)-3,4,5-trihydroxy-6-(hydroxymethyl)oxan-2-yl]oxyoxolan-2-yl]oxy-2-(4-hydroxyphenyl)-7-[(2S,3R,4R,5R,6S)-3,4,5-trihydroxy-6-methyloxan-2-yl]oxychromen-4-one",18.577,1.37550202792669e-07,1.46705370471858e-07,0.33678132402426,0.395776927064873,0.267437802116986,1.45447828254059e-07,1.4545863126117e-07,1.53498516643948e-07,1.39823011904988e-07,1.78306303046084e-07,1.61344904248541e-07,1.60512201135957e-07,1.77634694008614e-07,1.31711063698133e-07,1.55147242827302e-07,1.76051825788263e-07,1.33781528546671e-07,1.77736688388618e-07,1.59504144945996e-07,1.65718017525732e-07,1.30267967112788e-07,1.95384483716802e-07,1.73101542454581e-07,1.92384768876062e-07,1.50962767203983e-07,1.39830622401553e-07,1.34243976305637e-07,1.84685576864178e-07,1.60008173040976e-07
"30","7,2'-Dihydroxyflavone",19.533,5.32282267488337e-08,0.000207105903200532,0.022811741641645,0.110684882458712,0.00271395406022181,0.00463051891196572,0.00051863991144374,0.000122375350894619,0.000166203961029851,4.18680552963637e-08,0.000213185949291764,5.26740664986109e-08,4.45868201453089e-08,4.90708073228497e-08,5.33936945769495e-08,0.000263872828263222,0.000104676722703052,5.29173150935013e-08,0.000100348167924906,5.12377523676009e-08,0.000112667012742592,5.42179837381649e-08,0.155627761500138,0.216000751701902,0.179600247382754,0.198702987281104,0.107417581811101,4.42482396033761e-08,0.000144289655962235
"31","9-(2,3-dihydroxypropoxy)-9-oxononanoic acid",17.051,1.66073633814159e-07,1.73236103360405e-07,1.44407261956654e-07,1.57413184261064e-07,0.0321294735915115,0.0228787631623657,0.000787177027086401,1.63844891334785e-07,0.0413420828314386,0.144307124045693,0.266628990105342,1.40097368352463e-07,0.117641070385848,0.0710582981339551,0.0710331126020987,0.0495105903302006,0.0410548386117019,1.87455295152604e-07,0.0395978233046653,0.03796580084037,0.0640625323236864,1.71089731950556e-07,1.80930784004112e-07,1.8103420671737e-07,1.79721845641637e-07,1.81313072718642e-07,1.52529609271479e-07,1.43557048558309e-07,0.000393682241190777
"32","?-Gentiobiose",1.79,0.0117438885071635,0.0553188324144196,0.0148581637167254,0.0127729440798008,0.0150050637387189,0.0253101381607215,0.0260834961048266,0.0350056701021329,0.0307556864469133,0.0206315958699708,0.0535867838443267,0.00996788990691505,0.000344715510594869,0.00181672008907402,0.000453594132154055,0.0658759380714529,0.0815992225392945,0.0834079298717854,0.0124367150472063,0.018454345643563,0.00131532925938151,0.00861969452351467,0.0785875107995264,0.0745659338427843,0.0754079439770571,0.0749420436014541,0.0558257842140651,0.0553064259844568,0.025696817132774
"33","ADENINE",6.339,0.00459472978502589,3.33243582768013e-08,4.45534000358884e-08,4.42712741663704e-08,4.04049637228323e-08,0.00578896773862217,0.186459053093464,0.129874182727715,0.0358722668269197,0.0370284432527386,0.0732748831644753,0.00185788243317635,0.0622926533257783,0.174717170379126,0.0666805755695473,0.0856492511802123,0.0464669790382457,0.0287947618918745,0.0251859177076116,0.0178669291416677,0.0175949108308854,3.5819836954738e-08,4.50365956053227e-08,3.95707349596481e-08,3.49711310526381e-08,4.16290338519384e-08,4.79757820403663e-08,3.43558036945852e-08,0.0116919392847538
"34","Aconitic acid (not validated, isomer of 271)",2.095,0.179895041294162,7.10118522189742e-05,0.0237539627325572,0.0304142107281396,0.0247366887811012,0.000438622011995123,1.65305782694357e-08,1.43376759129958e-08,0.000534857514961909,0.000423254149760594,0.000515403980398238,0.200547914218284,2.05331703153184e-08,0.000801071322513408,0.000455351765006033,0.052240689444885,0.0520046235984148,0.0769567993395705,0.00156276966589703,0.000816926598288958,0.00114810976372002,0.227967262618546,0.0296229808584471,0.0308301608426311,0.0288827860536379,0.0349345842574106,0.0001606529366896,0.000284212269338301,0.00135543971480852
"35","Adenosine",14.7392,0.0082438887028647,0.0032584420355068,0.0279172173791191,0.019547689611573,0.0264548971180573,0.0838816592260921,0.0681356180544171,0.0567589443559164,0.0549212213253229,0.0430140519472571,0.0356223959231988,0.00370643831102289,0.0431892025794582,0.159350199074806,0.151429207307051,0.057595526373033,0.0348258406376937,0.01764297541713,0.0143164867904258,0.0160566073727465,0.0398429625679503,0.00213347333854277,0.00524767946416861,0.00636206338439857,0.00569917882661634,0.00579481938767614,0.00505235203200982,0.00399896145594501,0.0230012933648151
"36","Adenosine 3',5'-cyclic monophosphate",10.082,3.11187575732044e-09,0.000359255369320329,0.00984315682723103,0.00783441168178559,0.0055337528435455,0.0208980897274864,0.0677512000205244,0.0929938710597528,0.0897739858188272,0.0480356313990284,0.0705534034121287,0.000144976980543006,0.168810564195549,0.178485584099812,0.0693329797711389,0.00666228492371235,0.00817853596546121,0.00399212601000983,0.0221713484259956,0.0267962490706877,0.0671324974681552,3.6331296360695e-05,0.00773014589725168,0.0103137773322236,0.00857309240507513,0.00764045867488515,0.000243910337975428,0.000178375873656846,0.00920812461615308
"37","Adenosine 3'-monophosphate",5.155,0.0122294472076617,0.00311019690992251,0.0303495479906665,0.0194544797444887,0.0311259167159196,0.0509095360510157,0.101356268432195,0.0773454254370775,0.0512583157868041,0.0248935996845493,0.0676357389877221,0.0175012942416326,0.0595335561297716,0.115567552829337,0.0640061836802971,0.0764403710285504,0.0250095876155957,0.00915339618998066,0.0406175875818151,0.0174140515890867,0.0412984707254149,0.0111081417836434,0.0119784881057504,0.0130446497612167,0.0113404869305526,0.0100296624576818,0.00364975329130051,0.00263829311034997,0.0249515936500725
"38","Agmatine",1.734,0.0261773486329312,0.0416545610084392,0.107069519961283,0.113957478414367,0.0957760400620784,0.0294396951935804,0.0239172422438965,0.0234013808330828,0.0159052258974238,0.00957553671592507,0.017160999866266,0.0293285192640655,0.00316345329854777,0.00700568195238697,0.00234363171361149,0.00323720240578424,0.00457530688719802,0.00223251950740354,0.0179698504218568,0.0142452337515338,0.0142562154014305,0.0326005305262679,0.0767777326380752,0.0915397783397513,0.0465944342449391,0.0459832109052839,0.049210987571916,0.0549006823406743,0.0250472954384138
"39","Ala-Ala",1.711,0.0627921593232635,0.0293237351021514,0.0329864942869568,0.0279725695961744,0.0298665116365599,0.00440607623515928,0.00453287204065812,0.00644777732561473,0.0212210832656185,0.0224396273931432,0.0181394648337689,0.0782184879112544,0.0166084968001766,0.0135731652756492,0.0157567512308329,0.0727532491989006,0.0673873900355556,0.0768749296787887,0.0564699712549748,0.0559057600488805,0.021328565256187,0.0835343124912941,0.0347124986140382,0.0309566772296638,0.0275676623171151,0.0292543652240233,0.0305092702874883,0.0284600761061081,0.0292890501630873
"40","Ala-Leu",4.516,0.0540103926946248,0.0372359348488992,0.0545825128285978,0.0569318243023143,0.0620951719056061,0.0104977288779014,0.00744679530542661,0.00865253371010818,0.0142123790921213,0.0141903867306603,0.0111085971115992,0.0550512745882509,0.0237004092953361,0.0177350501264295,0.019479589900681,0.0511330065413734,0.0395146752989063,0.0453986294969903,0.0524963334360538,0.0499861831635509,0.0281758739812408,0.0504035154427945,0.027547024645224,0.0350337052305526,0.0316523093673184,0.0263319693699486,0.0592305948148557,0.0561655978926341,0.0361348200397259
"41","Ala-Val",2.071,0.0681883252277812,0.0549304481164932,0.0467352912396395,0.033466594691907,0.022736763404181,0.0273427658305239,0.0225444047582913,0.0167357200248233,0.0183156622552891,0.0247871446517047,0.0182311166098973,0.0896257270329259,0.0318767793725708,0.0402678734019005,0.0202572808313076,0.0544121450159842,0.0445163865929626,0.0512161917510891,0.0272532516526534,0.0297480747772696,0.0325736181298643,0.0715686791780172,0.0107540522604163,0.00894285143052847,0.00986964890947432,0.00853238210197426,0.0570931373077775,0.0574776834427525,0.0308124270749202
"42","Apigenin-7-O-glucoside",19.23,3.05294856447503e-08,0.000589983094386248,0.00122828237873239,0.000559163081992937,0.00060148585144254,0.000422397836271533,2.31760634632391e-08,3.14510968145555e-08,0.000466518631874224,0.000431295760567582,0.0015234122356296,2.88866139590813e-08,2.74747978212685e-08,0.000243056253309705,2.94879915995873e-08,0.00108789802908747,0.000857036081354471,2.42497547443118e-08,2.62491402129537e-08,0.000356885139770567,0.00112798479165438,3.28758195710672e-08,0.224752900310089,0.293184692270592,0.228992784288774,0.241382267909563,0.000991841939601356,0.0011998597345432,0.00051284085693358
"43","Arginine",1.726,0.00446394824151146,0.0550044641474917,0.0274131992776836,0.0264944404011926,0.0235471764631136,0.0483214854779034,0.0609182787646858,0.0463188000998626,0.0499499799554226,0.0413162143671722,0.0470502879082134,0.00531444081667151,0.027370384213802,0.0436663543838269,0.0225018885788058,0.0110923893910481,0.0160551027296568,0.0124261782805257,0.030636337284759,0.0264285767739701,0.0126516334255145,0.00404988635270315,0.0582630286579615,0.0572862455063419,0.0505678717720482,0.0478763367323633,0.0729555329548103,0.0700595370409381,0.0359762758259656
"44","Asp-Phe",3.422,0.0443583047831318,0.00556445786506431,0.0433401532901578,0.0337029625632467,0.0430338701440041,0.0135747487344277,0.0156659400461465,0.00995966525541534,0.0185805505697038,0.0206096039846373,0.0177861386252818,0.00586616398961734,0.05088844795367,0.0369558235172877,0.052325435102386,0.102786482890071,0.0764759256322117,0.0866858818777267,0.0481763537921453,0.0477009094973122,0.0328411260150483,0.0377080271476941,0.0133240680911151,0.0143390843916678,0.0138046508675098,0.023923664074409,0.0415289912568242,0.0484925680420862,0.0353293930402672
"45","Asparagine",1.713,0.0157925981762095,0.0481107994205962,0.0222757941238926,0.0219937935921973,0.0163391454005027,0.0212009803912561,0.0449190253708628,0.0480852483133605,0.0589734573534931,0.060020369198628,0.0667216597348539,0.0177777420730311,0.101775015256123,0.0916783343890529,0.120781427731437,0.0105186269372503,0.0191351872137761,0.0141309456540248,0.0109334483914711,0.00784552394936592,0.0187676900655641,0.0181631855114437,0.0128641188662695,0.0115576166896393,0.0126628264153643,0.0155055861582883,0.0469982813285001,0.0444715722935455,0.0201680838025161
"46","Aspartic acid",4.582,0.0122244347349272,0.0498129779338732,0.0447913635563922,0.0397981511090238,0.0434273997281215,0.00415086305607963,0.00395084277864745,0.0234204192579354,0.0225109366088501,0.0204213838706993,0.00938283950681017,0.0151088047528419,0.0918583680715361,0.100624171680383,0.0978753953578302,0.00589902766852765,0.0033993480277168,0.0182565491402035,0.000674656770674072,0.00208560277387417,0.00325818646014936,0.015659059359498,0.089442294977133,0.0889497698746321,0.0902624326272493,0.0911778259271001,0.00395809850131677,0.00761879588797392,0.0193389665054514
"47","Baicalein",21.68,1.66283339250898e-07,1.73288664758709e-07,0.0335913371001382,0.361739711280348,0.00225517667971107,0.00160531566700948,1.75127040569421e-07,1.70315349405806e-07,0.0321386996228598,0.0167596047041652,0.0352106512336498,1.29362563916239e-07,0.0409076712068094,0.0337746221064587,0.0431497984685948,0.0107272146903142,0.0060316782274187,1.48163872619727e-07,0.0105767904909521,0.00883208331428138,0.0226498746936978,1.40388807555e-07,0.0390015071410758,0.0458469945227721,0.0519467669855487,0.0422930448662343,0.160960180764272,1.73304050558881e-07,0.0137434096972397
"48","Benzoic acid",10.3505,0.0275888042288203,0.0582379215726422,0.0334129807994508,0.0264884534926261,0.0311558443822635,0.0325852163243221,0.0389370393988219,0.0302875931129545,0.0275976138142004,0.0251790738660409,0.0308672960082776,0.0306774821198016,0.030295184758348,0.0273198045822643,0.0366234123613205,0.0235040255772744,0.0255135868717355,0.0246421287278972,0.0250303561084,0.0230677222798095,0.0397899197706829,0.0306535800659775,0.0760580110635419,0.0479210209103524,0.0454669858891592,0.0422209532424798,0.0536042402163256,0.0552737484542096,0.0307723890640396
"49","Betaine",7.3505,2.28896495935743e-08,0.00564525557005782,0.0105714472322644,0.0132686282132272,0.014937931641935,0.108979651375714,0.0882293348122645,0.0870480370980133,0.0888217607560876,0.11096856707567,0.0935834174540418,1.96926464358571e-08,0.0439235681011739,0.040296683104845,0.0667781882703631,0.045509337448617,0.0541620790858599,0.0549699646937551,1.76581141686728e-08,1.98156594317567e-08,0.00490180419079932,1.87276403482149e-08,0.00931418694139904,0.01123008748023,0.00938403249236815,0.00855322755243727,0.0134602804323201,0.0154624301928464,0.0141991060371275
"50","Carnitine",1.854,0.000634343217828256,0.00143759604023059,0.00203550227185155,0.00258861356832859,0.00290095616536277,0.0317220767519318,0.0241043292842801,0.0304540426291971,0.0252562638429857,0.0267772360936721,0.0157671170720268,0.00120181753463964,0.117480391399616,0.104150361672207,0.152273125799032,0.0223994192012057,0.0288257831069532,0.00923033782671075,0.118505094598431,0.11361243745691,0.135561751640021,0.000909745940902632,0.00762718249141268,0.00832230458647958,0.0062097588490376,0.00653445822491984,0.00188764796308763,0.00159030477073826,0.0124987274493688
"51","Carpachromene",23.259,0.0424391419409813,0.0343390170214395,0.0368167988483886,0.0337848251696446,0.0332564475295844,0.035403519527023,0.0307414826745198,0.0329022531009641,0.0362798939827756,0.0349719705566212,0.037589722513171,0.0365937313396106,0.0434425683454815,0.0291926411677335,0.0329418517644888,0.0390419013562192,0.0331909487004471,0.0347193223384189,0.0351923094122062,0.0414760611353461,0.0331494117094472,0.0306668151526676,0.0319698775473174,0.0331110214476091,0.0383195460584224,0.0395230869994618,0.04202872941779,0.0369151032422198,0.0350821399844137
"52","Choline",1.812,0.035280121889927,0.0169889659319445,0.0775364520118408,0.0753413875741095,0.0713381342933955,0.0408870787718893,0.0346498211564325,0.0287487623157714,0.0210082128733909,0.0313675435956266,0.023870868089911,0.0330466836638007,0.0107602314374331,0.0231584251363113,0.0175382667201248,0.00987160545780178,0.00802966938557138,0.0108492905369978,0.00982008512199591,0.0127865029284552,0.0101633200654849,0.0298477000783761,0.084583012553324,0.0824427399606948,0.0776211669882738,0.0737019269632204,0.0241933244482002,0.0245687000496949,0.0266587311827331
"53","Citrulline",1.795,0.00149503203059704,0.000718586649174583,0.00460350571300003,0.00668801239959237,0.00194571761574461,0.0683111162658882,0.0802387806298653,0.0317350058556783,0.0328540375649568,0.0491633780144885,0.0156470273845485,0.00145663290937353,0.19012887978086,0.0136328635063814,0.0406076542889506,0.135997485984997,0.0908108734168994,0.124377097409411,0.0261044119897922,0.0143560565262406,0.0627656168579479,0.00147864830247853,0.00107505668759439,0.000724918407416246,0.000765143954892236,0.000520281369776094,0.000879558406704846,0.000918620076750296,0.013994460016311
"54","Cordycepin",13.169,0.0066265332651859,0.0434272280887955,0.0200691042456039,0.0112964306687433,0.0121883647196757,0.0253909569605281,0.0589879123142379,0.0396498443126121,0.0446097117648864,0.0553243755339804,0.0433418826167049,0.00585167365546219,0.16985136236109,0.0338654668687814,0.0606417734652749,0.0729370217403941,0.0451095225782041,0.0153709780600661,0.0171078891059151,0.00344202209605532,0.0355169188001004,0.00386841989343365,1.58883159295709e-08,5.98639960859162e-05,1.33843246214974e-08,0.000698875433589797,0.0990484064231698,0.075717431758783,0.0296282119146548
"55","Cryptotanshinone",28.385,6.34986679203177e-06,5.48783959829656e-06,6.18054327301949e-06,5.15538317990887e-06,5.37599154708878e-06,4.34822629024506e-06,5.10257788541533e-06,5.75762422286194e-06,4.76147445874853e-06,5.3613729553853e-06,4.56015076195685e-06,5.47931649439782e-06,5.93044696776436e-06,5.99766807807689e-06,5.74618858685886e-06,5.91195792626161e-06,4.88907471622479e-06,5.659332213116e-06,5.09490071817035e-06,5.82013134030259e-06,5.14036450762216e-06,5.88094957440917e-06,0.0828473386329445,0.42625531882696,5.53379769180468e-06,4.94389318574357e-06,0.285190390045385,0.205576483421745,5.59656495246034e-06
"56","Cyanidin-3-O-galactoside",18.957,0.01486311478885,2.37707777669546e-07,0.334402532495504,0.341507785174456,0.227883976515008,2.94773365008428e-07,2.92724578870056e-07,2.60612608458724e-07,2.90408478225701e-07,2.723184306562e-07,0.00391002317093191,0.0146949790257644,2.47842944117467e-07,2.50851568919752e-07,3.23898098538071e-07,3.12207405938231e-07,3.17523269063593e-07,2.57695800016635e-07,2.87249542784042e-07,3.26842676075669e-07,2.39262622153921e-07,0.01211704177165,0.0102408979925799,0.00977527459712757,0.0111990118384106,0.0111153772964634,3.2034656900454e-07,0.00828545306751836,3.22122333771305e-07
"57","Cyclo(Leu-Pro)",13.4116666666667,0.00498402543032778,0.0605868462104986,0.0187368794192952,0.0112200441967321,0.0122062327487399,0.0319163987283869,0.0305506091664767,0.0238590767766596,0.0355000248279571,0.0253607313486198,0.0321874033974921,0.00464594726381006,0.00569162697465191,0.00828163595506165,0.0105258410797596,0.00421047436348198,0.00432292428529487,0.0029614083194073,0.00127911352864243,0.00121270402447076,0.00276275570503884,0.00493502762145931,0.12452693534294,0.140238573826145,0.133546954653798,0.109669445136957,0.061199765143401,0.0928805945244939,0.0154715560840175
"58","Cyclo-prolylglycine",5.4635,0.00813020992513385,0.048220580889313,0.0101286308507273,0.00840901107591147,0.0115133405871016,0.0620632732326074,0.0644293164037804,0.0428088236082584,0.0283653806722318,0.0247855031761751,0.0297371035728717,0.0126774053230792,0.00976172645187787,0.00764725431281251,0.0118712946875228,0.0294122587393716,0.0124674432444554,0.0103973781516247,0.0177046741505836,0.0155609372880536,0.0118333560696661,0.0110735389600957,0.0557426472916513,0.0635141610669573,0.153719268712213,0.1554995506328,0.0253333283868623,0.0571926025362606,0.0212450886633794
"59","Cytidine 5'-diphosphocholine",1.862,0.000363528150409584,0.00101904652122234,0.000576286660613425,0.00051433335508463,0.00400966867246646,0.0013552255947366,0.0015929918542732,0.00758099933334088,0.00333549081009183,0.0021146277803884,0.00864020999523133,0.000331117064049897,0.152872745098076,0.0605142366976721,0.120928074898497,0.0583908778400694,0.0722660236042528,0.0757917843251248,0.182600533740604,0.134655586623185,0.10253969721355,6.60414950841966e-09,0.000678297413402418,0.00113408572459995,0.000531001236365435,0.000407183536481108,0.00235254815262532,0.00290379149943668,0.002628169826031
"60","Cytisine",18.483,0.000522869994354121,1.65949631330996e-07,0.0699668100344813,0.00699351028908814,0.0631755238032171,0.0530725290243474,0.170057855683678,0.0484635415617713,0.186101140789594,0.275560033192409,0.0936542307205991,0.000576487502320552,1.36143388196897e-07,1.74550143954864e-07,5.28893689693559e-05,0.00755841376190977,0.00657463178240718,0.00980227337307776,1.39209110076045e-07,1.53000824048604e-07,0.00117038414611662,0.0039624662276278,1.80113822630967e-07,0.000535446940667234,0.00219745729871803,1.69686105033603e-07,1.98637794608242e-07,1.8721382677363e-07,0.00168392072241733
"61","Cytosine",2.195,0.00527694506239983,0.0064735018782484,0.0530817210159063,0.0183371239264692,0.0392218529879921,0.0176075274717281,0.0226748709315715,0.0158930604115845,0.0104101246250364,0.00467755166697435,0.00641934619282627,0.00120746972371321,0.0694343127530285,0.0515299938227631,0.0608612165154103,0.0772021773335315,0.06173266143376,0.0718166785834594,0.106589970571215,0.0906848659360358,0.155078211259509,0.00478526902951113,0.00258170458878758,0.00298562720665679,0.00251723949401175,0.00291136216752275,0.0211288427603518,0.0168787706499959,0.0179723256990987
"62","D-Alloisoleucine",16.173,0.0030664606838577,0.017507606489425,0.0125375146235225,0.021526399636609,0.0085618977541854,0.0422113882404943,0.0468725109665399,0.0427716143979391,0.0579555849790135,0.0612602445200469,0.0616868449174691,0.00257189950597028,0.0623336138903515,0.0723446376667438,0.0723556473639151,0.033730572847101,0.0230714609636029,0.018412798930243,0.0196298524590228,0.0157251644221534,0.0269051567480901,0.00299422540114967,0.0385529977838926,0.0414085555418103,0.0107921224703493,0.0325962696228668,0.0755974450856156,0.0750195120880196,0.0331634212349839
"63","Derrustone",22.553,3.41274347249371e-07,0.00265366027123095,3.1471007337305e-07,2.71679946095534e-07,0.00350349768252764,3.8519797691359e-07,2.91188782152575e-07,2.96049525065688e-07,0.36452817542761,0.167792004220467,0.205496765759304,3.3101092170199e-07,3.17338198923142e-07,0.00263542114794029,0.00318814588418333,0.0516595412020327,0.0923655636951035,0.100768512829695,2.85186096499566e-07,2.6947436343828e-07,0.00540327419107797,3.42724565812807e-07,3.20273120253163e-07,2.97576104971429e-07,2.76921047598272e-07,3.80232518961194e-07,3.23737552805036e-07,3.93113686337868e-07,3.61478542387e-07
"64","Dioctyl Phthalate",25.733,1.38662396465023e-06,1.43982758918416e-06,1.75443878317741e-06,1.57629238631337e-06,1.51938451514503e-06,1.70646171801178e-06,1.44720830450698e-06,1.83382341943285e-06,1.77192297478922e-06,1.38750880622467e-06,1.61247984372655e-06,0.0126095352107561,1.9424855562233e-06,0.371306762647097,0.0377519396581869,0.23283859833647,2.00112598368066e-06,1.5539101794786e-06,1.86370421463108e-06,0.298938118165526,1.74780650482105e-06,0.0465187610452491,1.56981101826669e-06,1.71796811736689e-06,1.54056554466129e-06,1.8838668732638e-06,1.46592041469135e-06,1.56180000190434e-06,1.73288731109397e-06
"65","Diosmetin",21.796,4.33844960142401e-07,3.13260670987309e-07,3.88911723323337e-07,3.22748683082715e-07,4.49287734505637e-07,3.28795589582465e-07,4.12020154669723e-07,4.54816486143145e-07,0.134686849225285,0.0729356213150322,0.118860665399699,3.91171893374803e-07,0.176598691470211,0.116239755023833,0.123940348989339,0.0532371844326598,0.0324599826820487,0.014128656870954,0.0329623622221678,0.0433302353352741,0.0744335475966344,3.58830632874571e-07,4.52430836772088e-07,3.93580719817508e-07,3.6993361804828e-07,4.4748649988429e-07,0.0061802509929324,3.31323726076576e-07,4.53623661457617e-07
"66","Erucamide",25.2573333333333,0.00240265856883668,0.0171132070210246,0.00737525487339368,0.0271488809907242,0.0156393078777516,0.00956691524133386,0.017214416142143,0.0112082495810092,0.0097257604477707,0.0130095926130889,0.0159942405286202,0.0160517615183742,0.0114542714624336,0.044726424703293,0.019638020247767,0.38572492668502,0.0322519538578602,0.0213074032350631,0.0280863780127753,0.0486439516816936,0.0441926777178229,0.0348562096251358,0.0395335351829016,0.0258728996877927,0.025160764611482,0.0272287935109449,0.0183783136421459,0.0304932307317978,0.0204727117414151
"67","Ferulic acid",16.327,4.53361334271047e-08,0.00345871180075286,0.377612762559578,0.302759383365027,0.272158510551649,9.4773596363449e-05,4.28326440953707e-08,9.68914420922412e-05,0.000221524665263991,5.82471138791234e-08,5.25192246767321e-08,0.000147280186696145,0.00131101643499075,0.000139328275374831,5.50169512336493e-08,0.00100113164957975,4.15776753545841e-08,0.000181685189950674,5.5127276384706e-08,4.52661735880406e-08,5.58317491922678e-08,4.7044765534169e-08,0.0058748940618311,0.00983410675342461,0.00919439746526926,0.00684494732432466,0.00419744036656759,0.00487071551155663,0.00016448268832341
"68","Flavin??adenine??dinucleotide",15.6415,3.76889004811617e-07,4.19919951915626e-07,4.05419042906979e-07,3.57566839679029e-07,3.94081843058616e-07,4.40312206801141e-07,4.32813950484504e-07,3.51205653749692e-07,0.0459187675381561,0.0212919584238142,0.0261551030536133,3.54146466605972e-07,0.26186231312658,0.322585244416262,0.234274290969161,4.17685454761413e-07,4.67827996421676e-07,3.77734452318404e-07,4.31366845805675e-07,3.8810896099722e-07,0.0879040401821916,4.07191237687318e-07,3.64709521275606e-07,3.67593491225339e-07,3.75844472092349e-07,3.56114098731688e-07,3.93106314873309e-07,4.02652415567267e-07,4.06305140297148e-07
"69","GABA",1.76,0.00516899659293892,0.000293723105698936,0.00539638697679681,0.00490142927068998,0.00434398592902525,0.0599822877944099,0.0382300473733692,0.0676227947419286,0.0740071057362436,0.0578800444844929,0.0625888816701138,0.00311262325726042,0.155051589487535,0.144405388654378,0.180625979233701,0.023849484940889,0.0176241299234661,0.0199867013087423,0.00572656029476957,0.00300224476249738,0.0571970756191067,0.00466469762710432,0.000910881773241509,0.000456154273836783,0.000862918723801002,0.0011170922237855,0.000595686622489386,0.000395107597688127,0.00556147363578319
"70","Genistein",19.23,1.19458599055788e-07,1.40676409348631e-07,1.17686100711255e-07,1.58915848048415e-07,1.45010379409732e-07,0.00314785205992268,0.00321931210297497,1.53041651049417e-07,1.31386091472701e-07,1.46468454196907e-07,1.25614157623332e-07,1.09759760691865e-07,1.25933483574971e-07,1.42874167969969e-07,1.32306009410999e-07,1.23852645785695e-07,1.30390077871384e-07,1.45510756852733e-07,1.45895117054242e-07,1.26517418042353e-07,1.08398201030089e-07,1.1575032170002e-07,0.228255906907326,0.301428017915292,0.225367455865497,0.238578538416113,1.4044368738233e-07,1.30843535076067e-07,1.40560048365481e-07
"71","Glu-Val-Phe",9.8535,0.00687009508599324,0.0117874823757244,0.0120664967033033,0.013313159941959,0.0145245881024778,0.00105792728100775,0.00550007889047366,0.000166730530062036,0.00393343591505414,0.002820329686423,0.00974774132813141,0.247548588142213,0.00726167636254268,0.0120266943009257,0.0189812374055857,0.133399650911494,0.0779046835097046,0.100423240894233,0.05586894024526,0.0503397639664031,0.0312512958794882,0.0364291760879673,0.0363167516407466,0.0376724400023896,0.0213117203169428,0.0243222235183164,0.0132943447730501,0.0138595062021266,0.0141920471523022
"72","Glutamate",8.782,0.0236765834117409,0.0347928147919157,0.00303885436425299,0.00566604232534668,0.0018039530809092,0.0190688230053481,0.0209797722310944,0.0149192111965298,0.0220493258171626,0.0232259863512992,0.0297886872484335,0.0175000769046595,0.0244311265988489,0.0372034627341932,0.0332425834335987,0.0368260561796667,0.0293486253169664,0.0188494154441434,0.0602327422759751,0.0617052376466029,0.0480252665253091,0.0237766465310929,0.0898849690510592,0.0864028478735674,0.0846733204270386,0.0805113251886894,0.0193549666541494,0.049021277390406,0.0268898759579077
"73","Glutamine",8.21571428571429,0.0199918123588301,0.133086530447568,0.0124213469813974,0.0120980665637663,0.0152454211176459,0.0137471160231466,0.00868715446703459,0.00784066545278092,0.0149172732454409,0.013177558347168,0.0132713110422512,0.017221298746155,0.0165291365282778,0.0137130147965164,0.0173070156457491,0.0182293427077065,0.0235201096815414,0.0231381610027142,0.013107993064926,0.0122808476452285,0.0107138832550504,0.0189434754154718,0.0798113327318897,0.082017561161262,0.0610269523733274,0.0628108445739816,0.131649928406539,0.133494846216633,0.0168752176372164
"74","Glutathione (oxidized)",2.225,9.61533297165400e-09,0.000260255520477284,0.00360489740042153,0.00431624705731715,0.00322952816570028,0.0871469628772799,0.122570642195042,0.102260157276876,0.0586684824748649,0.0769061465048777,0.0404341315901498,7.24429664623509e-09,0.0907062864450025,0.10594442548561,0.0852963759120382,0.0388160435110893,0.0542623175222387,0.0673336378362667,0.0170271651619975,0.0179823203559487,0.0221221677449544,1.07891820277162e-08,7.27663294877034e-09,7.58850465407113e-09,9.86132067011822e-09,8.25668488420955e-09,0.000513566456924265,0.000598181872968482,0.0175047427589731
"75","Glutathione (reduced)",2.125,0.00885065332113386,0.00132003504682288,0.00263672791226703,0.00496493703589808,0.000963206545530569,0.0089492983109185,0.00340006188352657,0.00631803942272577,0.0102583573302589,0.00815189687719611,0.0441391133878962,0.00802331151256027,0.202114658925263,0.336101013988713,0.0578985196503871,0.00192513445348821,0.00353116654397443,0.00304389169068765,0.179900774432799,0.0278540181255358,0.0278971753085666,0.00622568634258217,0.0115646944973402,0.0110154626907672,0.0110772044278282,0.00859512836299564,0.0017970934593042,0.00148273851303337,0.00837351262009588
"76","Gly-Ile",2.38,0.0357476386323861,0.0349150698550812,0.0357029458955536,0.0322488314200678,0.0367702367723226,0.0190269674760658,0.0205224405312575,0.0174625734507508,0.0312603119675651,0.0279342918205631,0.0290826151471165,0.0415209094340538,0.023261623409078,0.0242820157118064,0.0229307589408791,0.0329064266955172,0.0260595829675065,0.0304079162718051,0.0284317795920771,0.0267004720068389,0.017818732247245,0.0331527957887272,0.0745993420825228,0.0751176923538232,0.0709407929652804,0.0663020551934068,0.0407210074275478,0.0441721739431546,0.0317545716938165
"77","Gly-Tyr",2.823,0.025398031829914,0.0320551195400526,0.0487599388275015,0.0415637964694637,0.0428244643893462,0.0118174366499215,0.01332156164421,0.0121043208570326,0.0279090150668788,0.0298361091280553,0.0290780016679639,0.0288657629074282,0.0302854010919856,0.0366045177846117,0.0279639688701722,0.0986804941930719,0.0844823348980363,0.0959255248081155,0.0616183054645432,0.0590858694826143,0.0248738863567624,0.0285675482030807,0.00634032422090032,0.0064350343373587,0.00640641383423989,0.00586134914819487,0.039653843797994,0.0436816245305503,0.0294570553980096
"78","Gly-Val",2.007,0.00686398790895505,0.0781389508938006,0.0147331078202658,0.0146526530659514,0.0149446894826496,0.0331475657661308,0.0406940112900054,0.0274717904535289,0.0337707005043539,0.0334552102516379,0.0384434531489314,0.00797097034330518,0.0293867522687837,0.0293940850575804,0.0339191066211184,0.0112968445542153,0.00983924015678304,0.00990582865378474,0.00760249161388588,0.00639694482510634,0.0163164431046331,0.00713405946735384,0.0785053703987156,0.0790078973325055,0.0713973008729432,0.0639211504501779,0.0953665894183524,0.106322804274545,0.029390418663182
"79","Glycocholic Acid",9.121,0.0010151972838549,0.000666642940511365,0.000517891477893478,0.000928661461169159,0.00677100881166346,0.000587130618879464,0.000950832662257026,0.000773620296114998,0.00186781886327885,0.000601544520295926,0.000375953859581554,0.00137465377808798,0.000811410924919612,0.00216170520961377,0.000971693508670669,0.00112238429620641,0.00314761606649977,0.000485447096159696,0.00371505205462565,0.0279858082299079,0.0229754312691718,0.00187568099132419,0.226401180598113,0.238449944241788,0.223482863496056,0.225281561150269,0.000622667437644414,0.0040785968554423,0.00124851903714719
"80","Guanidinoacetic acid",15.54825,0.0119970323035599,0.0768963759657436,0.0415620839521359,0.060686049621753,0.0551912228094076,0.0177564096914988,0.0216154396087284,0.0166302667620835,0.0291576640995081,0.0356377736097587,0.0574369706981889,0.0047425704738907,0.0584161654681259,0.0840329567706917,0.0758452500809172,0.0258174833093747,0.0170109529550981,0.0215446811257162,0.0163907321421321,0.0389783388573816,0.0366231160406215,0.00721607409615054,0.0183521688982036,0.0348157374614365,0.0328244274293236,0.0257978105269218,0.0431129774824836,0.033911267759164,0.0333678475942438
"81","Harmane",18.515,4.76470152302043e-09,3.83976653212615e-09,0.00945628255623548,0.00893809965039818,0.0142799766946438,0.310302808087007,0.22443076413211,0.0744786101853795,0.179254290765042,0.0920698639911147,0.0289477098070375,5.09585662184095e-09,0.0100349011741971,0.0199401081989359,0.0171237720185677,0.00147656798490167,0.00179273208031697,0.00107935248944394,3.96589686876858e-09,4.03668952090325e-09,0.00242121371582296,4.17530084457585e-09,0.000823688096906921,0.000725490729830645,0.000525494738243866,0.00189823861351839,4.5296440666906e-09,3.88248973165726e-09,0.00184548534691768
"82","Histamine",1.795,0.0228747946473759,0.00967682388485577,0.00586998171090075,0.0058957099155499,0.0057843245969724,0.0160516172708633,0.0101340699155707,0.00658726903139598,0.000892617522617633,0.00650195044647617,0.00340964562449494,0.0106122537335947,0.124928658489488,0.000744119222459895,0.00549541095640882,0.000357162016162284,0.00186604609321943,0.00187101273113926,0.00571671618032136,0.00249771803623941,0.646975805359584,0.0153828369836468,0.000656588605525372,0.0179727879438709,0.0244789120356578,0.0196036954976644,0.0135620471177473,0.0135994244301972,0.00654460973893607
"83","Histidine",2.1435,0.0013543870166101,0.464673760854676,0.0102171284821197,0.0098566070080092,0.00944265068725543,0.0169142382109018,0.0304344555522996,0.0237235091730735,0.0318039703941773,0.0336223429246627,0.0330793237823949,0.00139053209438162,0.026657903249133,0.023816720840504,0.0380846066533698,0.00327688219377813,0.00552612862789087,0.00480217366703894,0.00896792449586449,0.00659188550652937,0.00761042465399056,0.00143175658361568,0.0135496045819848,0.0130563852178591,0.0128775716360534,0.0122935145817337,0.0762906417248823,0.0786529696052095,0.0129669784269563
"84","Homoarginine",1.774,0.14167325944825,0.00448790147529461,0.0906551940309355,0.0888806328187747,0.0907797148991455,0.0182131826532764,0.0225218733678306,0.0241952613745708,0.0167761118692118,0.00950502977401129,0.0133583585105593,0.174846303183908,0.0115368017778626,0.0120986354022825,0.0139341174285522,0.0178393873975545,0.00841582865868495,0.0124956057086934,0.0132091353498159,0.0134018304927861,0.0119934508417474,0.114496801355188,0.0176664600925102,0.0156980442343573,0.0154341916292407,0.0146769686121106,0.00576344485781123,0.00544647275503366,0.0150555801206757
"85","Indole-3-acetyl-L-glutamic acid",16.253,0.0040419254656067,0.00252735530025637,0.328632528646504,0.192235618704236,0.13950254919002,0.0310597042193747,0.0170597721005089,0.0235187160398284,0.026094394128722,0.0190240966371547,0.0365503785804299,0.00295289771830375,0.0208860805470184,0.0338008914959637,0.0262027943615953,1.36042854672749e-07,0.000818224104536008,1.14390583895143e-07,0.0301478421538929,0.0165659870615384,0.0160446078737096,0.00487758717781965,0.00453014834978521,0.00549564473556823,0.00707432426456748,0.00768079801166162,0.000611288122728289,0.00206359457523139,0.016305297467624
"86","Indole-3-carboxaldehyde",12.9725,0.0113054576270434,0.0225118186888899,0.0308573659395007,0.0296339323436828,0.0494874671040277,0.0447593994891095,0.046399397952913,0.0355845014121248,0.0541977062067904,0.0672461187421039,0.051169339571833,0.0138396951687195,0.075277069401872,0.087873805662433,0.108942461147116,0.00925735166339038,0.00786626228954158,0.00735174574659584,0.0138030968183016,0.0161126638409566,0.0293594631013082,0.0115525734582304,0.0249539957574652,0.0301848412644386,0.0258477772822099,0.026212267830272,0.0346223757731162,0.0337900487160141,0.0299093868040607
"87","Indoleacetic acid",18.653,2.48796245119153e-07,0.00586780171460412,0.0620289136613987,0.0320122421703907,0.0731598913758855,0.0627727777882577,0.0588442397465775,0.0398594240513382,0.0583964821137475,0.0299502903875471,0.243695824480468,2.68907013908242e-07,0.0190753026736698,0.00895929023215491,0.0467011750725481,0.0378215781434642,0.0296012948842565,0.0372513122953038,0.00325141480746075,0.00938725946015918,0.00713983635572147,0.00159890310992095,0.0216823350621683,0.0272612260663164,0.01029590703084,0.011045887573736,0.0201093367731102,0.0422295352656956,0.0284312604752864
"88","Inosine-5'-monophosphate",2.369,8.88942970669479e-05,1.13647806927454e-09,2.85097239869055e-05,3.29507289098504e-05,1.2092481062892e-09,0.00033137098354774,0.000155449357331082,0.0001067674323588,7.80220186757382e-05,1.62022778374549e-09,1.46036543861365e-09,6.76658570728708e-05,3.46071037189488e-05,1.20414598340761e-09,3.72149665606781e-05,0.149491161093867,0.1637470105835,0.182151806180925,0.179004752966062,0.157341631338289,0.167076932814837,0.000113685361403387,1.16132414431409e-09,2.59313223571957e-05,5.89409736910851e-05,2.66842199976949e-05,1.35114489212878e-09,1.53290647059168e-09,4.80779701258816e-05
"89","Isoleucine",10.537875,0.0171117455293196,0.0634959064505151,0.0156979604178983,0.0123312145741297,0.0118458215144342,0.0437004945905033,0.043003596727356,0.0379751956663216,0.0485066982340832,0.0548804753194425,0.0501908932952957,0.00632085531680803,0.0523347748879327,0.0600700398611141,0.0578312848566669,0.0316863343629428,0.025158279667058,0.0125001820853983,0.0173343754255392,0.0162045900297653,0.0270068660212389,0.00608536674860601,0.136416238174598,0.0398647977488532,0.0183962105770849,0.02214130547238,0.0347230140750734,0.0371854823696413,0.0332046742190081
"90","Isoleucine (not validated)",14.5128,0.020719862095419,0.0755025303850963,0.0113812163104986,0.0093938249539199,0.0122945351275026,0.0289395583185844,0.0329366408209012,0.028353200942569,0.0380771770968591,0.0450293976486542,0.0425831079397351,0.0115723440697095,0.0411502397505236,0.0484843109173559,0.0550162399084489,0.0277145539272555,0.0174882771908647,0.025155663695727,0.0147030596594637,0.014869957675176,0.0185190869781953,0.0106102958874917,0.031996545959518,0.03703294770322,0.0531652223869386,0.0279413139794475,0.119968362726739,0.0994005259441858,0.0286463796305767
"91","Isopentenyladenine",19.876,6.94259160030298e-09,0.00188897863271961,0.000246340184766648,7.01878695060892e-09,0.00113228455972331,0.00280518580485652,0.00836794838607623,0.00940898748049942,0.0779508147906564,0.062641377506924,0.0804085850381764,7.5611795130068e-09,0.245327123100608,0.10232651323575,0.157237904466985,0.00197227891464666,0.00691860135237127,0.00334925593644845,0.0438076927515284,0.0185965311889041,0.172071821397262,7.94707571732026e-09,0.0016698597296232,8.35250573020291e-09,5.98955679764332e-09,6.45574659019688e-09,7.15718753705304e-09,0.00187185811684326,0.00238873235975159
"92","Isopongaflavone",24.14,0.0351981235567162,0.0413713932039417,0.0317658730131491,0.0305063908115596,0.0396410035914638,0.0419617101755022,0.0421830850120824,0.0409350823556934,0.0371439771789811,0.0392821632739877,0.0388017723140044,0.0337584674289339,0.0357558195781281,0.0403713691797111,0.0424670552257125,0.0369700404581162,0.0327041174361624,0.0282461924321625,0.0338380944404139,0.0380433215125063,0.0364361503647972,0.0346054071258859,0.0328574381792619,0.0309658257782474,0.0327963574815832,0.0285549340323755,0.0321462309548355,0.030692603904085,0.0354769715674221
"93","Kynurenine",3.748,0.00347689342552797,0.114727883612007,0.0183612941810842,0.0153878379140098,0.0132211130709585,0.0241925165770001,0.0217515148201997,0.0199551135080334,0.0257814315627964,0.0239021403460268,0.0192748879292655,0.00279707327229543,0.0317664802537493,0.0264551441765134,0.0370211613819884,0.00501378316037575,0.00501131137243475,0.00455918343112154,0.00478244211863876,0.00216583879208301,0.0173608739771343,0.00332870385325584,0.109364757692198,0.123113980027169,0.10743944413805,0.0982827384062356,0.0584859586097148,0.0630184983901337,0.0208533141641165
"94","L-Glutamic acid",6.24,0.0302934398021861,0.0436461184728832,0.00696044072572567,0.00616625646305411,0.0221318198046498,0.0214774148465279,0.0262807093672319,0.0212999572798315,0.037368476332168,0.0371975476534061,0.0361768820862089,0.0325986253157041,0.0533704933723415,0.0497188891198368,0.0605739608983224,0.0354631783270475,0.0353083086885638,0.0279608187123558,0.0512360259464079,0.052816268895888,0.0565907654540151,0.0303745329002671,0.0289478769398368,0.0269267576886278,0.0234783488928772,0.0271293890910054,0.0634711933421143,0.0550355035809154,0.0339534670021339
"95","L-Histidinol",1.6365,0.0485881037455372,0.000558997551160346,0.00166535220778218,0.0015688888102015,0.00142195110012993,0.00413219175226047,0.0194044885154503,0.0100566831249125,0.0389277507829439,0.0119697586196644,0.0144182034385841,0.00101516141374243,0.219797613857857,0.0542229643308741,0.185176967487516,0.0334600290279028,0.0262814513949062,0.0735715811950144,0.126100580870616,0.0644980630457027,0.0600813452509877,0.0013422845391876,5.88141664487338e-06,8.49302111457011e-06,1.61892748424415e-05,0.000211749705651426,0.000804960460266523,0.000692314058546439,0.0110132208722884
"96","L-Saccharopine",1.87,0.00620673940643321,0.00166704031099895,0.00498120518758428,0.00356228597486241,0.00673368472818977,0.118158394127617,0.0345376864612611,0.031288351919115,0.00192046798198865,0.0206885543612657,0.00127508874475852,0.0144440553378644,0.246414809781602,0.070181007384613,0.209863591461443,0.00957718955818604,0.0726362119946179,0.0343085455456129,0.0433184166496056,0.0103205491115691,0.0280124125470378,0.0049202383107945,0.00439482322128342,0.00537977765967886,0.00565337106451727,0.00400553819836182,0.00259463376641077,0.00295532920272643,0.00815543714318791
"97","Leu-Leu-Tyr",16.9835,0.0548642065947208,0.00759940883847593,0.0956903330969368,0.103486702848119,0.113410717657333,0.00408531377627171,0.00191761066897432,0.00448110175021944,0.0115342876780572,0.00482312353966148,0.00430600928924815,0.0843895596911901,0.0121830077364075,0.00762045507075854,0.0149508576404166,0.0516584342886967,0.0353566367349301,0.042099447142635,0.0387844973612081,0.0374902601430953,0.016114355544627,0.0662137294046447,0.0368840971656823,0.0536597644503213,0.0400827130963779,0.0263232287119255,0.0146764912726742,0.0153136488063914,0.0308399327234278
"98","Luteolin",18.746,0.0182769675967723,8.56179573297784e-08,0.33975324393422,0.353697739698542,0.235506520816776,8.90791905401479e-08,8.68908379296487e-08,8.97330828917258e-08,7.83877187481326e-08,8.89377956993394e-08,0.00310804694889261,0.0236795164086591,9.34531580657365e-08,8.19848350341142e-08,1.03386945220486e-07,9.85388895389102e-08,9.19588888581144e-08,9.87983932517342e-08,8.6474353382796e-08,8.20209716010828e-08,9.30384034093536e-08,0.0243691851758519,7.74507955287139e-08,0.000949032038550267,0.000658064396434127,7.44641490030573e-08,9.70398772344216e-08,8.57290594065967e-08,9.32457807375451e-08
"99","Luvangetin",21.2815,1.36277324673409e-07,1.48825484378516e-07,0.251295678761477,0.324652896724181,0.244099046237678,0.0021792207874796,1.37523397944296e-07,1.3039520826186e-07,1.44815187322353e-07,0.000316107083602075,1.49782595005798e-07,1.46301830222273e-07,0.0385748844808433,0.0381484829936322,0.0363515153654497,0.00304881115854082,0.00176442510224799,1.41077371885055e-07,0.0186669127488588,0.0165893640951602,0.0194771027038637,0.00168307182655414,0.000597070168236512,0.000477245429158672,0.00117201271678175,0.000904755540003466,1.2889130628798e-07,1.32186544513676e-07,0.00103838412839261
"100","Lysine",2.119,0.00158428117284689,0.0185152048304622,0.00391367199538916,0.0036381152245852,0.00320432932268853,0.0666421235523886,0.0695839129533041,0.0478045199650692,0.0665340719013548,0.0666283432075974,0.0691275493296375,0.00124754284790784,0.0547378036302808,0.0748168785791629,0.0739762864145284,0.00726640368950688,0.00911581676349416,0.00747629948902632,0.0996073644022062,0.0832420186144784,0.0211017523331841,0.00171309984285577,0.0244290961498396,0.0262116644586932,0.0273565944116451,0.0244569759557157,0.0224163153102129,0.0236519636519382,0.0244430360527776
"101","Maltol",5.0595,0.0168514639298268,0.0811694375710009,0.0283568257832568,0.0240562237204146,0.0266145588338739,0.0281192618324431,0.0108459525963153,0.00952644252472755,0.00381180565671309,0.00236642015938979,0.00200703168891198,0.026830815585052,0.00123202269115199,0.00560199833653117,0.0030377661018007,0.00173388782153571,0.00142180542580317,0.00143893451033256,0.000757372803876331,7.58011149869097e-05,0.000247407271827515,0.0132241083692225,0.108740014156015,0.151404203345001,0.113455551724843,0.0971286121536419,0.141039360181338,0.0989049141101657,0.0120350304827689
"102","Maltose",1.803,0.0175135357057394,0.00935769571371014,0.120686061084673,0.116792871984881,0.111972655562847,0.0130437894606662,0.0154895354211801,0.0175322026368058,0.00145248786286028,0.0010421061415657,0.00199483199325897,0.0175182460528309,0.00178292937260987,0.00161040079529268,0.00158555516819574,0.00220974400232765,0.00341385313079616,0.00236110993998572,0.00150202888993499,0.00187772753084478,0.0016404801413802,0.0136064530204422,0.129124153603449,0.126917123381339,0.128267350190367,0.125742899757514,0.00711985439406085,0.00684231706044102,0.0082387750538855
"103","Melezitose",1.778,0.0095125412922204,0.0393735201832847,0.153569552108321,0.138489069031582,0.154352929324558,0.00127871741895009,0.00205916195526095,0.00134197059450043,0.00115328190599491,0.000861715252937628,0.00307066635967787,0.016679496288714,0.000306941409193166,0.000774334620503231,0.000451852713682535,0.005449960569044,0.00544887047556658,0.00348340355125038,0.00421123847608341,0.00487946160322015,0.00348088849414606,0.0095482392963984,0.0914799331354143,0.0979694677691769,0.08644773551916,0.0855316311234972,0.040499733596977,0.0382936859306845,0.00544941552230529
"104","Melibiose",1.777,0.0172819015952163,0.0133248596813769,0.0124554865517546,0.0408257461606957,0.0598822307613726,0.102541006073905,0.0801437737230741,0.0913833697942951,0.0209177016492131,0.0147701117206001,0.034998844906703,0.0159310854746749,0.00229691260355312,0.00408781702803688,0.00227360190200922,0.0412144569779522,0.0310017592566652,0.030282665930256,0.0154593936007815,0.0223403974791631,0.00418270302345282,0.00259807940440976,0.0949926496904727,0.104786834968132,0.0952671768585954,0.0123108711688212,0.0177750089384421,0.0146735530763758,0.0193463552938276
"105","Methionine",7.62518181818182,0.00481692714771563,0.0780373301580504,0.00225941429904816,0.00172883092003838,0.000727750180023421,0.0387715747421025,0.0395171163527738,0.0319070195120986,0.0511012126004303,0.0555690295469184,0.0497729949214564,0.00504714819126208,0.0502808674145767,0.0539337523514206,0.0518072814972424,0.0370587074211238,0.0200490753389894,0.0208080897645025,0.0264633990082427,0.0262511266587271,0.0298254353026755,0.00562666164800266,0.0403116244364878,0.0436563696509697,0.038470042566591,0.0375482397108514,0.0810339461173633,0.0776190325403155,0.0380091411387212
"106","Methioninesulfoxide",1.768,0.021494547782253,0.0381090051666667,0.0498739106746868,0.0454319234036706,0.0618672968217028,0.0884057135492863,0.0800667046487785,0.0576835619528265,0.0279292367902864,0.0513806856207691,0.0235548740113124,0.0202507027203922,0.0573922758592489,0.0267768836882473,0.0626315296934389,0.00888178299807026,0.0173559157395013,0.0130867901527817,0.00642172284306576,0.00523479330111285,0.0319615279191346,0.0236178435880724,0.0204695575936307,0.0206388085900046,0.0211163795105367,0.034765130669288,0.0402001412316478,0.0434007534795866,0.0299453823547105
"107","Methohexital",12.33,0.0152961089684351,0.00980871774867948,0.0345839015983947,0.00771180303094563,0.0366659816738916,0.0277947705223487,0.02583384002512,0.022176625244415,0.0480394926704505,0.0359947141126706,0.0159375170574612,0.0182188187706912,0.0450566835483627,0.00855528557351963,0.0574195510694921,0.0119395809746094,0.0143747445541173,0.0583309306284582,0.00894555077698341,0.00869916258444573,0.0330966336202822,0.0213507350660322,0.0447539997904131,0.127808311888083,0.118459063899841,0.0331328643811301,0.05360476576195,0.0564098444587761,0.0304457020713155
"108","N,N-Dimethylarginine",1.863,0.0587969211494048,0.0124630866125356,0.00745310504956445,0.0107163772973939,0.00971878009344519,0.040297332926065,0.0502007364911512,0.0479649297495122,0.0391486487493247,0.04660571972397,0.0430013847374012,0.0548151073681829,0.0529468793812819,0.0443690220696481,0.0492945828377044,0.0220204569642969,0.023333198620669,0.0245031215194036,0.0467854568122736,0.0478164200598391,0.0495568838952546,0.0492794986859788,0.0338722274757535,0.0338980253070384,0.0345299869459019,0.0351885918740045,0.0164041025019951,0.0150194151010054,0.0397229908376949
"109","N-Acetylleucine",5.538,0.000543599839345856,0.00170326259471194,0.0135507336264216,0.0174099801846674,0.00966924569763159,0.0417701351358017,0.393634563541567,0.0119780958685582,0.090248198483558,0.173643680890127,0.0597462215829614,0.000448561195367876,0.014373076611219,0.0104100101010394,0.0073320348982546,0.0596668556146001,0.0374424369129863,0.0129939503011159,0.00678112882630513,0.00553085265301752,0.0117660883587652,0.000374772855681808,0.00367972527827873,0.00394793546379388,0.00281478949268794,0.00445011795301765,0.00180551527908403,0.00228443075943286,0.0100396278993355
"110","N-Acetylmethionine",3.984,0.00136232461966671,0.00140948209067294,0.00340619095308911,0.00437337160880768,0.000598031081604702,0.100612775623026,0.145503012327912,0.0635039671727196,0.0690120628170372,0.100476774980337,0.0529250580488001,2.72405054690553e-05,0.0771272829847853,0.105383115119225,0.0893526102084856,0.0215984349901473,0.0132036115354943,0.00351887043725014,0.0052002354671242,0.004562377415985,0.0277848073860267,2.56950436203126e-05,0.027438442931872,0.0286596780232123,0.0270800489368406,0.0248342283321028,0.000472389210225834,0.000547880148459014,0.0232163316611251
"111","N-Acetylphenylalanine",9.521,0.000900119084445253,0.000725225371972584,0.0149960688094887,0.0151084242650038,0.0130692702810767,0.180127911159196,0.339073784572894,0.0665143713114558,0.0716778539177675,0.109775139704064,0.0457522535363292,0.000383890865256382,0.0193900357533432,0.0115554810038919,0.0161150217760178,0.024591981638461,0.0138745983071556,0.0109321991595565,0.00582645315251002,0.00440039416274478,0.0142770872597583,8.74218476025206e-05,0.00439760986818016,0.00511680815940356,0.000177069463614489,0.00490236746065967,0.00339031211541931,0.00286084599273156,0.0123123756424843
"112","N6-Isopentenyladenosine",18.998,0.000238539224224971,2.98473068236117e-08,0.00254152970390487,0.00126045668597398,0.00289844862663268,0.0188059510370107,0.0232174858726618,0.0103683199007837,0.0145635633524511,0.00936369218916506,0.0158994296226334,0.000976553056076096,0.00571972903025706,0.346446334615758,0.298854814192597,0.0491043099943098,0.0309992718669955,0.0364025518553446,0.00684214316463878,0.0504841210460734,0.0603190224915485,0.000371644874125599,0.00313616150250583,0.00143915981415957,0.00498963966721568,0.00333668870254714,0.000788760096020498,0.000631647967078576,0.00628093609744792
"113","N8-Acetylspermidine",1.755,0.00856685982629322,0.00617127325405689,0.0239893952871691,0.0265017293188789,0.0213246555315919,0.0483497343016248,0.0217985661894387,0.0400285355744609,0.0593660194849549,0.041505129941934,0.0448582239222486,0.0158836229953659,0.0400983548839213,0.0252710455870896,0.0307561697047386,0.0555211806220138,0.0525724377118056,0.0542491756738159,0.0740493869304445,0.0588552538057686,0.180415860918224,0.015926202079713,0.0102890745522336,0.00761109917409715,0.00720045876429824,0.0086082319685293,0.011569380410309,0.0086629415849796,0.0258863874529843
"114","NIACIN",3.5045,0.00218870598952423,0.00631841713235345,0.009084802795463,0.00962572836374986,0.0106101754239903,0.0551221543768764,0.0631562889742437,0.0534201131262041,0.0528565087926402,0.0384930365531368,0.0427245601621475,0.00229092720722162,0.0575294490861183,0.0664061203710512,0.0517365521726191,0.0353126291078331,0.0319796584378718,0.0361148371368528,0.0828883097486261,0.168577973335485,0.0800400409526076,0.00227310141253223,0.00543031249501311,0.00556420517485225,0.00486123309057705,0.00510063419139811,0.0107736945990712,0.00951982978994024,0.0336461437728524
"115","NIACINAMIDE",6.6325,0.00128847284431347,6.8422429857476e-05,0.00873049571390155,0.00761587159884427,0.0122865875091214,0.0294654730306998,0.0188779161162883,0.0173129024145847,0.0166069645694005,0.0208821132797428,0.0149897473030321,0.00132138907692072,0.0470706232405733,0.119280708728322,0.131520233573627,0.129927683237066,0.0722671784186394,0.152169451312705,0.0911005601996383,0.0551239051623992,0.0188876863757353,0.00104898195040992,0.00528036767270796,0.00754359081577219,0.00895132552788586,0.0101808297726025,9.82600444865656e-05,0.000102258080722237,0.0157983559362163
"116","O-Acetyl-L-homoserine",2.0595,0.00379602299318864,0.0209263686635212,0.0105394209126133,0.0136920786711676,0.0115973592055509,0.0588680158297976,0.0654735550056052,0.046037683801725,0.0313847191714901,0.0441161224492492,0.0418620197407184,0.0221814264712895,0.038868818617926,0.0842720639606582,0.0535565450074024,0.0595164918307194,0.0334397633215597,0.0362085869069097,0.0153387051379455,0.0220005345445872,0.0246751022681332,0.0370140212247076,0.0343721255216381,0.00904260169838852,0.00645999380693762,0.0090651447908096,0.0913771266568978,0.0743175817888627,0.0339059444215989
"117","Ornithine",1.574,0.00365755071681129,0.000499489549836018,0.00347239918134467,0.00353416026916121,0.00155222816874162,0.131444516481121,0.129944163758901,0.0658653547110641,0.0443099930357349,0.0674075908893142,0.0362391331166582,0.00184762031531529,0.0402145857544619,0.0504268955273355,0.139303022431981,0.0688923417008846,0.0663819556050424,0.0881596161070485,0.0246232060931293,0.0158549697723737,0.010918311336156,0.0028696880674232,0.000375140750896659,0.000313359118348815,0.000376860465757494,0.000352162073198903,0.000481750987132343,0.000681934014825999,0.0133866405542648
"118","Pantethine",17.971,3.26400622313125e-07,0.0052215076878676,0.013362223505495,0.00861571656856335,0.0045493977817814,0.120403535018984,0.133135386212721,0.0518262440644178,0.0430263435312059,0.0946269353114489,0.149054104689523,3.11770134349282e-07,2.70064120881747e-07,3.79807020864258e-07,2.90555865165742e-07,0.00583033801545611,0.00664839486429019,3.678496077397e-07,0.0059251227458016,0.00328676823465071,0.00802142708028921,2.99171560981316e-07,0.0806189908304752,0.0686677672880778,0.087759889307839,0.0733073721285687,0.0147018656460314,0.0214084238675791,0.00831857182442628
"119","Pantothenic acid",3.346,0.00374873932736401,0.00223855664145239,0.00992576781684538,0.0100284982735276,0.00859998597944493,0.0786393466495862,0.0565521796065292,0.0962273983277987,0.0343961368998787,0.0824443777217588,0.0438636977279859,0.00327908157082873,0.0776243902965064,0.0891300440405275,0.0925923800579997,0.0785459078703884,0.0457260984341649,0.0446465805826986,0.0297267983247522,0.0237883113691141,0.0319383267854285,0.00317070061779552,0.0128582067754392,0.0133017755574921,0.0107073079157453,0.00974145209519794,0.00377874734991239,0.00277920538383661,0.0267575548469331
"120","Phenanthridine",11.55,0.000284132362291157,0.0081552461436555,0.0264722920208844,0.0760191411434508,0.0301305399249709,0.00778057283463672,0.0504859380724419,0.00670562872508199,0.148224015273164,0.0815121772761994,0.00194391850020103,0.00185184666790071,0.234892914991586,0.0336641737434404,0.0790298681898774,0.0275265473054139,0.0131472452982567,0.0110019059962776,0.0251021056937396,0.0273704407165874,0.0381429325749005,0.008125197046843,0.00501120083364155,0.00635991102318093,0.00629294571427272,0.00864504204774054,0.0205069120795795,0.0156152077997833,0.0180610599396814
"121","Phenylacetaldehyde",8.6635,3.24285944323211e-05,0.00219012257646515,0.00415365024492979,0.00491043856096229,0.00280924902173767,0.0129072949161364,0.133715737663518,0.00560545493280827,0.0109021017565382,0.00814346657410188,0.0823930232949309,3.07191664054751e-05,0.103009339535854,0.0613896721890632,0.352739227691309,0.107224334393051,0.0731960904495693,0.00627748859058449,0.000852938528415615,0.00085894718926252,0.0203679808900275,3.06326811355008e-05,0.000777386785536158,0.00089448843736014,0.000733893391971595,0.000946211028098487,0.00140999985485796,0.00149768106093639,0.00453204440294604
"122","Phenylalanine",12.69728,0.0199167028247254,0.0334759166482963,0.0290630105781034,0.0246755306607036,0.0251183482578396,0.054208826243068,0.0449068607621303,0.0456616820897428,0.0449244527314594,0.052966689313451,0.0510335764533807,0.0197028926992703,0.0497406107388652,0.0513183759620757,0.0654355602109286,0.0342040215886104,0.026136231538282,0.0245427872193854,0.0223477376805928,0.0220479451429107,0.0250607457788804,0.0235792251364057,0.0336648511615667,0.0368209063659387,0.0347794230465593,0.0316334031403677,0.0371133483538018,0.0359203376726582,0.0339344363750885
"123","Phosphocholine",1.709,0.0160992165032765,0.00634517658551158,0.0214682089598198,0.0209565750606569,0.0437945688306903,0.0346284287161226,0.0294275303059198,0.0789471091854333,0.07553812838704,0.0360809967758623,0.0561814360773529,0.0163293914046072,0.107343785000606,0.0877231462743382,0.107862764584075,0.0453188033874999,0.0159269767123053,0.0280258331859133,0.0215688490879042,0.0248362042017444,0.0468416080978467,0.0148159839854604,0.00844861035004529,0.00622440924192157,0.00744120453117615,0.0077265702908025,0.021125716175866,0.0129727681002016,0.0232025266448243
"124","Phosphonoacetic acid",11.998,0.00122539338901447,0.0420870996614955,0.0319612013559302,0.0370625880720239,0.0315220652924807,0.0271653086065434,0.0232967191961124,0.0346739174317159,0.0351109388723036,0.0427258715465526,0.03726186797228,0.000598582548405603,0.0317636242041483,0.0478376077145531,0.0599464692751045,0.0650900671932402,0.0717171825488858,0.06546747708459,0.0619509413246533,0.0769741941902419,0.0815054213217008,0.00357692135363552,0.000315122804393587,0.00372957723262036,0.00556578153870724,0.017442517320745,0.028441044658738,0.0339844962891842,0.0343292068604501
"125","Pyridoxamine",2.165,0.00823833359424831,0.00739629367862918,0.00383249746850012,0.00455784961996413,0.00396784533800584,0.108211846039609,0.0937643109309293,0.0516698672047818,0.0734969451938297,0.0762494349444705,0.056313571763628,0.0101841659416978,0.0566216161045241,0.068566660028808,0.0644568800667261,0.0463345889050321,0.0619499740532974,0.0315298288278512,0.0188070865075386,0.0204098681848455,0.024278777346175,0.00350585690241627,0.0353133302114388,0.00406994713164157,0.00259524518086632,0.037947201597447,0.0122349250055405,0.0134952522275581,0.0279043030870131
"126","Pyroglutamic acid",8.12655555555556,0.0102392293098396,0.0190810282637982,0.00883114178803803,0.00677265643575806,0.00652447850946843,0.0410321910838337,0.0493366099109623,0.0423903651445714,0.0523493709372887,0.0497989378153454,0.0513989830384493,0.00657708970266933,0.065112765383623,0.0634878826969199,0.0701408443349851,0.0550833969931382,0.0597773952448785,0.0464811785416998,0.0525192814792499,0.0496113869955161,0.0537294725810035,0.00597877865181447,0.0136241578026655,0.0120175136919781,0.00860041285705859,0.00723045307444254,0.0420544836082806,0.0502185141227239,0.0444357718431356
"127","RETUSIN 7-METHYL ETHER",10.846,0.0338461030370775,0.0447511798403232,0.0514576034965813,0.0952969730440151,0.0463305225403164,0.00971869106736449,0.0128035917233117,0.0205119728959866,0.0310354882133975,0.0502422564684704,0.0352338517783625,0.0480379230495355,0.0189416387361217,0.0220174427530667,0.0394211155318703,0.0329974048216396,0.030349353498423,0.050348214059767,0.0128822969650917,0.0185819906448428,0.0134130787106651,0.0475799633853344,0.0313580618807208,0.0316841349417907,0.0322196485014987,0.038071637192926,0.0510329950414473,0.0498348661800519,0.0334217539293586
"128","RUTOSIDE  (rutin)",18.759,7.54928207461611e-08,0.00794637180656544,0.340955241144622,0.396404510415555,0.241967711826959,1.07517840627477e-07,7.77870575753812e-08,9.549510211172e-08,1.02904912316599e-07,8.8046487777664e-08,9.24102519606785e-08,9.99395787896452e-08,7.42381237788667e-08,9.89660665453659e-08,8.01032067405937e-08,7.97669234029068e-08,8.71903757831302e-08,7.69936229222712e-08,9.36038590584294e-08,8.46067451108493e-08,7.26562209062651e-08,7.38213258313048e-08,7.94560513375486e-08,9.67747445536172e-08,1.01842962985193e-07,1.01032161337896e-07,0.00592935840705409,0.00679486575280128,9.45494805850747e-08
"129","Riboflavin",17.064,4.58317979376492e-09,0.000222330484548507,0.00471878457476883,0.00557427626545822,0.00367958844594668,0.00641081626025495,0.00465990855682567,0.00503631776803394,0.0919696676498912,0.101117611839749,0.0979019395111691,4.02259821441635e-09,0.192363626907568,0.164775369776658,0.209586864315959,0.00388888299177207,0.00675531604622304,0.00312588170865387,0.0197890304947043,0.0209427345345134,0.0568249176292277,3.86348193582463e-09,3.76718920335606e-05,3.95513861709428e-09,2.3347062800736e-05,3.71998714749254e-09,0.000309781079956758,0.000285314058897592,0.00468934656579725
"130","S-Adenosyl-homocysteine",10.0765,0.00129341337127054,2.45503579885765e-08,0.00142944434628829,0.00173752850942808,0.000664011418621765,0.0625484785969321,0.0271678685444625,0.00444984420093896,0.0022677752490935,0.00200705145451501,0.00143265442480946,0.00283666626808181,0.160011693802306,0.0925110274507699,0.510149141130205,0.0246519683658805,0.0131117411242822,0.0264613698802693,0.00810961005926822,0.00221605524334156,0.0457618774471774,0.000727296824845211,0.00222552339325828,0.0020355138687566,0.00179038033019465,0.00190349004524356,0.000252060389278076,0.00024648971012348,0.00222078931829992
"131","Serine",3.1074,0.00800243345631376,0.0452257896712077,0.0139353954286465,0.0104779406907737,0.0134951496627387,0.0596273148619577,0.0775023421012685,0.0439205717674455,0.0524548491887007,0.053965209018967,0.05641370080407,0.00784598395574399,0.0488370910208605,0.0876414000096001,0.0946942237762123,0.012943240907593,0.0111424433998351,0.0138093942505509,0.0059197466072909,0.00578824289297385,0.0167014005169425,0.00781940980826184,0.0401761049967304,0.0337941614145399,0.0335459370258049,0.0322036167064913,0.0616662021603316,0.0504507038981475,0.0336700492201724
"132","Sotalol",12.4475,0.000109599311698849,0.0263018083538165,0.0203980871503766,0.0205419293869914,0.00879301938658912,0.300873814583971,0.227070019549207,0.106244387466772,0.020011802099674,0.0437324728299836,0.0234458317535977,0.000526174934559809,0.000825981883521567,0.00054539654387863,0.010976471026766,0.0119771493258911,0.0254081276539953,0.00518542287263855,0.00423067524972985,0.00443836970141499,0.00589725509135761,0.000108266166801496,0.0162016185832652,0.018592934744987,0.0176908989112342,0.022774221113317,0.022707205375909,0.034391058948055,0.0181419168281106
"133","Spermidine",14.9525,0.0151998430253743,0.0105407040138468,0.0466206225078129,0.0447676919078473,0.0411045829066226,0.0491263261059505,0.047553927636578,0.0459471200053827,0.0603198908622276,0.0480345264355579,0.0568873478203109,0.0156882473254424,0.0397458650441789,0.0451932719741971,0.0497732911887732,0.0390195721713575,0.0367081189585308,0.0340773519688804,0.0436166797369814,0.0479228211547801,0.0327542826531437,0.014347426445711,0.0296639185298403,0.0227094694908225,0.0279607977378293,0.0295686799988881,0.0148437514413154,0.0103038709518165,0.0393827186077682
"134","Spermine",11.2076,0.000525572722241422,5.67198633630334e-08,0.0177829265127486,0.0171701244665384,0.0181462059138455,0.0795344682735627,0.0735991331852259,0.121514263924093,0.0851080664818051,0.0746188426351649,0.0805285043955565,0.00149744912609781,0.0484177720835237,0.0643596040055561,0.0487810926235554,0.0510224851179602,0.0581749508902413,0.0374336909476107,0.0385133869654581,0.0359161910278695,0.0380878851503349,0.00626631267310127,3.56111751483594e-06,6.59322409733724e-08,6.41617167631334e-08,5.74486565671614e-08,0.00152330614423665,0.0014739593536802,0.0366749409877401
"135","TRYPTOPHAN",13.8211,0.00979627871470844,0.0353871274907879,0.0210723473508289,0.0162487437948914,0.0195244744949223,0.0368748459291466,0.0287096541741301,0.0246472265747431,0.0482630879946241,0.0519927172436468,0.0443471112620105,0.00719588263340647,0.0755512652150627,0.0438432529668165,0.0631726443172654,0.0268891388975722,0.0200309580446707,0.019329633184686,0.0231530170267995,0.0279800193214073,0.0289014217421468,0.00877028550728233,0.0570269222905018,0.0628414265742635,0.055606122657881,0.0555408266111934,0.0475185268302176,0.0397850411543868,0.0321442746164673
"136","Thiamine",2.085,0.0739743662477594,0.0557288218100177,0.00101881504470736,0.0876238496983671,0.124657117036362,0.00576720669410581,0.00508156368990714,0.0093496596424401,0.0252085765827059,0.0181416630844115,0.0235375305138924,0.0799404323378454,0.0687940542216984,0.0419106096020055,0.049627197402687,0.034025186562782,0.0421792098366774,0.046287809572767,0.00798637224653089,0.00815354293435331,0.0251362085568367,0.0692275671177228,0.000488806749826765,0.000516479318325297,0.000513308372693251,0.000664870178510616,0.0430260120421397,0.0514331629019217,0.0296168815727439
"137","Thiazolidine-4-carboxylic acid",2.151,0.000805956754387423,0.0557381777695367,0.00216189048519578,0.00291793710960955,0.000576407836380244,0.00923618433555263,0.0164934061127381,0.082897797846217,0.109826079210987,0.108118725727343,0.115925995130709,0.000969832796119105,0.0281384724920727,0.0718195387859682,0.0392813525321804,0.00863401288694,0.0118370531753028,0.00801094480951486,0.0279174800449166,0.018624893651506,0.0130939830433827,0.000623374226382192,0.0314278703362455,0.029736640697673,0.0301618423491598,0.0278833640611378,0.0743175572760935,0.0728232285167486,0.0279004220530272
"138","Threonine",1.961,0.00320808539908664,0.0261095835882079,0.0106899439576692,0.00987205775119222,0.0105401897630929,0.0664684704628046,0.0809949884486151,0.0514218655097149,0.0856952549703319,0.0778011461973356,0.0661950149254116,0.00321249892572946,0.0725208653820422,0.07415350196181,0.0740479733202027,0.0197608298665557,0.0163987980243037,0.0167880849323464,0.0247605499592768,0.0197288153374631,0.0313685252844622,0.00347701819485175,0.0155414354982128,0.0136673549627394,0.0138739225435647,0.0140328055443819,0.0498586615142666,0.0478117577743278,0.0222606899129163
"139","Thymine",5.925,0.00480986880589312,0.0403910957897204,0.008000378592399,0.00670652138478089,0.00996551200598203,0.191509281203426,0.0899112993787312,0.00925030759991692,0.00776915325908289,0.00705036078533165,0.00653347400608987,0.00531768289969998,0.0236506071933171,0.0866984410563517,0.0211705348086648,0.167207350023384,0.0988748050397794,0.0313222034549196,0.0394130397965914,0.0795613643637628,0.0203888486341867,0.00419195229223192,0.00498640173605067,0.00657176381411185,0.00244763881567522,0.00231185608281014,0.012869386442476,0.0111188707346333,0.0105421913703077
"140","Tryptamine",10.202,0.00120122526450604,0.0037461591822777,0.00530143509870399,0.00711682922781108,0.00617084508886378,0.00484618165485837,0.0028257480561232,0.00269072130666643,0.00710524840979605,0.00997835725094275,0.00637402169232322,0.00122133386987084,0.00339817578197614,0.404392910262305,0.520717642502677,0.00111148686146016,1.31708914917206e-08,1.1136579768523e-08,1.44530893637426e-08,1.32375879956178e-08,1.48503345357724e-08,0.0014232582132947,0.000335095988654354,0.000293957694096935,0.000387587417583973,9.07810906374963e-05,0.00564706921778176,0.00362386201830662,0.00275823468139482
"141","Tryptophan",14.798,0.00390047654797699,0.0291029479406001,0.0121360012159346,0.0124690502173579,0.0093457280882685,0.0231521792755982,0.0345984282450839,0.0203054932677652,0.0253676044672405,0.0316828924127356,0.047746752067934,0.00399351313719241,0.0522950319423333,0.0906941319748067,0.0372126602046777,0.0543897981600743,0.0375912655271127,0.00443368476977292,0.13485346118787,0.0267888517429656,0.0486101920827649,0.0041367097782005,0.0598508535523005,0.0557909127026827,0.0657142887572634,0.0361645899718101,0.0156057025519923,0.0220667982096847,0.0303929201766678
"142","Tyr-Tyr",12.118,0.00481782340640671,0.0753772613260252,0.083557174736131,0.0268590024152198,0.0227516418947535,0.00304708904606975,0.0213567371551204,0.00299283582222901,0.0061576684637647,0.03985501117822,0.00784652405933573,0.00772199119106351,0.045146020989845,0.0470805342605062,0.048455598610735,0.0257945733450118,0.0271790054797542,0.0454968075382411,0.0104471363459733,0.00834291459546306,0.00831600828517149,0.00793327760103418,0.012259178630114,0.0139095721334317,0.013418799783571,0.00902595808204412,0.254699618827687,0.120154234797077,0.017633154644276
"143","Tyramine",3.408,2.11236040004182e-09,2.31766292708539e-09,2.09102235255201e-09,2.35917663483581e-09,2.20850002412866e-09,0.00184574658824213,0.00496854930015425,0.000389337373328913,0.000466113717196175,0.0028746597543748,0.0013117441760861,2.56104864500729e-09,0.184144723750445,0.107851925789592,0.659434859142252,0.00137568144151945,0.00100534955803849,0.000873135953092534,0.000298891219207797,2.5953894961306e-09,0.033159250012916,2.34984701258602e-09,2.18555326517426e-09,2.62128285589741e-09,2.51345081049597e-09,2.09200899288704e-09,2.29444005851721e-09,1.92181029117098e-09,0.000149446920245326
"144","Tyrosine",10.2848333333333,0.0141480887665657,0.0335451167341301,0.0307797480039291,0.0304976779151972,0.033932518413522,0.0496066903775614,0.05599340786963,0.0334080992875556,0.0328054400802334,0.0334334844007123,0.0314046962621475,0.0193012461706004,0.0770640985306455,0.0393933153789463,0.0479605311890288,0.0278764533586005,0.0226108827746226,0.0236818111425206,0.0215603786106323,0.0206382194593347,0.0500270438938408,0.0162381655570207,0.0492487568868629,0.0453529673502452,0.041245861155248,0.0374971641576285,0.03860500977349,0.042143126499548,0.0334893005674212
"145","Uracil",2.652,0.00318893748599914,0.00140514926806486,0.0307564538359103,0.0170419208553374,0.0241458421197299,0.0525755302854597,0.0558499185793548,0.0570525187550852,0.0380959921218272,0.0348224574163286,0.0284058912069669,0.00236318214447054,0.0771675466187134,0.120457536192672,0.193234078284551,0.018696196282213,0.0212848289963858,0.0213877133224108,0.0258161686861644,0.0439260152850553,0.104004655924166,0.0011925088734946,0.00474124052218609,0.00558883922296107,0.00439901721163061,0.00438862999607893,0.00429855950404075,0.00371267100274239,0.0227667777210704
"146","Ureidoglutaric acid",2.128,0.00211593514624654,0.00530466734496394,0.00267853898831248,0.000339856194137978,0.00250188589479516,0.00910179248244378,0.0109983400156179,0.00323192983158107,0.001516430041618,0.00438625453330239,0.00279284914772202,0.00158279319338279,0.00719368682350576,0.0032648207299613,0.00428129532133528,0.0105801092841173,0.0106127439921566,0.010787061812182,0.329860129856764,0.358045048158265,0.213526687523101,0.00184630466593598,1.42476308801665e-08,0.000356242522480197,0.000423669849507137,0.000456383385343676,0.00168872789934021,0.000525801114249827,0.00301238948965155
"147","Valine",11.2086666666667,0.000220977714299485,0.00649552551014424,0.0206670881798292,0.0494736113964166,0.0550420908096166,0.0475772199203922,0.0660781604574968,0.0635812616107937,0.067398876821841,0.0818093525344232,0.0747486462076349,0.00224028409164582,0.0509872648443995,0.0574001667138009,0.053648245510575,0.0709277026889962,0.0692862901007566,0.052815487622878,0.0169006480595339,0.0107348034438413,0.0146054655146264,0.00229641361035896,0.00111588921675966,0.0210515322455325,0.00107523088902006,0.0010463813763351,0.0232753426233124,0.0175000402847399,0.0354262812718523
"148","Xanthosine",5.976,0.0241642391822308,8.3596370339099e-08,0.216570926008024,0.215217730837755,0.159856890864273,0.0604990341352374,0.0289766963113195,0.00516474239014855,0.00218543348180867,0.000905697676490829,0.00434119132612029,0.0263872710712664,0.000752385132419407,0.00530464182406323,0.00426119915104042,0.00978837350734149,0.00294358694657528,0.000658284867381916,0.0057592976097909,0.0116513363615475,0.000941280642295257,0.0142270704995235,0.0556341755291633,0.0585167432492224,0.0463619635199263,0.0381838582111953,0.000745782824311164,8.32431575474299e-08,0.0077738355585662
"149","Zeatin",16.557,6.73935556469718e-09,8.37474451259245e-09,0.00029334389298379,0.000999546946261081,0.000164020519506077,0.00931524236333387,0.015617539321435,0.0178263882337941,0.00575603849630495,0.0348702435748848,0.00259548626902537,0.000165152721735233,0.649142849380175,0.0380444145775493,0.0142815859791201,0.00199316762256841,0.00438041278788038,0.000114391243506901,0.0156895085648472,0.00306892795316925,0.185488639444815,8.27154599986273e-05,7.84731329639134e-09,4.35671417779239e-05,6.67740526121105e-05,6.47059573288759e-09,6.66174382202154e-09,7.35896267528109e-09,0.00149635728441475
"150","[(4R,5S,6R,6aS,7R,10aR,11bR)-5-acetyloxy-6-hydroxy-10a-methoxy-4,7,11b-trimethyl-9-oxo-1,2,3,4a,5,6,6a,7,11,11a-decahydronaphtho[2,1-f][1]benzofuran-4-yl]methyl acetate",21.897,0.0324231699960967,0.0353011662147734,0.0303643856868165,0.0379052698363502,0.0386453346141305,0.0391080242943116,0.0379739650690546,0.0370489102450863,0.0334269352069032,0.0404935132754784,0.0411979995146025,0.0418282328740949,0.0289805235108145,0.0318436388024904,0.0341218824415942,0.0332211259148147,0.0337576847267782,0.0382438820738527,0.0367156479981334,0.0378737105073169,0.0384078594837522,0.0378588688530854,0.0406399381098942,0.0301244243294766,0.0366691502948957,0.0333932925478255,0.0279980269047549,0.0344334366728218,0.0366923991465146
"151","feruloyltyramine",20.506,6.81729623544383e-08,8.91210694910661e-08,6.81956529049467e-08,6.82293172461263e-08,0.0227365321826036,0.00718323167799922,8.57186262241625e-08,7.4913810760071e-08,0.135702753074799,0.1266654657932,0.141572392331769,7.33716480337922e-08,0.0258732056862564,0.0210526091680142,0.0202149334434962,0.258206139366993,0.067061591188605,0.155908530527818,0.00391746520222687,0.00466897071849414,0.0092350177142471,9.54380475684981e-08,9.15943284161287e-08,8.75927561402947e-08,7.8536653657461e-08,8.87746848825787e-08,9.67841757811693e-08,9.54797437645228e-08,0.00195878099320133
"152","gamma-Glutamylleucine",3.4585,0.0272992674727024,0.00817116682093678,0.0531547101120547,0.0254924136357143,0.0130627022528723,0.0327881770326669,0.0416752606928522,0.0348486581703867,0.0510013608588022,0.0191634956913695,0.0121489867571672,0.0403007901833701,0.0331576810856704,0.0567501821801353,0.0625864156132968,0.090821396806867,0.0706486360019158,0.0471822666367361,0.0361972392521464,0.0320928404131607,0.0449776289024387,0.0293119374449254,0.00715417145362687,0.0115012576115741,0.0066645126052004,0.00972190770132246,0.0915224156487715,0.0106025209613166,0.0329729290591686
"153","gamma-Glutamyltyrosine",3.168,0.0383915994200473,0.00619592223924642,0.00911404892573248,0.00906891222723416,0.010261504751418,0.0241126755339719,0.0220789828482018,0.0147160273503654,0.00215727953696344,0.00418616950635249,0.00608273759209387,0.0499892023028888,0.0205647766214117,0.0249867888485007,0.0151251333763565,0.0460887970508166,0.0281313121772169,0.0411677609237658,0.0278767997643198,0.0266893949311546,0.0143433676937573,0.0389620014044632,0.134141893846757,0.142745216590202,0.122863706314083,0.10560876649519,0.00630137373466147,0.00804784799282744,0.0230958291910869
"154","sn-Glycero-3-phosphocholine",1.734,0.00498753883975185,0.00364537551658102,0.0122695968082948,0.0129358972863189,0.0166832836367647,0.0819497205972373,0.068232262152101,0.0761617907646393,0.038222662753428,0.0590725954063887,0.0468230804913567,0.00536812787549918,0.13465502890709,0.136778691578784,0.134336055174612,0.00981808933060796,0.0114699039768668,0.0171149361689535,0.0157163237192962,0.0177738733250387,0.0639188851770064,0.00572655007345411,0.0051624541727993,0.00488119346750582,0.00513614202756311,0.00562254704018823,0.00264304119001996,0.00289435254185186,0.0143261105028076
