"","Average.Rt.min.","Adduct.type","Metabolite.name","Blank_1","Pool_1","Pool_2","HyPea-7404_1","HyPep-4601N_3","HyPep-7504_1","HyPep-7504_2","HyPep-7504_3","HyPep-YE_1","HyPep-YE_2","HyPep-YE_3","HY-YEST-412_1","HY-YEST-412_2","HY-YEST-412_3","HyPea-7404_2","HY-YEST-466_1","HY-YEST-466_2","HY-YEST-466_3","HY-YEST-503_1","HY-YEST-503_2","HY-YEST-503_3","HY-YEST-555_1","HY-YEST-555_2","HY-YEST-555_3","HyPea-7404_3","HyPep-1510_1","HyPep-1510_2","HyPep-1510_3","HyPep-1510_4","HyPep-4601N_1","HyPep-4601N_2"
"1",1.927,"[M-H]-","Glyceraldehyde",511455,351798372,280433128,350914626,177105961,36538462,39873589,65442063,722352808,379763786,484802356,1002851924,880998352,872160828,230844689,74937154,63746648,190686518,6507021,69198642,25426765,265459572,201600561,508428498,376283919,12342671,8612901,8785932,7427580,99530535,68282502
"2",1.697,"[M-H]-","N,N-Dimethylglycine",10548,9233977,9845986,1432858,2204160,1088753,1022097,844947,16382237,20713164,19751689,21977056,26289906,23517875,920833,41005725,37666534,70453002,11112804,16521928,10255090,21982931,20846734,17459930,1100016,443805,428184,512442,653367,2183154,2068060
"3",2.619,"[M-H]-","N,N-Dimethylglycine",9334,1160723,979583,135226,43467,820392,155749,1178543,2450368,1759295,1204937,446565,3136200,1165895,145706,719369,739331,1219103,2736318,4455910,2649880,779609,712967,526731,150376,70708,104176,55856,109560,20863,10423
"4",6.648,"[M-H]-","Serine",160424,1925370,1303107,231574,579588,393684,290742,393063,2439549,2734595,1480378,1514104,1448909,1715914,247474,1203220,1665241,1860715,385784,318518,327826,200400,163214,510326,220573,1541048,1469716,1150260,799110,665296,704709
"5",2.342,"[M-H]-","Serine",197492,12054864,12769659,1139849,9608299,2977254,2520096,3480164,14933530,12173750,7460056,14723408,14013682,20076618,1494966,12133696,20233852,20598520,3689850,3727467,3898004,1738967,1802374,4597723,1291956,6781069,5184726,5413798,5093765,15188806,11272500
"6",1.682,"[M-H]-","Serine",202839,47392568,46113443,5555722,51990423,9681455,9498736,2814759,82152825,86499761,72370098,48939978,51452296,53710017,5711498,40267763,58697144,70172116,10967584,11046662,11123950,4893329,4615581,15728701,2090782,20202904,18019193,16956178,17086334,57168393,55927914
"7",9.325,"[M-H]-","Catechol",9042,18046,225988,4232,17665,780150,1107094,771462,24151,21006,21104,20356,16984,18824,9602,19200,19636,23670,28774,45708,15543,21260,63028,26820,10703,3252,10165,14651,8514,7136,10597
"8",5.705,"[M-H]-","Catechol; LC-ESI-QTOF; MS2; CE",7490,156510,267980,37683,21682,172127,138417,592941,232931,354030,243983,375319,416046,500645,33850,185060,179342,205074,237686,165989,331334,216001,159949,274478,61280,73701,108219,73052,17148,27092,25987
"9",1.663,"[M-H]-","Histamine",683,495780,527484,86023,1745877,199617,206683,206331,665708,1079213,709319,746586,1125465,1176691,53814,1190434,1139211,1205347,154413,281845,205527,274684,177505,332793,41256,229613,227033,234002,267309,1897329,2037984
"10",2.384,"[M-H]-","Succinic acid; LC-ESI-QTOF; MS2; CE",93554,495525116,354565842,110913837,57388251,37370774,33673536,43028837,372749925,277780305,293110320,337777488,259197014,210382155,76009425,790891201,792689754,967160460,171730962,210907752,189904120,618092559,583437076,607212884,121438367,10683458,9423600,9519841,9142597,76220372,62060092
"11",1.726,"[M-H]-","Threonine; LC-ESI-ITFT; MS2; CE 90.0 eV; [M-H]-",213183,101799838,79775928,2961750,112389139,10987614,10470904,10306221,202285473,207819940,158084991,172602334,144081937,150448302,2665993,255559798,261895286,266887915,21564147,22767556,19318929,40702286,42594885,91320559,2056638,17821952,17048637,15250406,14007128,131866560,133176106
"12",6.653,"[M-H]-","Threonine",149124,1638589,1226688,113438,678351,282812,231079,274133,2278638,2471224,1508746,1806252,1685717,1770078,85575,1680133,1713804,1582224,505003,366471,371430,573512,516053,837888,82287,659035,657580,495258,394169,825082,805721
"13",2.735,"[M-H]-","Threonine",190137,13258113,6996188,258884,11655564,4135992,3547960,5420133,51156939,13907139,8066636,10036859,9322537,17984599,518384,14126721,9322135,17580010,16036126,4440268,11333496,20814457,5802377,4854155,545002,7327790,4184690,3160248,6624405,4772221,3954579
"14",2.831,"[M-H]-","Glutaric acid; LC-ESI-QTOF; MS2; CE",143439,10131350,7624425,798493,413038,8948898,9822018,10223355,11371577,15204602,6249523,4349927,8938728,5688404,701158,14408517,22625732,20096417,10522700,11502041,7862110,20543316,17107782,8486785,764730,6335133,5911312,5307895,4742680,655403,568686
"15",1.683,"[M-H]-","Asparagine",62976,38683712,34026775,13359058,43438510,21856476,21757613,19452440,61851305,70302625,50376044,48256185,53725983,46731399,12804053,45814230,46899343,50196065,12472203,13107535,13014013,12432776,8342012,24360904,12254059,14420747,13134450,15001991,15042745,46430029,45912097
"16",3.947,"[M-H]-","2-Hydroxyisocaproic acid; LC-ESI-QTOF; MS2; CE",19002,17224006,27885510,10749406,1797658,2653642,3109240,3388785,38590949,34608233,47873590,64912220,66862414,62900559,4876803,7430214,3397702,10806113,6847491,12066878,8252362,13127803,9285980,87910698,7498107,850014,797294,663386,782113,2835545,1957848
"17",1.65,"[M-H]-","Aspartic acid",39395,96874951,105108734,3403739,35575233,16013572,15620664,16311584,295008281,223846353,244071836,235384612,225261222,251637413,2784355,323490367,385788844,311517612,13629726,36555571,8501103,17005418,54083038,85429338,3606466,21357207,17125750,14956387,14834715,30262872,32790380
"18",1.956,"[M-H]-","D-(+)-Malic acid; LC-ESI-QTOF; MS2; CE",10208,87276383,89363578,1501187,117151358,84930092,86120696,99138575,37481693,44177037,35893720,27323060,42683099,35886626,21782093,11017421,38851759,24173945,22797810,37405273,14507594,43576948,56208168,12035415,19377969,128694788,5115619,130009772,126868130,143715002,128748134
"19",1.738,"[M-H]-","D-(+)-Malic acid; LC-ESI-QTOF; MS2; CE",10435,42653088,35277284,8272280,117151358,58809228,52190465,60798903,31465697,35219979,32281653,31185140,56512866,38328231,10471676,6083573,20827690,16642035,14256219,28134254,6602119,21538357,23312705,7628342,6077418,100363150,106616352,118795081,101646647,47968918,128748134
"20",2.977,"[M-H]-","D-(+)-Malic acid; LC-ESI-QTOF; MS2; CE",9462,1619942,760956,376420,5817490,84930092,756829,1199318,588905,606152,613988,441353,919991,654806,525172,106043,612935,242873,250500,348402,107450,202408,419359,62491,1906492,2888975,2773029,2803550,2798336,1316437,6206009
"21",8.238,"[M-H]-","ADENINE",256336,3876138,258000121,10744428,14294675,51844826,58867783,62531750,420745104,18143054,614848556,526312438,7145510,9126657,5108007,869229088,102317960,530340226,16153467,32664689,18716227,75725714,10421776,319870978,12971382,7673166,8166548,5364956,7304732,22773352,18764866
"22",7.242,"[M-H]-","ADENINE",272630,354003262,1076656,170114,63928,119207,147934,181146,1215173,761578752,2196980,1598640,568263276,551494946,124121,1349602,2013357,2579165,949026,690995,559925,658833,685687,1035377,95300,69653,57322,64572,62370,82437,70036
"23",11.186,"[M-H]-","ADENINE",253142,1591507,33044418,211429,132407,702517,598218,666680,4075644,4161992,21670783,17160364,2649570,2743164,1377469,12083043,6634699,6860479,15971717,8631044,2518921,1530840,3324478,30578121,1667255,153405,143822,327142,148110,223376,193789
"24",10.616,"[M-H]-","ADENINE",252311,29947325,4679944,1947486,2007868,31725589,14064000,28126383,4335626,37121578,9870924,8661587,7505141,9824022,162072,11619022,150380192,131489394,1215184,1145796,701564,1143502,1343320,5441076,141143,4263017,4616218,4107082,4067344,4817852,4393427
"25",2.296,"[M-H]-","Hypoxanthine",141667,1052972,1570396,702093,351447,324109,279460,259146,2938224,275889,1640181,74294,197064,1025276,518775,127723,134572,162346,3100952,3039800,3355364,2724815,3151772,2714905,851650,253970,189702,135093,200855,269043,413910
"26",4.06,"[M-H]-","Hypoxanthine",113608,37361285,32471403,618160,362477,1388290,1375747,682429,20199369,34713526,19248153,17572442,24639900,16465901,299945,39178867,39210221,53288923,9806227,16689654,13429373,121751600,54348480,190156825,487282,520868,118528,111449,117194,641522,452794
"27",17.264,"[M-H-CO2]-","Caffeic acid; LC-ESI-QTOF; MS2; CE",32349,2430631,2338117,164629,183836,1163139,1214363,3371191,3023358,1771275,1761135,3514479,3438531,3212118,158301,5572496,8076227,15867738,2397506,1960674,1324280,1497799,1175708,2331720,194922,575177,738612,634119,719864,270678,280886
"28",19.597,"[M-H]-","2-hydroxyquinoline",46577,42011146,48746786,28298543,28637356,48182683,52143850,105403963,38570373,32945677,23675218,53099530,76065765,25900424,42552494,95283848,99846842,108587488,21118470,19426779,21217260,15437061,24044005,33587741,30255595,28964644,46017318,39719197,39714786,27364707,31628949
"29",3.174,"[M-H]-","4-Acetamidobutyric acid",22978,4629743,4019777,192391,227792,1189296,1340789,940343,16431158,8479387,10581329,6599146,14594621,5314173,118319,8991013,4499447,12262635,9452462,7361872,7127034,1706587,1145476,2499834,186223,423077,377219,357702,312648,226342,220561
"30",1.681,"[M-H]-","L-Glutamic acid; LC-ESI-QTOF; MS2; CE",57945,318823152,297461374,58830739,87395041,42755622,44991227,34716493,578865108,708779521,698565201,744854732,845355632,786595169,41798350,751361075,796045338,805375627,388544388,528726628,345314434,699032310,674911985,548944741,47610762,21971793,20683616,25084239,26499967,88965403,85971022
"31",2.155,"[M-H]-","(-)-Citramalic acid; LC-ESI-QTOF; MS2; CE",13224,27767659,31990480,13415784,7567255,20584524,21206829,10696720,28629054,40056349,26926743,46499989,76916714,42034198,12936656,83816518,3678330,130993441,16436771,17005844,17171554,36033469,49717411,48569595,14456644,20259443,21479613,19059170,18316070,1720038,8015361
"32",5.198,"[M-H]-","Guanine",8985,1573962,1379537,93261,10155,2136491,1046758,1943473,600786,278801,1049812,503167,38905,40107,12203,5301773,5788532,2941779,1389567,964154,902736,1011933,2318583,3418250,9367,38751,11019,10691,4232,11448,15269
"33",4.873,"[M-H]-","Guanine",8043,1098097,20897435,991746,188817,8128708,1046758,9770082,16182591,893744,48694043,29131734,324128,542556,453478,71552649,18723000,55088958,1796942,5015570,1539987,48518248,13466595,60996394,1126297,739984,984113,857477,1025548,552377,506371
"34",1.777,"[M-H]-","Xylitol",7244,4096879,3358967,633852,433610,2572582,2619709,1929213,4551696,4133964,4117701,5777412,5559835,5472422,596783,4494635,6923256,8082863,3046582,3449350,3310818,4549804,4706000,5210606,646705,1713038,1886076,1549624,1749846,510217,485752
"35",3.086,"[M-H]-","5-Aminosalicylic??acid",9853,351663,648535,25797,17818,137060,150412,252310,1954019,1513194,998484,1000898,1385556,841058,54396,56688,104184,189444,208570,247170,276726,148602,64078,281058,9471,279651,304425,337218,248674,36236,10942
"36",7.112,"[M-H]-","3-Hydroxyanthranilic acid",8830,543433,375047,9771,12870,218356,289839,219878,53790,58258,45926,35958,173502,39378,12629,1165701,1080130,1324877,35511,35040,38662,1190391,2496221,811190,15089,8380,9825,22412,17952,12123,22606
"37",9.134,"[M-H]-","PYROCATECHUIC ACID",11798,352621,1311033,24880,16116,4910116,6944313,4930672,287753,304608,21924,369076,348994,311031,18335,228049,63307,316535,392448,300931,218851,307400,277389,381765,65899,217208,256932,179879,221479,23884,15128
"38",17.318,"[M-H]-","PYROCATECHUIC ACID",7791,211505,720694,24438,275861,34969,74087,188600,14366,16336,10757,41814,31635,23436,4518,340363,420147,503372,7927,6787,4834,176454,133265,226032,8386,1578109,1732741,1512726,1563580,1621785,1368332
"39",1.663,"[M-H]-","Histidine",26220,56441171,46746857,1611021,177917456,12239213,13691815,13614788,65736659,108808683,67979467,75166025,114021046,113628288,1486393,109745413,101138740,113659215,8764982,15983211,12220349,20312573,17868975,24915578,1436888,26889954,21486960,23622499,28285887,187413174,191770537
"40",2.081,"[M-H]-","Dihydroorotic acid",2533,298776,368770,5634,26458,41418,35512,24511,3759720,1913516,11259453,699761,515181,1578945,12266,173040,7418,22240,92487,227915,170179,199290,129826,126722,6464,129090,168705,194677,188378,30444,6564
"41",8.612,"[M-H]-","Pimelic acid",19629,60487,265928,318525,50547,42108,232142,236420,60720,55207,56448,56438,53168,58195,247387,69642,326577,312678,51868,458276,48098,51242,281656,63075,297042,60108,53039,173422,199906,48247,52192
"42",1.726,"[M-H]-","Ala-Ala",90033,49327269,43945909,48758807,61027356,31670351,26688696,29154633,16229538,10576580,15281718,38941968,41035975,28994574,45993130,55534204,47495100,51117730,49201835,58304773,50299855,89609628,82908027,50963384,44800533,18230876,19979304,16343712,13180993,58854908,64707555
"43",2.821,"[M-H]-","Ala-Ala",83018,6144004,4788416,5688461,4289689,5929755,4914156,6127078,3343516,2385876,1883811,2400356,3627817,2534400,6067242,2558293,1831889,2068093,7201042,5745001,6439942,12416123,16379645,9149517,1904258,4796542,1454621,1069837,3752036,4454985,1243242
"44",2.211,"[M-H]-","Ala-Ala",91635,8963226,11271608,6484396,5261401,5764788,5645507,7532012,1999854,1392487,1376418,6096676,6626552,4849600,7111636,1882627,1681523,1608121,29476156,21679154,27110806,14187292,6851582,3605922,6828890,5085203,3753294,4319486,3474348,5477177,4573269
"45",19.187,"[M-H]-","Indole-3-carboxylic acid; LC-ESI-QTOF; MS2; CE",10036,327106,354762,704057,180657,398093,374600,190484,223596,127647,93374,335849,355930,170403,848099,812715,882495,764934,170261,119672,79490,78081,111762,275627,758606,142040,165415,154938,148771,186287,211941
"46",2.414,"[M-H]-","Meglutol",62087,46977777,40112792,5603219,30858043,9602321,8710112,8605453,37677211,23791049,28613364,35090369,29477932,24382330,6621861,66500142,54642603,56916451,21828229,27110751,20100460,53788476,51437328,36166890,7387470,69948390,68272500,59046465,54679388,35390311,37232892
"47",18.765,"[M-H]-","trans-4-Coumaric acid",18014,9581682,8824330,70709,442763,22474307,21848229,16821152,482684,205282,248854,153391,1077513,263238,54612,556794,823859,764967,4843606,5135566,204092,727167,671002,305643,76648,37282794,43698399,35130664,26801528,567688,610214
"48",15.805,"[M-H]-","trans-4-Coumaric acid",11075,432364,487893,11829,5860,4039937,3701580,3558974,21948,25437,22192,24398,48256,25292,6823,23465,26205,58913,17570,19588,9373,9784,34119,21505,13504,97831,64404,60111,36247,11546,15730
"49",2.738,"[M-H]-","trans-4-Coumaric acid",18450,1970518,2314866,196075,2780062,765331,658864,774346,3808503,4665956,3835936,2874978,2184731,2523461,156001,2890507,3277854,4102669,322479,672991,408794,1000921,735101,3788540,155311,1312652,1373049,1350665,1356016,3195472,3432102
"50",9.768,"[M-H]-","Phenylalanine",176153,1069548,1735497,559372,735380,380100,696572,387198,2376359,2177264,1536623,2446344,2828220,2257778,265786,2229642,2483740,2667629,728816,618706,377439,531586,536462,1143643,395030,594646,519914,434601,452727,846754,827067
"51",28.248,"[M-H]-","Phenylalanine",412492,862978,1120761,271505,682743,477257,363917,337897,959214,1284202,1462494,1634372,1931185,1901842,163796,2145731,2132125,2376539,1524041,1068721,865575,812581,754137,919465,116920,290286,358914,377084,354534,571113,763988
"52",3.113,"[M-H]-","Phenylalanine",265029,1187184224,971768277,48765370,801171656,222137361,189465952,195940608,1496523680,1520242372,1276093264,1765594496,1860273284,1606707260,39350321,1847755908,1930579548,2048724476,65326985,166004956,66349394,286415972,212679602,938053032,45732423,416424064,414419238,385292190,337981775,961167798,921790358
"53",7.215,"[M-H]-","Phenylalanine",212174,3462350,4878477,305905,1210250,682999,499613,693182,7134395,2915510,4397786,4205393,5738419,3679906,291920,9206093,6915589,8519638,1847024,1457152,1363472,10272416,12296777,8821479,293984,1123149,882594,928824,1219088,1751537,1422481
"54",10.617,"[M-H]-","Phenylalanine",187057,685267,1649870,438014,568132,686440,392978,575362,1961128,3637569,1640390,2254583,1912691,1952152,574504,2213772,2100484,2192725,756970,637402,485054,533833,622056,1203551,533945,406785,418686,402889,358161,807030,836974
"55",18.187,"[M-H]-","Phenylalanine",214950,480396,632703,209776,341005,494556,259221,483092,813512,871826,697237,1392256,1408902,1505761,282504,1069206,1141895,1223155,618817,668875,699892,394486,321115,488420,137399,370053,400194,376653,325490,329516,401294
"56",5.339,"[M-H]-","Phenylalanine",225007,2734552,5612297,708027,2465826,1585007,1459217,1676567,9008116,13803226,6605691,6750232,9181115,8899501,711342,5872370,12433498,13071854,2010808,1057686,793809,1421287,1070986,4254130,672465,2049301,1498129,2006369,2085182,3171856,3130023
"57",14.764,"[M-H]-","Phenylalanine",182859,512556,873407,254670,412242,264369,298736,379793,1071587,881562,799460,1089423,1217219,1309539,437242,1222370,1195696,1366230,662116,548588,453581,359278,335047,636366,401178,275830,371533,306236,213730,438533,479191
"58",11.991,"[M-H]-","Phenylalanine",189492,607808,1430910,508947,477369,311105,736024,496123,1152477,1223840,1067939,2358271,1567242,1609053,551648,1552587,1800200,1627434,873337,704343,605474,575056,532470,829713,530541,434019,473914,379424,289720,533348,606165
"59",6.823,"[M-H]-","3-phenyllactic acid",4036,2781743,10424227,1617448,417662,226429,232590,429952,5642133,4593866,3194062,4895455,6923601,5548974,6445,12768589,2863099,25613400,767909,1708430,821259,6017350,2694202,43253510,1470111,38228,17560,79090,32902,777564,444940
"60",15.007,"[M-H]-","Vanillic acid",6973,2091102,1924694,14193,142426,378380,343413,487084,1162754,593417,445648,599625,946052,609124,3852,477648,372296,515063,1886931,3204762,1071120,535892,469119,1069355,25558,7401607,7685529,6507806,6254632,225801,191917
"61",10.456,"[M-H]-","Vanillic acid",7120,22475,146410,3529,4038,121133,21553,124996,10964,13020,8568,2634,12803,11340,8961,4758,10810,8488,8091,9154,17945,14991,4193,11721,6188,230909,229661,548947,186206,17784,6711
"62",2.567,"[M-H]-","PYRIDOXINE",7988,272165,368510,17477,133546,193187,206096,208068,996090,826201,792226,720656,453811,591531,24900,533170,331140,424457,145482,294640,181450,169978,252262,216873,22891,149658,178609,126869,147253,161503,195516
"63",1.66,"[M-H]-","rac-Glycerol 3-phosphoate; LC-ESI-QTOF; MS2; CE",17016,796798,879793,1834473,532384,399899,306791,307298,1949305,1263996,917406,638550,540236,758261,1311636,4183344,2635114,5830408,606197,1263887,1403933,866332,593660,897683,1568557,210351,170497,140555,126589,465601,390934
"64",11.244,"[M-H]-","P-Toluenesulfonic acid",120563,352268,444484,213534,151374,618522,271499,688729,1283488,238152,554861,444209,133189,121504,204138,411025,1167868,908668,384547,319150,200537,185240,227551,571222,186039,220104,207139,274000,193289,130066,149948
"65",1.842,"[M-H]-","1,4-Cyclohexanedicarboxylic acid",32001,2532668,2388923,87340,17958524,686154,623835,644393,3873199,4330284,3432769,2540951,2748236,3145468,59594,1357821,1463422,1643498,551471,642635,425944,453347,253596,455644,46791,2010411,1916423,1853037,1806871,18985470,20188517
"66",5.364,"[M-H]-","N-Acetylleucine",7103,2129039,1697642,19052,249789,454422,530177,450282,9430097,79464030,2846494,1022866,4110214,1761756,22272,2226258,1563232,3005068,212928,226199,698816,1057697,687716,1509570,21665,210882,1004655,59444,1062414,549754,419688
"67",5.656,"[M-H]-","N-Acetylleucine",8448,13883187,12429727,213757,475190,3517322,4197284,2536486,44627001,928236,20098447,16886532,35541549,576121,193838,4311990,2885623,4512516,17127223,11409841,4318440,2206443,1471439,3106872,216363,1075658,1004655,788571,1062414,549754,419688
"68",6.325,"[M-H]-","N-Acetylleucine",8680,300291,298580,30085,84902,575423,577788,751397,831225,10160778,801757,1032432,317365,12414156,35880,112165,87228,149738,366374,255145,93067,56876,56044,74323,9146,316908,404866,269055,346499,124882,110289
"69",3.025,"[M-H]-","Aconitic Acid",2393,16061780,15719668,8556197,1922974,3620494,4325249,3369448,6672038,8234268,7364670,6049080,15541836,8443672,9176277,19500939,18481277,26396813,20696896,25992850,1816621,12198835,7003111,10917378,6210743,16736219,14530689,14307299,10454627,2254497,1790198
"70",2.006,"[M-H]-","Gly-Val",61456,66914462,58785496,7869956,111994544,27899800,26255929,30324133,36021268,51681094,38181627,55808424,55078875,64097089,9389754,64981720,68269541,56100316,12532533,13959004,14237259,11104490,10580042,18822574,9053370,52025749,39707816,53041712,47865160,95625025,109321355
"71",1.732,"[M-H]-","Arginine",1314,58387356,54752150,6969124,99539236,41083517,42604150,38450420,77047226,89601457,77350695,91156333,71438560,67723472,7737466,37028414,44235936,34069602,13179515,25374052,15781044,59617454,48823609,27564636,5970842,51712926,53188866,50205205,47341126,100405273,99397974
"72",2.177,"[M-H]-","N-Acetylaspartic acid",9639,4183625,4748311,2106948,2334619,6289291,5385783,8337419,24506421,29323783,15940499,12816349,13611503,8260827,71340,7122560,6845569,7117452,1901886,1751671,1646114,4651645,3647924,8892281,2024726,2452770,2955104,2404484,3194826,855439,3141603
"73",3.182,"[M-H]-","2-Isopropylmalic acid; LC-ESI-QTOF; MS2; CE",14898,4001426,12305397,184999,92004,873409,8331600,8285698,16169340,15322367,11361006,3537792,8188702,6412365,675512,4412761,26005694,5625172,16675304,19239959,13982611,4509847,11192556,1832994,396983,1812270,1938427,1851943,1570252,125319,115526
"74",3.078,"[M-H]-","2-Isopropylmalic acid; LC-ESI-QTOF; MS2; CE",14108,4001426,5848032,100762,135857,6632347,8331600,8285698,16169340,15322367,11251013,3537792,8188702,1730315,90177,3055207,20332117,3103982,4848303,19239959,13982611,2130174,11192556,4728220,396983,1812270,1938427,1851943,1570252,175098,136246
"75",3.373,"[M-H]-","N-Formylmethionine",6430,3319167,3368220,59720,1930177,138870,160622,18726,10298659,6304026,4808770,3560759,3167368,2746639,123789,6407428,8539794,6813075,2109695,1202742,1119341,2210629,1644124,4378334,128866,855332,883590,767519,905112,2716528,2253552
"76",19.766,"[M-H]-","esculetin",0,98530,162448,0,3912,89484,115769,97057,3684,3181,3354,126884,4260,136070,0,584748,651431,505315,140053,70636,33803,271380,159323,258364,0,0,0,2958,14251,7560,3896
"77",18.818,"[M-H]-","L-Tyrosine; LC-ESI-QTOF; MS2; CE",41598,612798,655012,100809,146030,245953,221863,342783,780020,778696,423415,1194672,2065947,2119258,85394,849667,780514,941584,501319,821093,736677,346759,272425,607319,89796,349520,231546,164070,105841,147970,170694
"78",3.1,"[M-H]-","Tyrosine",76296,18486459,14888370,943284,10786969,3011739,2552993,3897988,72057318,76208140,40791072,36834442,29650548,21821049,876518,18883181,22844520,30084440,1546962,2436898,1709607,3257702,2494504,14300414,1020216,5972614,5257124,4601757,4746021,10996888,12067489
"79",2.739,"[M-H]-","Tyrosine",77077,155140212,146191424,12022443,196902050,49973658,45016558,51323490,255900109,313522929,248691840,190982515,153833382,174751232,9772164,185795879,215684257,265049958,21253205,41594836,23963518,68912853,53711004,247925547,12429905,89337248,93142847,90054645,91753438,229098057,233440434
"80",5.66,"[M-H]-","Tyrosine",58817,3730215,2710198,273786,860767,338656,297075,350520,4564185,4713184,2695705,1676938,3922482,2902101,270357,2770354,2514547,3290271,3066271,3835695,3187699,3823128,4365631,3926584,198367,1656572,962924,740667,637692,992954,1160127
"81",17.876,"[M-H]-","L-Tyrosine; LC-ESI-QTOF; MS2; CE",47624,782696,720767,94104,114986,3413466,3269927,4235762,315588,465496,236387,302223,253527,286116,88434,386141,370843,518113,126008,119357,85901,149860,124487,444674,88346,298948,391558,140072,382518,131299,167641
"82",5.176,"[M-H]-","4-Hydroxyphenyllactic acid",3219,714479,2204396,573382,106670,105668,120490,181943,1467562,1219647,1015627,1912365,3117508,2132426,284435,787306,326024,1785760,245302,440943,3027294,955830,270398,6366700,741561,53840,119696,49550,27794,153976,107498
"83",20.818,"[M-H]-","4-O-Methylphloracetophenone",4420,285447,316923,6904,7081,8711,13646,13811,8452,13177,20272,571429,284107,747977,5903,860383,1171093,739730,191018,86068,56410,382542,241340,343432,6591,5105,3962,4988,9333,6505,3700
"84",18.635,"[M-H]-","Syringaldehyde; LC-ESI-QTOF; MS2; CE",4533,192906,182464,25958,299399,164438,166669,155293,23882,20405,19901,35677,28952,29638,5530,23072,189637,197748,88778,64083,41226,47156,65673,71211,26524,394409,515659,440932,484198,388869,448332
"85",5.259,"[M-H]-","Mannitol",88966,869824,532226,1108671,377060,463697,462475,797743,796980,717656,343355,481965,659399,1148472,696683,373622,370363,502113,471421,556230,468606,528009,553681,472124,666231,588430,657817,561596,582651,458510,403743
"86",1.742,"[M-H]-","Mannitol",96414,11595812,10656981,27553657,11184806,6905919,6730390,10624518,9625800,7842302,6209295,15437042,13596634,15810069,10962313,12565862,11111953,19097166,5595600,7992909,4356611,7517718,8597053,5952425,12897698,5297614,6260883,5290320,5043993,13628964,9985680
"87",18.505,"[M-H]-","Harmane",93192,232167,173430,263250,85103,119112,124348,210460,759080,479836,242714,445563,282942,190011,149104,128962,112856,208955,93489,102623,80642,75226,86991,94179,154481,139271,153918,131955,121050,127454,95413
"88",6.334,"[M-H]-","4-Pyridoxic acid",4380,224634,736186,372401,209140,1776137,1868158,1932186,1086275,289433,519912,285724,229386,418159,555592,316463,21172,319753,454488,407761,297759,238535,201452,248350,781029,1058234,1140944,896271,945431,374331,350110
"89",18.704,"[M-H]-","Azelaic acid (Not validated); PlaSMA ID-221",652271,5303389,4992679,1505250,11530763,11207091,10848927,10924176,3607836,3219442,1604482,1540784,2178226,1283588,2013612,2754289,2654282,2590302,3533445,2807259,4312778,1771993,1770061,2128572,1848024,3292864,1282422,4939853,4024283,9789052,11668694
"90",1.979,"[M-H]-","Ala-Val",117166,108339012,90184396,89183261,101194413,136390394,121172430,148647604,26816252,31320009,32206119,45080321,50401660,48883644,115895833,119244694,108188976,126613826,71119962,66513684,74161139,101379799,96083040,74815628,114114223,72233135,29882428,66010835,50939894,105350866,119070709
"91",4.261,"[M-H]-","Gly-Leu",101830,2855054,3321291,2229666,2092204,3529697,2608439,3553360,2153225,1219786,838714,1806340,1742010,1555821,2138839,1691014,1601987,4139679,1257433,1886599,2185048,1890440,3208278,1336278,2218697,4771932,4798227,3372917,3621435,2302981,2530864
"92",2.375,"[M-H]-","Gly-Leu",98577,135277540,114019417,163589911,162818503,132935424,117928465,132418976,39021824,45199600,40524354,86837474,88567068,88047068,186861641,71467941,74019462,67301864,122348607,94751108,106103191,59788782,60651923,35335650,161227216,257890354,238678606,231926194,195206909,163472383,177208928
"93",2.317,"[M-H]-","N-Acetylglutamic acid",8571,15974138,14763916,597505,2025698,4857946,6191860,4720814,45238679,50600309,22445851,13905069,34711578,10736881,534998,9063186,6896403,9249806,25854645,16115543,22861011,5879722,4583869,8582381,632472,1847108,1891381,2002474,1944095,2068544,2203448
"94",1.938,"[M-H]-","Ureidoglutaric acid",1159,8615144,7516097,1637395,1491387,96100,29850,283201,2632494,3624323,1084145,1359803,1160963,1540238,1420932,2899484,2760685,2578087,1947981,1673372,1691726,50585959,52414854,20635878,1533775,193593,33664,30797,61500,1231681,1605766
"95",12.637,"[M-H]-","(2-oxo-2,3-dihydro-1H-indol-3-yl)acetic acid",12423,680004,649685,31658,283716,3894265,3260243,4543483,521119,345998,135958,21400,34375,27328,151065,35428,29049,31994,34579,34556,42895,148698,151928,22195,182084,197911,158000,25432,143353,308296,286632
"96",1.724,"[M-H]-","Citric acid",38399,590288094,610266717,1084875868,23665910,496695340,519794796,562654050,8816529,32610779,50431821,50091338,93098891,22485696,1140049856,18884942,75295339,49371394,900436534,755059054,817942023,126546283,69820190,273567354,1090248752,852020339,822605191,853968446,766820765,22226947,18919548
"97",2.123,"[M-H]-","Citric acid (Not validated, isomer of 227); PlaSMA ID-228",62067,1611005176,1667285096,2621163752,53627521,935274428,938515592,1049702718,159489017,257574218,324964040,196923226,378658973,220302501,2570697776,180640007,483527116,236711472,1330888604,1428445580,1475066864,237050130,188621587,534530204,2912762328,880927356,846044776,1048874802,1003051496,69876154,40415672
"98",11.372,"[M-H]-","Citric acid",32900,334301,467084,1038423,75103,536262,341248,389317,50835,32126,34071,41694,37774,22694,1161929,34676,37989,32622,313638,185632,221910,74762,48542,78883,791134,722448,705891,764451,562447,279958,153681
"99",4.355,"[M-H]-","Citric acid (Not validated, isomer of 227); PlaSMA ID-228",44166,4377934,4935918,14419415,1531274,4798494,4993014,3601490,168468,376777,189404,231635,333249,189212,13990196,336095,340979,382740,1643633,4021823,1463948,1485833,1267459,3032416,11919973,7473506,8067696,4218925,3902646,1817234,1398580
"100",5.27,"[M-H]-","Citric acid",43762,4845404,2073549,3482257,570482,2249355,2179854,1702136,177479,321793,287095,190931,1771317,110507,3311257,422344,818708,642273,1352536,1029475,1124080,240145,333482,945628,3545494,8006530,2553726,3181103,3036438,711716,562439
"101",1.901,"[M-H]-","Citric acid",40373,331534683,278222821,1084875868,23665910,496695340,938515592,327959530,7833525,15478051,19652028,14099830,26843369,12744636,1140049856,30684608,75295339,50268873,479255504,49512793,517473450,93161429,79925582,182448970,1090248752,880927356,846044776,450032064,437168638,22226947,18919548
"102",2.932,"[M-H]-","Citric acid (Not validated, isomer of 227); PlaSMA ID-228",38837,44906320,24377478,9249005,53627521,23219651,18197444,18034966,3000079,5873979,324964040,50091338,6565837,22485696,39281698,18884942,6832817,49371394,9389185,17030981,17871051,3214921,3192545,515619,17973261,46828733,45972354,48312839,45713600,5592553,6215666
"103",9.953,"[M-H]-","Citric acid",37795,610255,519647,1117519,283101,379977,389565,181005,42416,32925,43090,41331,44954,30336,1058519,25342,47337,38278,227614,197103,255045,69807,64040,58626,1025432,1084135,944423,801876,627735,410909,310093
"104",8.642,"[M-H]-","Citric acid",45370,465423,578448,1162871,75361,280786,369871,236099,47862,52880,36303,43492,59531,34907,721114,43874,67436,47929,257189,238002,266379,90850,68892,81860,1121865,699903,1437135,387721,1002525,160607,112490
"105",7.279,"[M-H]-","Citric acid",40975,958808,1604855,1457421,89677,737748,854660,647815,73522,1132961,566909,387324,70871,38298,2368175,453119,708411,88722,590888,565061,516817,145202,97536,377364,2455602,1504747,952611,854713,1089498,89382,73075
"106",13.544,"[M-H]-","Citric acid",28816,217204,241450,610943,186793,435147,237524,457374,62898,28186,66146,55083,26967,16911,654712,24436,33206,23200,163469,131233,230996,54652,33496,40915,685325,608255,745128,546246,225771,229270,171623
"107",6.479,"[M-H]-","Citric acid",47859,2735938,4172222,2778839,877222,2638248,833102,2328296,1240680,635566,1251911,1297058,374836,304860,2281590,1069953,1887376,1623785,778937,687945,695334,577902,309483,1425490,2073945,6272402,5579613,4879021,4228270,1365219,972635
"108",17.124,"[M-H]-","Citric acid",22584,501756,352361,1032220,430640,328770,140817,151782,35649,19691,18222,18142,20159,16224,1205417,13300,21275,21453,198964,162378,228437,61461,37763,46020,725450,413566,417167,409231,205865,606509,430751
"109",16.249,"[M-H]-","Ferulic acid",3759,380226,391592,8559,3134,4025968,3154654,2833861,13580,12007,7756,13226,8736,9419,4618,18742,16565,9962,11425,16001,18403,6329,10448,10254,21787,51010,38999,25872,37086,6284,4538
"110",19.13,"[M-H]-","Ferulic acid",10430,2451944,2467588,45557,2300900,4026353,4024627,2412912,181419,121362,31292,103830,649269,173005,38681,170762,226402,272389,2220386,1891402,340041,180854,169934,40956,54044,7904475,8409707,9043599,6018293,3016811,3200136
"111",2.544,"[M-H]-","D-Gluconic acid; LC-ESI-QTOF; MS2; CE",1722,695794,565844,75497,543700,1432613,1103612,1601143,80216,128746,463636,43351,590447,467403,85660,21856,335360,35516,66263,21170,244210,22506,39605,31806,60210,466680,541937,496580,475305,404994,443290
"112",1.677,"[M-H]-","D-Gluconic acid; LC-ESI-QTOF; MS2; CE",3574,27639911,31373585,6930662,22093326,39456671,47499072,51413090,11997858,11758215,13261873,10496586,10715300,12306786,5106166,11376034,19875329,15502614,11029126,18440981,12347713,3334727,5522555,2823909,5826220,40877109,35823242,32370260,35485064,17469460,16155534
"113",4.55,"[M-H]-","Acetosyringone",912,733328,628982,8323,6336,35151,36301,31416,203500,19572,119236,81165,297629,11171,2351,1990656,3318442,3156525,245627,240220,56638,2245182,1847053,1476726,9512,3413,6221,4192,4336,13446,3547
"114",3.629,"[M-H]-","3',5'-Dimethoxy-4'-hydroxyacetophenone",1660,23773,229554,64085,7391,16723,19060,10210,115534,16344,75654,52583,144701,46493,83563,636433,1013022,1036017,93674,132304,26733,872993,655786,566589,77587,7346,4714,4942,14842,6657,5133
"115",17.162,"[M-H]-","dihydroferulic acid",5565,584107,513415,39565,49650,191938,201766,313573,691735,831326,611328,1116803,1191215,780745,9173,210085,202924,176366,949309,811085,3188001,179460,182380,380600,16649,301708,298388,301807,21477,32139,8674
"116",2.037,"[M-H]-","N-Acetylhistidine",30780,383016,452369,19660,3682399,683699,250851,858379,1262048,2990072,707744,576947,820427,323714,28561,814799,574494,764063,175772,197126,370195,569325,313663,471149,11354,1117532,1395139,1023452,1108714,3520984,2549692
"117",16.716,"[M-H]-","Syringic acid",7408,3440148,3279488,19169,184592,294815,246273,303105,373196,211980,153337,176498,423666,248021,6243,588952,380103,570494,916213,1170075,406727,551297,451496,1347989,3390,16657179,17307300,13415390,14174119,262627,243124
"118",19.986,"[M-H]-","Sebacic acid; LC-ESI-QTOF; MS2; CE",1902495,2056062,2676054,1900562,5798219,2751248,2372012,2915060,2017142,1512858,1919352,1914915,1421602,1348325,2510767,2064436,1968801,1523763,2843689,2411271,3019183,2688606,2302539,2064584,2158475,1746618,1571707,2200511,1608205,3719899,4428350
"119",2.414,"[M-H]-","Ala-Ile",100707,278576936,233552880,317370121,420692845,371340306,334180491,395832005,28565197,24618550,35272211,69119405,74606611,60795710,398417272,90271069,89262869,80980660,375326628,287695512,339855586,270138269,271236772,138576273,347984124,227028837,204245555,190987605,155802414,445701733,468594408
"120",4.244,"[M-H]-","Ala-Ile",97934,2268208,2884279,1368409,2483712,3391994,2142245,3701200,667818,472996,524530,892003,904687,748680,2646666,1297742,1205102,1332523,2786168,2261135,2705135,2661746,2440032,1574450,1904789,1739580,13643158,9382179,1884216,3226745,2359674
"121",19.794,"[M-H]-","Isopentenyladenine",9501,1444749,1504343,20250,26165,11760,18524,68199,170631,303186,318140,2363778,1663830,2465175,16488,7401893,2150174,3332062,201252,455480,242035,2936683,994650,10045507,22264,18033,11675,5777,176362,30990,125766
"122",6.402,"[M-H]-","Tryptophan",28298,164219748,152797027,4717172,117819044,57776458,53137342,57405091,174061986,2544405,177666830,237739461,9116464,299471675,4085886,319012065,282786143,293967748,8016148,17200277,8269397,64994060,51801643,126084208,4900663,93770016,91951200,82811944,70961014,154390984,140443682
"123",14.904,"[M-H]-","TRYPTOPHAN",22865,899873,814939,54241,82417,63804,42321,64101,533468,580911,348598,367837,792005,278724,47515,1007450,672727,718715,449078,533100,506173,3735977,3703166,1146083,62017,193828,148969,103051,86005,107092,116285
"124",9.856,"[M-H]-","Tryptophan",24570,1163262,670742,370594,403341,768484,654879,868565,348642,396719,307187,576338,476293,516946,326760,623869,566556,720771,227854,224889,177990,140404,128602,256349,369064,929858,968418,641961,260748,406579,232727
"125",7.76,"[M-H]-","Tryptophan",26799,2710438,1946722,753159,2803282,1541791,1264254,1653770,1573788,1509007,823601,1206816,1471519,2010207,741722,1949090,1906699,2013651,576006,595615,468935,404768,421321,790930,956129,1957254,2063992,2176037,1620307,3132137,2674919
"126",17.519,"[M-H]-","3,5-dihydroxydecanoic acid",4144,11638,122811,4962,6051,155477,131616,57374,269521,271068,8814,51822,130460,7207,5046,46268,30596,111204,311686,153578,868229,47115,91281,34416,6867,5659,5392,38698,9508,4412,6567
"127",18.995,"[M-H]-","Xanthurenic Acid",0,151980,162404,190339,68476,166385,153336,707042,337730,123671,106565,464244,421494,165030,254973,872845,911849,798718,78413,63806,32387,28963,37802,134946,252193,43579,62327,48032,5320,72046,62009
"128",6.436,"[M-H]-","N-acetylphenylalanine",1836,633852,650620,274783,30074,803409,887937,907014,227316,534056,193042,202344,240414,211421,247817,16079,13246,20664,195950,213050,262744,40906,29174,72258,327829,2355351,2515955,1563145,1907302,42723,85326
"129",9.576,"[M-H]-","N-acetylphenylalanine",1712,6155780,5423679,150230,239289,1412806,1639558,1167868,13354336,30868846,6701677,8877585,13429910,5101343,18885,1953388,968869,2434347,2683076,1640609,1463923,693836,604044,1646415,161601,422434,411042,342367,457852,324276,251730
"130",1.722,"[M-H]-","Mucic acid",967,3395739,1614619,277733,497738,797744,1427953,783116,2611,4451,4515,84124,105419,106372,40674,90415,388820,325980,5199,1202,6303,117931,135155,21142,123167,5599269,5435777,6967884,5049738,505403,599511
"131",3.351,"[M-H]-","D-(+)-Pantothenic acid; LC-ESI-QTOF; MS2; CE",2176,36399557,32536801,2973678,2274942,7972357,9670384,7366669,47770877,38434588,57273401,29962943,66123154,39732961,2559800,44789417,55383617,57365583,51373838,33600578,34647972,22121595,19142619,23710586,2405137,10373044,10782073,8413176,7859356,4656019,3563176
"132",4.407,"[M-H]-","5-Hydroxytryptophan",21904,287550,810061,142974,471958,150543,153321,150800,687707,748700,733697,1072572,1040542,1278230,164670,2080930,1851660,2549742,237666,180945,189664,557275,450993,1208994,137358,505588,314197,431805,172906,559625,549139
"133",6.514,"[M-H]-","5-Hydroxytryptophan",21799,1187155,649038,772814,1082107,254559,592585,259581,661477,684695,675013,899103,894698,1281914,118406,1248606,1190635,530224,98546,70143,92717,295282,237952,532574,131116,3755721,3879025,348461,3673678,917662,713087
"134",5.09,"[M-H]-","5-Hydroxytryptophan",21224,603488,596204,83763,398680,38690,208688,141241,478445,316331,548966,808688,216991,192441,114763,1502425,1452248,2108037,151507,96402,118394,368463,356919,822241,131212,410306,247895,332350,7017720,498252,462604
"135",1.696,"[M-H]-","Cystathionine",2691,2164936,1355488,2124127,12821299,4428328,3723021,3392549,6910396,9303359,2210754,1465033,2512607,1931268,1690475,1068762,2258149,1104749,2958302,2177596,2462161,1389510,1083830,492463,1751436,192389,188964,234344,189153,13093779,11573764
"136",1.874,"[M-H]-","Cystathionine",5306,1377435,2230017,2124127,12821299,118975,112414,3413442,401410,9303359,2210754,1465033,2512607,441520,1690475,156208,2258149,1433926,1227774,2177596,2462161,198797,995896,546667,1751436,192389,123223,173347,234421,13093779,11573764
"137",19.584,"[M-H]-","Sinapic acid",2922,643745,664906,3963,618470,256638,250920,70537,5871,4581,3759,6999,4542,4715,4512,264292,326961,422411,152022,154247,115237,155614,125678,132953,6350,3639890,3396502,3573274,2425907,1200632,1002038
"138",23.876,"[M-H]-","(E)-5-(2,3-dimethyl-4,5,6,7-tetrahydro-1H-tricyclo[2.2.1.02,6]heptan-3-yl)-2-methylpent-2-enoic acid",2055778,2163757,2220935,2134510,2246903,2166151,2254288,2135844,2246485,2174005,2231612,2260412,2303104,2246020,2137041,2172322,2177268,2259010,2159081,2251710,2198187,2208770,2086422,2118474,2182310,2244162,2168471,2150895,2129479,2283156,2188775
"139",2.844,"[M-H]-","Gly-Tyr",8729,16753784,18126011,12622774,14780090,20886302,18493859,21115117,4912625,5371469,5484563,13104558,13783836,13137696,14013085,13602239,15421207,10966518,47213300,36771024,41784663,28823197,26120097,11586909,13789532,46910804,2787721,1273235,37554330,14946207,16503745
"140",20.306,"[M-H]-","Uridine",664309,1501398,1974422,545620,69212,190939,161405,198900,429489,717749,977101,854800,691342,659115,303194,1193754,1695500,2185589,2336309,2328766,2534237,1918195,2083976,3029695,207014,136656,114317,99719,86641,99690,83764
"141",26.433,"[M-H]-","Uridine",519208,1117370,2075924,517264,53118,148699,118864,165226,321090,572141,776313,694603,572488,511028,307066,1032281,1502374,2015509,2287315,2481579,2607454,2369082,1958804,3024971,199352,126759,100477,86316,74584,81842,76251
"142",17.37,"[M-H]-","Uridine",476727,933868,1382272,354398,45184,154902,101864,134917,231662,406514,514048,533868,398308,424910,168777,707904,1082361,1389268,1502577,1529127,1676366,1299047,1412534,1769278,107447,88190,76258,62392,65249,38763,64978
"143",2.827,"[M-H]-","Uridine",418754,33893527,35044775,3150332,2820305,52011641,23800308,39736425,29630889,27358549,29728518,5316308,2122737,2724454,2559556,2539822,161955252,208655493,33689884,28068793,25202172,2917490,57931185,17154843,2272528,9680897,10785996,9889799,9349873,8029976,6641022
"144",12.552,"[M-H]-","Uridine",346093,720491,1088138,281526,50110,151478,90259,141295,203040,381932,476767,430667,337635,339958,177455,604258,992542,1315736,1283827,1288623,1639221,1186645,1111786,1493303,95139,81666,74836,62184,55642,82882,67984
"145",2.287,"[M-H]-","Uridine; LC-ESI-QTOF; MS2; CE",507810,20465286,20464204,5536260,4075235,37708018,34935741,36673237,25439477,26648254,20835541,24184714,24772947,33445662,5859984,19318749,18364999,21535895,8278011,8105977,6165078,6033384,5545083,7935720,7267562,15690993,18024961,16865888,19784233,4747496,4073325
"146",4.766,"[M-H]-","Isoleucylisoleucine; PlaSMA ID-377",29697,157743078,143319797,159783301,262530476,268385778,254647169,296299016,11098499,10603882,15389434,15942415,17083521,15305566,184354876,90989551,64941821,108860782,142009813,98533235,123367721,107667660,98620698,98580550,177775624,82187775,81383546,72649972,60191450,275741168,282388019
"147",5.409,"[M-H]-","Isoleucylisoleucine; PlaSMA ID-377",26368,226461540,204219470,511934174,16631496,321121434,369376040,380299790,9547256,7030477,10313683,14618780,14529111,11448506,558002196,66979405,58008815,70949696,218403952,143843183,191379612,171128325,158775284,75656346,546427074,73756684,77261322,63954658,57365806,17866462,17171643
"148",12.944,"[M-H]-","Isoleucylisoleucine; PlaSMA ID-377",19438,81241,847109,117431,128051,628725,298658,686082,61976,34700,73548,56370,29194,28581,423809,75971,66147,58397,389587,303638,300666,102228,95237,100820,147641,75502,67033,269993,65155,139380,129882
"149",4.022,"[M-H]-","Isoleucylisoleucine; PlaSMA ID-377",28499,53104479,44670896,7186772,129584607,71433507,61641115,80239856,11646253,16429468,15725263,13387473,13006686,11581440,9923740,59867966,61233847,68882140,21541037,13551668,16863414,8106093,5979819,24523429,8284971,21937153,20829490,18261771,15544685,125867824,141095823
"150",4.576,"[M-H]-","Isoleucylisoleucine; PlaSMA ID-377",31933,157743078,17898462,5588073,23262716,24672237,16504289,23954185,9275479,10603882,10746979,12839145,11779592,10430751,184354876,39733480,38484973,108860782,4395997,3935999,4073245,3930217,3151144,16372416,177775624,10801354,81383546,10784316,60191450,275741168,22682960
"151",12.426,"[M-H]-","Isoleucylisoleucine; PlaSMA ID-377",20016,711813,298745,501697,333385,3113198,2983562,3388458,58388,41880,37933,37886,45985,29980,157669,72440,66887,76672,134522,88009,122058,107985,97074,70073,426665,742710,775942,649904,624547,378062,300516
"152",14.018,"[M-H]-","N-Acetyltryptophan",11187,351036,408741,203660,137848,138890,121872,146068,20085,32131,16058,21745,21725,25643,253754,34700,15957,17661,32054,24569,26105,29285,33373,14090,289692,1670772,1820563,1785746,1639509,181231,147365
"153",16.411,"[M-H]-","N-Acetyltryptophan",13616,606924,764183,70528,28386,1159234,796904,2090760,406241,1163425,451035,601780,617930,312801,31146,1370135,405968,725753,248326,270019,209437,1131436,791819,500867,32497,272056,275546,327592,306368,23249,17494
"154",21.566,"[M-H]-","Atractylenolide III",281683,271474,324095,307531,306326,350824,315210,322129,309271,319708,336527,315033,307527,319402,316418,309707,297658,341371,344831,328258,327298,329467,313435,322255,306234,309945,298326,317596,291951,306734,306588
"155",20.222,"[M-H]-","Citrinin",3802,14085,58722,20455,7444,263231,258602,265721,3186,3607,3608,3043,6374,3746,6152,4322,29481,43673,4635,5707,3346,4192,24700,26413,6175,4799,0,5587,5186,4378,0
"156",23.501,"[M-H]-","2-[(2S,4aR,8aS)-2-hydroxy-4a-methyl-8-methylidene-3,4,5,6,7,8a-hexahydro-1H-naphthalen-2-yl]prop-2-enoic acid",1506182,1764671,1887405,1863576,1787926,1779538,1869708,1844204,1817497,1844226,1796310,1859743,1986186,1857309,1878836,1809815,1794239,1810880,2066538,2140974,2174046,1937403,1900989,1724452,1857922,1770165,1906827,1741224,1899416,1927488,1846904
"157",18.4,"[M-H]-","rubiadin",1931,174354,187229,4059,7725,3493,0,3246,3739,2298,1896,2770,2216,2119,0,2307,2522,2509,2835,3193,0,3420,0,0,0,827432,1176654,887324,972620,0,4688
"158",20.667,"[M-H]-","rubiadin",0,1783280,2097897,5844,56986,2215634,11311141,273925,325853,77200,76079,10322,3280,7866,0,22684,20075,29620,4188,5043,15390,67501,26019,43498,4142,3807292,5207818,4547828,6292990,12030501,107028
"159",18.544,"[M-H]-","9-(2,3-dihydroxypropoxy)-9-oxononanoic acid",158536,306825,321164,249881,386879,904479,859154,976815,316254,186673,321047,244135,176337,126882,320971,332850,337871,282003,245606,278496,251412,237257,231135,256267,288119,207843,201402,313513,208385,419540,449267
"160",20.03,"[M-H]-","Abscisic acid",11706,545268,574068,25211,66826,75804,53206,77628,3818,0,3801,3542,3558,3657,31652,5042,12973,10792,142988,57528,120642,21668,11822,5164,22780,3140910,951702,846493,1891735,92445,79742
"161",22.693,"[M-H]-","zinniol",1160788,913156,948579,1016640,895716,889804,886496,876351,926647,1019126,976149,837291,853060,852664,1020418,805105,812038,858002,933070,906411,877885,840603,819559,834428,899438,900493,1005558,897503,951131,970353,893988
"162",25.412,"[M-H]-","(1S,8R,9R)-8-hydroxy-4-(propan-2-ylidene)-10-oxatricyclo[7.2.1.01,5]dodecane-8-carboxylic acid",759926,936351,624851,886349,672412,662506,720917,713918,666588,716593,673027,712909,703972,685629,827952,655718,636149,652585,686293,691010,698787,602727,646668,641903,796623,723014,765538,735897,646768,741787,749527
"163",21.756,"[M-H]-","zinniol",66701084,73503426,68719270,66041740,67005995,67811217,70181528,75016242,73935453,70954420,74937585,77923103,74654000,71765128,66023160,70464617,69453025,74443024,69919788,67494383,73549012,75249706,74196392,64172125,59935534,70695856,68039210,73170981,72502653,75488599,70204826
"164",28.36,"[M-H]-","(1S,8R,9R)-8-hydroxy-4-(propan-2-ylidene)-10-oxatricyclo[7.2.1.01,5]dodecane-8-carboxylic acid",332012,1114357,170072,954879,323762,819033,165593,513466,365846,191253,186831,515381,318083,131037,872646,314013,261710,217901,511488,321411,307423,327223,329597,242645,1669297,415207,666323,686035,690429,544276,456289
"165",11.047,"[M-H]-","Adenosine; LC-ESI-QTOF; MS2; CE",32984,274339,15644662,855221,894118,15713733,6666067,13731204,37615437,16155502,8319501,6558507,1768768,97459,604425,3816082,76062305,65221754,7450245,3933952,979998,781976,1461517,14071000,735542,2003498,2223053,2045807,1906852,2235889,2075000
"166",9.021,"[M-H]-","Adenosine; LC-ESI-QTOF; MS2; CE",28661,14418397,186081,15846,442590,12828,15595,19171,64511,93936,105428,89855,67889,2845786,4986,95458,128040,171312,262567,192319,32186,178324,103025,281449,2568,2371,3682,3880,1988,725071,631393
"167",4.036,"[M-H]-","Inosine; LC-ESI-QTOF; MS2; CE",5652,22209237,21255160,85834,208729,408407,219046,426789,7535074,1139520,366608,128746,16164,57964,14522,278803,3748605,3521252,58445567,52462176,61753733,40646248,143617582,102717582,33306,336702,132036,9034,6953,1009515,635264
"168",21.687,"[M-H]-","Genistein",3452,1600739,457536,21280,27906,2233968,19162006,302417,196677,98856,65696,796140,421369,872226,0,993334,804904,904440,248526,2821,45378,37552,207501,35352,2329,1973119,2588404,3000346,2441498,10416981,94351
"169",19.225,"[M-H]-","Genistein",2334,180923,254553,6855,0,4331,4679,5672,6795,3421,11195,5417,3965,7130,5423,3236,3727,15963,4195,4003,5743,0,0,2952,5756,1088128,1305534,962434,1447983,0,0
"170",20.381,"[M-H]-","isoimperatorin",1082040,1460899,1761882,1659097,1564236,1490675,1420419,1780014,1186941,1063788,1064300,1137518,1046801,1089392,1728858,1153934,1157470,1064128,2060695,1927377,2237240,1640808,1623076,1428468,1900097,1186257,1418618,1289273,1272432,1643467,1859487
"171",21.597,"[M-H]-","naringenin",9935,447173,599832,12767,2699,18814,36737,12410,3090,2962,11099,269485,583399,390318,9844,1924924,3803690,3094472,216377,110359,29066,380634,244854,652732,10804,2257,11936,28203,15690,202909,2131
"172",1.791,"[M-H]-","gamma-Glutamylglutamine",923,4872131,5142252,2312933,8996625,5063128,4666557,4347434,3704151,3678584,4021202,7906731,7344307,7487648,1679000,11317598,11622723,11446004,6775185,5593061,6346828,7897968,7742645,6195280,1710315,2077137,2344629,2604551,2255186,10139725,11063324
"173",1.712,"[M-H]-","L-Saccharopine; LC-ESI-QTOF; MS2; CE",2216,1535623,1480407,750,38097,39251,127729,96907,2458139,1645531,915932,1057279,2064829,901429,28548,12214321,4607906,9584972,1565876,5353834,2859774,4197515,3606516,3651950,67456,135864,53819,103962,111657,1179339,31359
"174",3.489,"[M-H]-","Asp-Phe",1238,5160122,4796622,5258585,4090945,4007923,3677909,3867758,1112894,415039,813082,2332885,1915523,1515327,5349028,5077250,3171170,4700741,12054000,8307194,10240585,5683997,4957882,3261101,4667820,1352828,1835735,1386617,1819759,4160086,4643920
"175",3.344,"[M-H]-","Asp-Phe",1238,5160122,1278449,414948,4090945,2921053,2265293,2984714,1346503,1105420,789064,1401696,678456,1515327,447533,466216,456427,621380,798119,952939,885939,385735,347527,418519,552017,1471209,1435164,1386617,1520537,4160086,4643920
"176",3.041,"[M-H]-","Asp-Phe",1008,26805887,27958784,14431839,13941691,64120945,61902402,61532661,8186042,7229463,11150935,28858224,23458778,801494,15914474,26263580,25707984,27715555,17561664,10911374,25191578,25758213,26343163,17454908,16863278,1244928,1435164,25356539,21227805,20641506,21818508
"177",7.117,"[M-H]-","2'-O-Methylinosine",2161,178804,169090,3659,106791,14970,12366,11819,160179,111465,7006,207033,368367,234599,2231,7980,5161,82316,543319,311377,591603,260066,417795,285196,2282,4150,5490,2534,5484,111108,100717
"178",5.277,"[M-H]-","Guanosine",0,34588293,30016717,2271294,7336435,70809055,30198953,56742277,19940017,610051,23368900,5855551,1643538,3947619,1012880,11519125,65486076,73583525,42915421,31096229,30539157,25436986,69287601,51337250,1785659,1359827,1784524,1325307,1561379,20168473,18659844
"179",20.638,"[M-H]-","Biochanin A",2152,17815,26679,0,0,4241,272846,8073,0,4037,0,116154,48516,140169,4872,18904,35078,24195,26484,3360,5270,9178,9862,62856,5833,169073,180187,151701,273293,66530,0
"180",6.029,"[M-H]-","Xanthosine (Not validated); PlaSMA ID-511",0,1412145,1351196,662083,10092,6362798,7819319,4757892,2062566,1127359,178167,115435,134488,4819,782752,79882,262996,184878,0,103557,15052,217270,452828,81768,490375,1704752,1782023,1424098,1496107,37125,45638
"181",22.638,"[M-H]-","CINCHONIDINE",664285,684902,1533408,594961,545137,1543207,1385267,1523071,529421,1715712,5002106,1519157,1449775,1446930,1634285,1465664,1425718,1467950,1617240,1460781,1382650,1562720,1545012,1468410,560840,560163,578061,584912,407588,5186804,1529726
"182",23.468,"[M-H]-","9-hydroxy-10,12-octadecadienoic acid",48708,609652,504139,51263,5732807,293163,285772,143535,8108,51694,61229,74036,127237,66278,54574,51244,57690,55880,70326,58174,53307,5988,53134,58532,5722,56777,56854,60551,20338,6972043,6549554
"183",17.106,"[M-H]-","5'-S-Methylthioadenosine; LC-ESI-QTOF; MS2; CE",898,412216,360082,0,6277,2376,1720,17838,278317,281956,147078,45990,183330,102398,13646,2676251,4651630,4111114,372522,72078,22113,18870,23006,223279,4418,4368,2631,3394,0,0,7145
"184",10.151,"[M-H]-","3'-O-Methylguanosine",0,7545,725724,25093,2434,482785,459725,475266,1131043,943492,747651,613247,1115618,474536,0,1187306,1249362,1106693,915600,796275,729486,1210874,1258324,437224,4824,14573,12557,12653,6334,204176,2188
"185",22.038,"[M-H]-","C10-LAS (TENTATIVE)",14506184,18913750,10298002,14737069,11741967,11369673,11553240,11527475,11601826,725631,10853940,11790827,11508854,11070492,14364829,11156061,11151958,11117641,11256640,10696321,11236991,11666859,11811624,10874032,13694588,12597722,12348433,11778516,12030493,11549233,12322052
"186",23.624,"[M-H]-","FA 18:1+1O; PlaSMA ID-585",1675071,1837527,1945513,1819372,2172569,2129020,2070019,2075087,2100954,1910984,1972025,2425603,2292995,2155002,2013105,2200929,2440472,2219162,1994962,2029364,1989626,2012598,1985408,1862647,2134158,1994218,2154659,2129516,2198582,2240975,2149767
"187",21.806,"[M-H]-","Kaempferol-4'-methyl ether",46461,258208,485783,42468,80352,35864,29427,30778,10463,13477,17560,850454,601558,921016,39587,1342410,873875,912823,335163,227911,79657,316676,290830,543843,33633,36443,24224,28116,29956,100992,97899
"188",16.18,"[M-H]-","Indole-3-acetyl-L-glutamic acid",1002,169037,642048,4704,5104,4994881,4494378,4880220,2037,235368,1803,2640,3299,2042,5737,7954,3351,5831,4077,3423,8878,2535,3472,4674,5199,3042,120898,2470,2211,40998,36501
"189",2.179,"[M-H]-","2-Deoxycytidine-5-monophosphoric acid",0,586463,869819,715792,843278,370109,260214,304637,34552,25825,17913,28885,27515,17946,542260,6303,6160,28566,3549583,2766169,3066836,1046851,808259,3101651,952118,305151,228647,652422,843895,1167981,880540
"190",2.12,"[M-H]-","Glutathione (reduced)",0,548622,236379,0,82644,46853,30502,40348,680667,195652,561384,750178,493898,3168884,20627,16848569,35500888,4610713,24547,37012,84777,1797687,1286490,2013241,0,237881,55835,44650,13148,25706,26340
"191",4.854,"[M-H]-","Gly-Tyr-Ala",866,201392,194069,9207,139148,184094,199310,212048,6155,59260,9675,4834,48678,1792018,19149,1459519,4757,6228,7258,5717,6597,4200,2783,3412,15659,689485,658904,648156,464725,115135,125968
"192",2.932,"[M-H]-","gamma-Glutamyltyrosine",1380,10665299,18515006,33310194,29367823,15055856,10621958,14144985,4140829,3580194,4744985,8449806,8423439,8047658,18618033,10295067,13654781,13143344,1368349,1333754,1321465,8486500,7225332,7429423,15445153,19942643,19040021,865137,15270533,3448609,32299030
"193",3.077,"[M-H]-","gamma-Glutamyltyrosine",991,10665299,6036196,17289047,3324635,4617535,4705265,5086784,534106,1134946,596878,1426273,2305212,1513067,36088653,9381466,10412210,11220458,23572075,13735121,21243741,12186476,11151881,6379839,36367098,847297,30237288,26949879,683526,31920885,3994083
"194",21.614,"[M-H]-","5-hydroxy-2,2-dimethyl-10-(2-methylbut-3-en-2-yl)pyrano[3,2-g]chromen-8-one",611189,644022,752568,716706,762360,715991,721388,654020,724262,709127,742196,734690,733010,714826,735152,732072,730682,687766,771566,740386,747956,789201,734096,792406,639703,702311,686065,658609,648161,738094,752134
"195",22.329,"[M-H]-","Triptophenolide",49776361,4018152,25849938,46079715,31681308,30294876,31168304,30744390,29052928,30456087,28036546,28581286,28315922,27648650,42005501,25862032,27231970,26635814,28526570,28140275,28951352,1747309,27118579,25930767,38076532,37503282,36984185,33468379,34017166,30895503,31616071
"196",22.193,"[M-H]-","Triptophenolide",3387467,59427733,1740815,46079715,2090917,1993190,476260,577768,1869627,2063868,1861743,1874244,1779984,1765672,2831968,1703956,456008,1814979,1769841,1775751,1772040,25653935,1864232,494400,2638548,37503282,2266631,2266242,34017166,1972790,31616071
"197",22.507,"[M-H]-","FA 18:1+2O; PlaSMA ID-662",43053,2655762,2839958,57427,23940595,338074,315746,2792144,62896,62287,58363,52214,60529,71481,49912,83063,99319,78890,54376,54155,62747,64505,45784,64514,58973,57156,60511,137760,66865,1104042,20415830
"198",2.893,"[M-H]-","Thymidine-5'-monophosphate; LC-ESI-QTOF; MS2; CE",915,1710066,1664284,90432,1644279,483340,283331,435244,352503,58246,152431,104451,79845,144104,136304,129838,4959,105711,7400616,6457750,6906156,2231943,1914466,7169298,55256,0,14812,17147,23102,2693026,1859222
"199",1.941,"[M-H]-","Cytidine-5'-monophosphate",859,53699359,59011376,613714,472744,6855911,2212289,5903183,1210193,1424340,2341497,4384642,1172901,3438843,750993,4090767,3455048,3962956,183380589,171103527,205611828,159310555,148662220,186811992,609422,124333,145814,123609,121738,2411731,1894429
"200",2.077,"[M-H]-","Cytidine-3'-monophosphate; LC-ESI-QTOF; MS2; CE",859,12162566,8736051,613714,1950505,1822903,1731915,1748501,22194257,50489174,48565070,4384642,6751829,11423138,750993,76691972,54059770,67181556,2166981,1809803,1801358,159310555,148662220,23122639,609422,755551,1056744,123609,121738,2411731,1894429
"201",2.191,"[M-H]-","Uridine 5'-monophosphate; LC-ESI-QTOF; MS2; CE",0,140653298,123874795,1266437,2141917,6490322,3477569,6650979,3695813,3919356,4463446,6481152,2495225,11192995,2816265,19110696,10777585,21108358,397729139,344910992,400224568,306640869,264310830,457213770,1262979,2138997,2082826,1806250,1715796,191468,2032495
"202",2.429,"[M-H]-","Uridine 5'-monophosphate; LC-ESI-QTOF; MS2; CE",882,38422045,36362681,644615,1908609,9028184,7305068,7414788,60777379,105689579,122727610,29681318,15556591,26283284,2816265,134777409,103760482,130098490,5593444,5986396,4445171,3194974,3879374,48933113,1262979,1568645,1671745,1505339,1518806,1589095,1724148
"203",14.236,"[M-H]-","Coumaroyl Hexoside (isomer of 691, 692); PlaSMA ID-690",0,3009,93130,2226,2882,797938,692376,484973,1932,1703,5604,3227,2470,1839,9504,2070,1973,2345,2581,2294,2386,2807,2448,4936,8549,8211,2550,46833,1787,29970,4190
"204",20.275,"[M-H]-","[5-acetyloxy-3-(hydroxymethyl)-2-oxo-6-propan-2-ylcyclohex-3-en-1-yl] 3-methylbutanoate",46651,177512,217185,206811,223700,191888,238301,195197,94950,90546,83691,49016,39261,86712,208253,88572,80903,89020,239756,208152,254314,220328,207345,178536,184463,143012,155550,71489,152857,208817,217730
"205",22.607,"[M-H]-","hydroquinidine",55581024,57459836,27447988,51633684,30615376,2033300,29078555,1986424,27698919,27894834,28299665,26589370,26178061,26169773,43532710,26977092,27306962,28182633,26761828,27872539,27592078,25047141,25870609,26540887,39492794,38371899,35885289,33548839,32377594,30284528,28386152
"206",21.733,"[M-H]-","(2Z)-4,6-dihydroxy-2-[(4-hydroxy-3,5-dimethoxyphenyl)methylidene]-1-benzofuran-3-one",54484,339253,629819,49976,65339,18673,10805,15299,6975,3787,5980,1815854,455802,2003057,40245,771540,679167,793028,492202,302665,123033,272466,224526,1202590,30323,27116,12250,12321,4821,102116,99244
"207",20.873,"[M-H]-","FA 18:1+3O; PlaSMA ID-738",31261,43771844,50685540,175090,363004207,15763939,463875,16439385,68959,100448,65867,312161,408497,396329,350170,381228,481833,469167,1590528,1379296,1934327,444057,361119,286440,198349,823520,1305436,1861375,1266327,307900686,209055961
"208",21.748,"[M-H]-","FA 18:1+3O; PlaSMA ID-738",2834,140209,197176,4038,1295554,1299609,690782,1283529,4158,7810,2916,4957,8776,5221,3984,7849,9902,9424,16754,17085,8152,18119,8456,12836,8446,16962,18076,6484,7563,1047053,1026737
"209",21.491,"[M-H]-","FA 18:1+3O; PlaSMA ID-738",4658,4636140,5383689,37005,41353273,755769,1244251,743990,5011,3636,4324,11967,18743,2807,8666,53777,7629,35694,24091,13571,46233,46523,9751,20437,8112,93429,130387,47679,36444,3114293,2343592
"210",5.867,"[M-H]-","2'-Deoxyadenosine 5'-monophosphate; LC-ESI-QTOF; MS2; CE",0,847385,615737,117782,1254832,66911,76828,104771,166476,7251,55679,45732,210864,5442,179058,5816,5140,16988,4435390,1633221,865609,1004037,387163,206922,84334,0,3917,0,4076,1896431,1395322
"211",2.839,"[M-H]-","2'-Deoxyinosine 5'-monophosphate; LC-ESI-QTOF; MS2; CE",949,927879,1003083,133077,11207,115743,102856,43375,3691404,256804,777965,54361,126254,125162,129634,88782,57536,24900,5312380,6445543,8384389,1288167,1524039,3002160,138960,89725,64051,108040,73344,11068,20239
"212",1.557,"[M-H]-","alpha-D-Glucose-1,6-diphosphate; LC-ESI-QTOF; MS2; CE",7470,1697209,2156421,321565,66605,22440356,12043712,13627815,40439,15474,18875,121383,95168,222936,163060,54116,15777,43168,75964,67122,150781,38844,23525,91214,316306,714119,665643,1170140,2148896,526580,259208
"213",1.873,"[M-H]-","Galactinol; LC-ESI-QTOF; MS2; CE",7406,86838769,2841048,25953122,72441716,56222263,38228418,42679655,432484,123872226,127985346,19220403,12194981,39925736,22522385,2177314,3039213,2640345,29086046,25229546,28291828,4923084,6443293,1347667,19561134,331127854,330633991,301683216,285536927,79383469,72435244
"214",1.787,"[M-H]-","Sucrose",8680,86838769,97088731,25953122,72441716,15869404,38228418,42679655,103439855,123872226,127985346,19220403,12194981,39925736,22522385,2177314,3039213,2640345,29086046,25229546,28291828,4923084,6443293,1347667,19561134,331127854,330633991,3608582,285536927,79383469,72435244
"215",12.578,"[M-H]-","Tyr-Tyr",1058,116890,125316,2212,612397,20726,50026,24299,2664,1867,2358,2440,6392,1734,3612,8185,2877,9138,3031,2660,2070,3527,16937,5136,4538,201267,191791,190112,164650,579890,494992
"216",9.862,"[M-H]-","Tyr-Tyr",0,10746704,11082556,2596527,43789360,5079553,4252558,4622460,397694,354363,793785,1883886,1939930,1503450,3469220,4769777,5056188,6059849,6923685,4811049,5454991,4083801,4137832,3477289,3033415,4941658,5056074,4798618,3300448,46763893,47928504
"217",5.16,"[M-H]-","Guanosine cyclic monophosphate",0,31921805,26586385,514116,1635343,4346803,12096598,4309951,4119257,13932261,19320222,9049708,5017941,8826165,533190,105792108,120216306,63617638,1647629,1317486,1127486,5301780,6682215,69510607,706406,1524251,2071224,1750703,1869022,307842,345618
"218",6.585,"[M-H]-","Adenosine 3'-monophosphate; LC-ESI-QTOF; MS2; CE",974,37088554,10962110,46479,428589,1248684,1358201,1980149,37369778,73739262,72402346,29069520,29349290,40741412,26696,17165763,11186475,79800504,2446101,2290606,1992259,1439416,1395951,6800935,64674,1414043,1737268,633908,1526079,249546,252429
"219",7.166,"[M-H]-","Adenosine 3'-monophosphate; LC-ESI-QTOF; MS2; CE",930,155800,32076249,25787,25078,2206794,2756941,3839152,49003009,384001,69661558,45534667,210018,20827306,1928,76030649,55014266,16699362,572090,1702665,227818,282082,339533,16422637,1925,684277,747849,1259832,22821,153398,186295
"220",3.441,"[M-H]-","Adenosine-3-monophosphate",864,12857054,534366,6736442,1656211,16614301,9196818,15182880,113578,3333372,10687,6883692,2712535,8531712,9819308,20857031,25137,26512566,2948144,2831024,2757622,585710,479990,311068,5440504,5228580,5210010,4580098,3803380,1791712,1187844
"221",3.789,"[M-H]-","Adenosine-3-monophosphate",1603,12857054,11902709,6736442,1656211,16614301,9196818,15182880,2790028,10300,2510733,6883692,18269,25317,9819308,20857031,16898938,26512566,38499381,11655316,3721889,20864023,8622154,7479025,5440504,5228580,5210010,4580098,3803380,18916,17646
"222",2.649,"[M-H]-","Inosine-5-monophosphate",1020,102947987,109510856,15264,368846,312065,32993,112771,409050,172765,141257,42535,13510,121656,103894,178365,154246,165928,321772745,290714704,351801612,269456498,305403468,254863886,43903,79267,93642,158170,91305,366589,123492
"223",19.833,"[M-H]-","Secoisolariciresinol",0,74613,73962,8527,7779,38667,45028,69733,5353,3640,0,50356,103036,75322,5797,238995,126034,148560,76185,66342,33114,192091,102093,287450,10668,5716,0,0,6106,0,0
"224",3.448,"[M-H]-","Guanosine 5'-monophosphate; LC-ESI-QTOF; MS2; CE",995,28553390,27009596,292989,787542,7856367,9728706,7959230,39348032,30070203,91074296,25058315,14220165,25384483,286963,89059920,72412744,93347078,700584,1444178,400208,829764,917066,18779684,414640,1440766,1591996,1583493,1561959,174455,220835
"225",2.528,"[M-H]-","Guanosine 5'-monophosphate; LC-ESI-QTOF; MS2; CE",920,46216165,50416147,1260805,1626994,10708671,5045012,10712692,1071190,1053314,632562,849231,533965,1870777,2097492,830976,168744,916248,137760670,145786298,147517293,141195261,150104580,136873009,1188419,699023,562397,622549,452218,2374220,1624864
"226",4.022,"[M-H]-","Guanosine 5'-monophosphate; LC-ESI-QTOF; MS2; CE",910,10810850,10737590,198961,525292,2849241,4196633,2366937,16332011,30070203,37597571,8638309,4526784,7751930,286963,43155171,33377953,33099755,2565617,2180515,2473752,1127549,1176932,14391686,229708,590021,667892,680356,570601,502410,505217
"227",17.09,"[M-H]-","(-)-Riboflavin; LC-ESI-QTOF; MS2; CE",0,801506,673901,3768,3002,120368,171664,13496,133297,111532,122676,3735650,3554479,3131607,4110,4683130,3998827,4635108,92478,173681,109311,342000,486261,1030221,4507,4625,4750,6284,4787,0,5905
"228",13.218,"[M-H]-","Donepezil",0,611029,4733790,1964,18540,1787686,1810734,1302801,72394,181116,52901,160763,455511,317676,3435068,328374,289306,7612,2323778,1536108,2001355,1173241,1033206,827689,2831567,945867,18031,15032750,1482548,6380,3769
"229",12.045,"[M-H]-","Donepezil",0,1000362,3239330,1961584,313593,2057394,885457,2136796,1920,44954,179019,414858,2210,2713,1406253,500645,3861,300598,6762114,4663442,6399670,7585640,6499398,4758300,2675487,15619078,16981748,3041,11603403,7736,34113
"230",10.097,"[M-H]-","S-Adenosyl-homocysteine",0,2452983,2646033,27814,2807,39677,1993,16556,1188521,2111326,110355,2745,3294,5721,29527,17283640,9771837,11848290,2489921,1157489,630813,706603,12805,5004832,26035,3255,2946,19930,2197,2632,9614
"231",10.469,"[M-H]-","Glu-Val-Phe",827,1804719,2492293,3858045,173987,606309,2239029,660809,157561,220580,232698,796417,311306,327552,2328201,17794,31253,1271978,8572498,5388539,6964796,2448584,3237421,2634925,2318345,858581,901999,1750390,629406,414507,363530
"232",8.499,"[M-H]-","Glu-Val-Phe",0,11581,6860502,14192,766423,533704,2283,580072,18051,6518,7582,681003,21665,21794,26472302,1302548,724360,3976,389186,6473,10493,8233641,9347410,3907332,38131113,3457,2227263,2579065,13505,786282,2673
"233",1.983,"[M-H]-","Uridine 5'-diphosphate; LC-ESI-QTOF; MS2; CE",0,1636745,2679439,34494,81288,649000,318262,154181,333972,361379,79746,101634,183165,111646,41415,296385,79004,507527,1632758,1877918,3474366,8624059,2752989,4135719,19521,0,0,25908,0,65558,40411
"234",2.062,"[M-H]-","Uridine 5'-diphosphate; LC-ESI-QTOF; MS2; CE",0,400216,342410,40933,81288,203255,318262,484433,333972,361379,537315,101634,183165,111646,41415,1114758,404887,1798922,1474256,4414903,3474366,2543733,2752989,4135719,35106,0,0,25908,0,65558,40411
"235",17.3,"[M-H]-","Leu-Leu-Tyr; LC-ESI-QTOF; MS2; CE",0,1696497,1414382,11015,40321,5323847,5514784,6389040,295351,44555,293815,1186186,91183,77290,1536340,601359,380995,338930,2384845,1759540,2708975,2175416,2486458,630976,1338261,1963701,1983497,1962299,932668,14434,7012
"236",15.725,"[M-H]-","Leu-Leu-Tyr; LC-ESI-QTOF; MS2; CE",0,3493400,3920360,4931145,2669300,1127600,977206,1345418,124315,41032,138330,291917,151234,118640,6593545,746020,540669,762331,1223140,854893,960055,1305232,1176432,882077,5381222,10852820,11289406,9951803,828023,1305770,1491765
"237",18.118,"[M-H]-","Leu-Leu-Tyr; LC-ESI-QTOF; MS2; CE",0,1797207,3965343,17916457,340838,4289823,5558501,3832021,44401,53241,58717,416580,122987,115087,14405243,532931,514777,558173,5344058,4347371,4631106,6575049,6241318,3400916,16033561,1142810,977535,3668317,164468,349547,329210
"238",16.537,"[M-H]-","Leu-Leu-Tyr; LC-ESI-QTOF; MS2; CE",0,1328390,1468713,1038933,445667,4462718,4495987,4793124,100372,125893,116923,235114,372274,390678,1170370,899773,617922,801679,1475409,1167964,1192832,1061058,893480,897265,1195949,1060694,992774,1203085,1214024,260902,224673
"239",17.881,"[M-H]-","Leu-Leu-Tyr; LC-ESI-QTOF; MS2; CE",0,2515503,2534191,3128724,683559,3222475,4501490,3655390,295351,70580,111653,274096,127626,98347,5467140,333690,224502,436281,2177459,1900042,1009412,3017298,2643338,1521109,5125136,3611482,3862442,1329784,691554,451150,375467
"240",18.928,"[M-H]-","Daidzin",1979,60331,62671,0,0,120260,4040,288586,8115,2366,4093,0,3056,10269,0,3886,0,2992,0,3630,0,0,0,0,4466,305972,445983,324481,368433,7801,5199
"241",1.623,"[M-H]-","Trehalose-6-Phosphate",0,568445,429319,40665,0,127950,120584,145847,908317,342704,481329,1841764,1655952,1854337,20425,68633,278599,40358,190999,357145,382504,129561,86374,209866,59816,165364,141220,136378,80709,151005,43286
"242",2.245,"[M-H]-","Inosine-5'-diphosphate; LC-ESI-QTOF; MS2; CE",0,1418068,2054913,0,65202,0,0,0,0,0,0,44477,48798,38493,121113,0,0,0,819998,7996867,13114365,11254230,10704628,2825171,95804,96108,120690,72840,52044,51253,55026
"243",19.179,"[M-H]-","genistin",0,257686,335022,0,54516,4679,7357,14459,3602,5982,10675,4117,4430,110994,21582,3233,40833,48659,42157,31544,0,20445,8585,44241,5060,1345850,1659069,1294992,1828347,48230,24448
"244",19.433,"[M-H]-","Kaempferol-3-O-glucoside",0,168951,185730,4734,5422,1743036,2050531,1161248,3280,2580,2665,20946,23738,3259,11456,14190,3725,3094,3767,4297,8365,8050,0,3538,5347,4662,5013,4434,8236,14593,7663
"245",19.088,"[M-H]-","Hyperoside",2138,136033,293893,0,0,2601524,3398803,1546604,12300,3419,9390,3618,0,12748,0,6685,13705,13141,3707,0,0,0,0,0,0,21026,19781,26584,22956,0,0
"246",1.796,"[M-H]-","Raffinose",0,7364351,8885803,925688,13759318,31186960,24716202,25392441,386693,277713,255174,202269,149469,374519,1494088,135772,300723,150592,449518,305723,331643,299949,324314,255777,1019196,8549399,9003160,8320071,8084071,14640674,12868629
"247",19.574,"[M-H]-","Quercetin-3-O-glucosyl-6''-acetate",0,16019,44489,0,0,322970,390932,244633,0,0,0,4065,3468,12166,4874,3383,2948,3783,11966,5395,6441,0,0,29800,18124,44441,59293,56615,23489,0,0
"248",18.272,"[M-H]-","NP-000004(11)",0,149332,147046,0,444273,4934,5343,4445,18510,19058,20328,33218,234620,210056,0,130353,190760,220209,157304,191190,10057,59432,51152,221726,6479,23209,31610,7097,4767,511709,546689
"249",1.96,"[M-H]-","UDP-D-glucose; LC-ESI-QTOF; MS2; CE",0,187963,222805,0,0,842,0,0,0,0,0,0,23484,0,0,609468,401428,419324,503932,1019941,1248152,202048,91311,262679,0,0,0,0,0,0,0
"250",18.974,"[M-H]-","3-[(2S,3R,4S,5S,6R)-4,5-dihydroxy-6-(hydroxymethyl)-3-[(2S,3R,4S,5R)-3,4,5-trihydroxyoxan-2-yl]oxyoxan-2-yl]oxy-5,7-dihydroxy-2-(4-hydroxyphenyl)chromen-4-one",0,558671,514238,0,6699,4983765,4913277,3258586,0,0,2708,3158,19971,6863,0,0,3231,4292,0,5202,0,0,0,0,0,22429,29298,16218,4517,0,20285
"251",19.057,"[M-H]-","kaempferol 7-neohesperidoside",3546,202233,207880,0,20411,2063314,2200773,1272428,3276,3277,0,3905,2787,2834,0,3874,3458,4206,13866,7360,0,0,0,15528,0,13327,9133,15516,5075,17218,17663
"252",18.537,"[M-H]-","2-(3,4-dihydroxyphenyl)-5,7-dihydroxy-3-[(2S,3R,4S,5S,6R)-3,4,5-trihydroxy-6-[[(2S,3R,4S,5R)-3,4,5-trihydroxyoxan-2-yl]oxymethyl]oxan-2-yl]oxychromen-4-one",21370,384208,620750,0,0,5609728,6191436,3757218,6868,2954,0,0,0,0,0,0,0,0,0,0,0,0,0,0,0,751296,279787,200787,174626,0,0
"253",2.287,"[M-H]-","Guanosine 5'-diphosphate-D-mannose; LC-ESI-QTOF; MS2; CE",0,77979,111967,0,0,0,0,0,0,0,0,0,0,0,0,76516,2383,62117,762092,982961,752770,106070,0,0,0,15586,0,24892,0,0,0
"254",1.931,"[M-H]-","Uridine 5'-diphospho-N-acetylglucosamine; LC-ESI-QTOF; MS2; CE",0,245124,273319,0,0,72013,29129,0,48915,0,30722,39370,139472,737846,0,1700218,1010857,932225,2943882,1677649,1801225,4028174,883278,1307902,0,33986,0,76581,23757,0,0
"255",2.054,"[M-H]-","Uridine 5'-diphospho-N-acetylglucosamine; LC-ESI-QTOF; MS2; CE",0,1514114,2123995,0,0,72013,29129,0,48915,0,276399,640726,139472,737846,0,1700218,3694512,2935623,2943882,4020643,4768906,4028174,2645836,3720719,0,33986,0,76581,23757,0,0
"256",18.76,"[M-H]-","RUTOSIDE  (rutin)",7205,492420,765969,28581,9257,7799383,9169923,4526149,18018,5720,0,5043,4497,2101,13218,0,2896,0,0,0,4841,0,0,0,18781,6556,8218,11782,11090,10150,148313
"257",2.135,"[M-H]-","Glutathione (oxidized)",0,5982393,4857789,647,0,424567,546301,369818,401603,16992188,13823272,7304184,8567515,4926591,0,9853935,12023795,11320102,4109177,718469,6402406,1810483,1648344,2088931,0,0,0,0,0,0,0
"258",2.92,"[M-H]-","beta-Nicotinamide adenine dinucleotide; LC-ESI-QTOF; MS2; CE",0,244288,292180,0,0,0,0,0,0,0,0,0,0,0,0,2204906,1593018,2038137,0,0,0,0,0,577840,0,0,0,0,0,0,0
"259",15.861,"[M-H]-","Flavin adenine dinucleotide",0,86120,82358,0,0,4403,0,0,0,0,2574,88330,46637,9913,0,429738,578385,415627,0,0,0,0,0,172270,0,0,0,0,0,0,0
"260",1.824,"[M-H]-","Verbascose",0,447083,564169,804302,3111143,567559,792830,893204,0,0,0,0,0,0,819989,28936,145638,75448,642899,455672,435009,385459,65304,0,626288,43746,113580,222670,82988,3473922,3184106
