"","Average.Rt.min.","Adduct.type","Metabolite.name","Blank_1","Blank_2","Blank_3","Blank_4","Pool_1","Pool_2","HyPea-7404_1","HyPep-4601N_3","HyPep-7504_1","HyPep-7504_2","HyPep-7504_3","HyPep-YE_1","HyPep-YE_2","HyPep-YE_3","HY-YEST-412_1","HY-YEST-412_2","HY-YEST-412_3","HyPea-7404_2","HY-YEST-466_1","HY-YEST-466_2","HY-YEST-466_3","HY-YEST-503_1","HY-YEST-503_2","HY-YEST-503_3","HY-YEST-555_1","HY-YEST-555_2","HY-YEST-555_3","HyPea-7404_3","HyPep-1510_1","HyPep-1510_2","HyPep-1510_3","HyPep-1510_4","HyPep-4601N_1","HyPep-4601N_2"
"1",2.331,"[M+H]+","3-Hydroxypyridine; LC-ESI-QTOF; MS2; CE",4942,113609,102865,121665,1185197,1083034,649400,222775,6376108,5569338,13324582,1746529,1194177,1110607,696234,837076,258145,377493,1239397,570054,588754,577553,671274,637053,726831,482376,1204274,667600,709744,731231,645867,727636,405518,325713
"2",1.76,"[M+H]+","GABA; LC-ESI-QTOF; MS2; CE",42075,167926,149752,129212,546142162,390021531,43497776,2587013,45405918,41252490,36574715,503462447,320928943,567577613,621151435,485821513,525335629,26241759,1301234650,1211897262,1515841646,200254732,148014786,167840258,48176561,25315520,480090393,39265961,7765888,3950051,7363407,9496299,5120934,3437779
"3",1.812,"[M]+","Choline; LC-ESI-QTOF; MS2; CE",194826,375965,518862,478678,549354464,538326298,428346348,206471315,940923282,914296753,865736566,496359750,420700686,349119774,255225508,380886065,289950034,401254338,130915638,281307972,213134433,120136444,97793426,131995941,119511493,155494678,123674995,362450088,1026399337,1000437443,941950890,894409799,293861488,298414862
"4",1.7,"[M+H]+","Serine",6300,63922,62432,49372,15585184,12448829,4858890,44331191,7119957,5751364,5495122,18222545,23859876,21373731,22547355,19084688,24905519,5084950,26914360,35357514,47435778,4142728,6416566,5002029,2463979,2571936,6703037,5351520,9098585,7464466,7926946,8850537,39921177,41117845
"5",4.284,"[M+H]+","Serine",2911,74263,54099,44539,6587987,4210172,577894,3146325,1656478,1096525,1545891,7904791,7419915,4369334,5006473,9372854,4997750,560924,3414084,15156702,12083140,1551177,1170938,1040723,806400,795942,1674851,537882,5656281,5171591,4572863,4285570,8158269,2113388
"6",2.314,"[M+H]+","Serine",6300,69343,46648,48084,16023280,13016923,2105257,10406110,3923280,3338628,4088407,16079546,17248226,13204973,16996018,14775222,18291977,1448648,14702260,22316359,26773998,4506157,4484562,4799506,1839438,1809006,5541306,2538297,9283721,7117826,7443782,7342287,13640792,7762074
"7",5.049,"[M+H]+","Serine",2911,76074,57678,47407,6863831,3184229,848229,1462347,1097771,823597,1126788,5521207,10917377,3155664,3742708,3105644,3543595,851142,2833410,3296039,4307502,905409,593116,1284292,403694,369514,966574,801477,5271254,5051819,4637165,4205308,4185727,4492773
"8",2.19,"[M+H]+","Serine",6300,74548,60588,49554,16213421,12815705,2105257,13680575,3689875,2567382,4088407,17988300,20454394,13890952,17729256,15780855,21472267,2510878,19730056,31347812,33126956,4506157,2504578,4799506,1951862,1875716,6754301,1286770,9283721,5313692,7443782,7342287,14013351,17817706
"9",4.05,"[M+H]+","1-Acetylimidazole",30337,69418,76466,60756,798547,637114,118314,707935,1051277,1024530,1181446,923288,411622,342199,282542,699130,462970,125706,247648,314893,265350,874051,790139,796323,248427,287660,343298,397215,912628,822345,707044,817645,712363,651242
"10",2.35,"[M+H]+","Cytosine",8156,180625,141668,113646,12785545,13456095,928952,4599551,55581262,18054399,39642647,4295126,7452472,2259925,4121564,1222611,446728,336367,49764302,36961047,43633740,53820485,37926265,45175202,12207949,74208197,22971586,721808,796457,975174,764150,956566,17945313,14739388
"11",2.04,"[M+H]+","Cytosine",10254,186596,155485,106422,29287229,27004338,9396327,5005928,5437273,4224902,6759294,28373170,32865763,28655218,13958014,7621634,12634391,2167349,49764302,36961047,43633740,58111829,56054928,63195259,195841947,47725923,275075096,8775530,4124022,4618098,4052221,4500699,10144992,7416515
"12",1.795,"[M+H]+","Histamine",5102,46769,42569,21308,12411132,10828012,4961631,2115636,1294733,1300281,1276262,3490289,2214236,1449408,221420,1431010,764189,2317351,26968407,189398,1213961,105955,431329,432400,1261683,567542,139542044,3346074,170523,3904568,5307541,4256255,2953441,2961501
"13",2.846,"[M+H]+","Uracil",4175,189320,119558,76496,13456502,13841132,1293397,987973,24310945,12362715,19047860,15635589,13074213,16286696,3481974,2175010,1084724,1113890,3523631,71877754,116799422,13133025,11984884,12060867,2682334,23371508,11019714,873039,3503612,4137934,3556388,3579988,3508513,3034978
"14",2.458,"[M+H]+","Uracil",0,174797,124916,71297,8985096,8110594,723145,198783,184045,687122,192181,12460487,14897726,13831076,12773826,12164133,10273966,498412,27399623,11338977,17399404,943347,2455992,2458666,8548604,5564234,33918366,173367,261002,279089,107795,84164,64809,96817
"15",6.36,"[M+H]+","Guanidinoacetic acid",1707252,593828,658003,836854,14072632,12364822,578150,8592912,5102822,5344145,5245397,16123091,18264419,15358926,18926670,21212085,23965158,856049,23308870,20626377,21312746,1263165,2222699,1335300,5607909,4850181,10859879,958709,8880322,9222598,8694972,7410570,12830664,12103240
"16",17.198,"[M+H]+","Guanidinoacetic acid",3006218,3338327,3505629,3531056,2771036,3283553,2803009,3632776,3969356,4034123,3757209,3342927,3319554,3300639,3450268,3492919,3511357,2950231,3645702,3683570,3366463,3303772,3303632,3211673,3151010,3201647,3320317,2965410,3276855,3444914,3552900,3547544,3177406,3271446
"17",19.664,"[M+H]+","Guanidinoacetic acid",2957019,3521183,3520324,3438783,3199300,4355775,3428716,7167420,4757479,4577703,5879527,4584022,3956853,4201559,4830771,5235402,3701082,3803480,5520229,6550395,7676971,3643521,3777355,3797063,3694307,4077479,4282578,3505069,3418482,3506017,3699511,3594862,4594429,4304977
"18",11.768,"[M+H]+","Guanidinoacetic acid",2230972,2271570,2382155,2594599,2149523,2536158,2650760,3245693,2149609,2917895,2980369,2378110,2680426,2328521,2335770,2326233,2762888,2264918,2490835,2820862,2277303,2657311,2442992,2207197,2400304,2542330,2721876,2613630,2291588,2520855,2830908,2344702,2259783,2629443
"19",28.322,"[M+H]+","Guanidinoacetic acid",1960068,2243810,2300493,2336048,2151917,2284267,2066944,2494140,2633955,2575630,2630918,2414871,2205704,2696904,2784287,2733890,2555202,2439315,2802652,2332778,2615469,2920917,2803963,2799928,2781010,2692674,2335450,2303919,1930268,2544984,2187336,2418242,2676954,2632368
"20",14.766,"[M+H]+","Guanidinoacetic acid",2688020,3022258,3072564,3113335,2788989,3303536,2671085,3463284,3297454,3120208,2992033,3110748,3095428,2981466,3134214,3289453,3293012,2846604,3051458,3535904,3220138,3331557,3226881,3052338,3113046,3231257,3230605,2879995,3089910,3340922,3316548,3119233,3331584,3249013
"21",23.414,"[M+H]+","Guanidinoacetic acid",3147794,3037754,2926559,3514372,3637423,3228881,3439184,3665894,3003078,3663426,3645745,3074987,2993872,2902625,2930634,2909764,2945725,3079570,3144755,3311906,4230092,3222146,2997091,3685563,3033173,4065894,3336466,3099017,3604032,3582891,2813843,3473665,3703293,2934640
"22",2.894,"[M+H]+","Guanidinoacetic acid",1710824,2664437,2753698,2953716,12867713,1592651,1337678,5891520,1972277,1834156,1660430,1440519,3643084,1442087,2746863,1487759,16083171,1407232,14275639,19141615,14453316,1612812,1774708,1690491,3764512,3248182,9425826,1469297,4767648,4654252,4674541,4497019,8319848,7953794
"23",3.207,"[M+H]+","Valine",4406338,2176310,1829948,1648301,7464574,14194695,538444,4377031,4884602,26316993,17430169,15793046,31993226,28510713,25902923,32233423,26470164,457550,41120738,39223748,42376271,16825570,17721484,13179111,10239812,12616958,14026449,419742,913490,1427014,1355986,1390523,6355620,5577109
"24",1.887,"[M+H]+","Valine",1842453,3659491,3512794,3113923,3446203640,2892036894,39616528,808329342,2974466328,2926515506,3384140728,5580859952,4030792112,3990731128,3807582160,4076632416,3824113972,46918869,1163969358,1127218979,1053198064,4409186504,3964907808,3657722688,337161335,314613118,750951764,42854261,187784379,185376248,181052912,176276556,1206449628,1024427852
"25",5.309,"[M+H]+","Betaine",1301027,2398896,2225127,1720410,4652197,4524926,712380,1460487,3728811,3388720,3463454,11537564,9670098,8780151,9617485,11391033,10663073,511829,5967211,5750284,8875340,7250147,7488744,5667884,1657486,1398402,2754083,491241,477233,473332,477911,426948,2138144,2232550
"26",28.532,"[M+H]+","Valine",11147274,9466538,10683769,10900135,14665333,12408151,9078515,9651885,10624965,11835404,13078623,10813692,12417584,12511130,13357246,14206691,14149796,10781252,11739818,12713644,12001510,14278613,14308754,13060609,11501612,9612184,10498853,10790721,9934352,12890905,8585747,9855196,12033083,11564364
"27",9.392,"[M+H]+","Betaine",1261242,2556755,2373945,1821514,2604028,3758528,977400,2539817,1828475,2447653,2564974,7038624,6099000,6478654,6184378,7308619,6058927,470307,3935475,3710726,4499849,3377036,4067401,5150635,1585082,1394556,1927463,667343,2888466,3070529,2895103,2816154,3157109,3295186
"28",2.21,"[M+H]+","Threonine",4783,76929,60802,68002,59395520,40190418,2621220,3231327,9137229,8171646,9418857,67322360,76192624,38247037,81132818,76034990,52158910,2605332,45889204,49365132,45913264,20497084,14442510,16321786,22012095,11153825,20349832,2674136,13253628,12008574,12621523,11502967,32287441,32453981
"29",1.712,"[M+H]+","Threonine",5393,80588,57525,52951,110093862,80786194,8194922,124464587,25469277,24411347,23772524,122753312,168689412,140378004,176765464,152712314,171057771,8269807,224282905,221317733,232090451,35068233,37556953,33405730,55920957,65536804,95496564,9410273,37027290,31431170,30488259,34976206,151844991,140728144
"30",14.339,"[M+H]+","Phenylacetaldehyde",45963,62456,55562,56138,3763108,3285954,34006,191267,371685,432359,267843,993380,10397522,434971,855828,650569,6423252,22242,896943,589180,2058513,8321291,5686320,480230,113665,116506,364886,42760,100164,110054,96986,108358,124131,126900
"31",2.988,"[M+H]+","Phenylacetaldehyde",27470,68073,58241,55667,249510600,210063671,250149,2741246,585697,449377,518933,5286018,5576702,4485589,3828561,3078914,3818296,239727,562630200,332788641,1995425944,6613821,5442511,5039954,662482,476539,100055611,239172,1259350,1198953,1242973,1647446,3241514,3559565
"32",6.863,"[M+H]+","Benzoic acid",4758,26939,19919,14442,876174,645007,507119,344519,765652,822740,849041,380714,624432,385541,462338,426999,616876,611868,367961,276153,485906,682962,391179,419464,401823,400712,540069,585132,386414,419604,383436,339206,444826,499381
"33",2.737,"[M+H]+","Benzoic acid",7823,15311,13680,6429,33579767,31847366,2852335,32052198,10777979,9755158,10856214,52742457,58687146,48059084,39022314,32263806,36632767,2703835,37659270,38995547,46296513,4923615,8702335,4883288,14523252,11137074,50465221,2808417,18938503,19688005,19599776,18695321,40354460,41154221
"34",14.585,"[M+H]+","Benzoic acid",5153,9786,11526,10069,359143,85594,241103,532124,154021,142467,36650,77725,91875,65010,73232,72329,78202,248238,157391,96961,122472,49917,211534,194794,255133,278422,208683,246439,361395,364702,321273,319028,526312,491400
"35",17.217,"[M+H]+","Benzoic acid",7892,8384,16935,12786,315164,251556,150562,355924,188248,53305,211827,93876,76824,90118,65079,77285,83953,167036,89471,106434,138946,154230,137915,150416,50729,17286,81356,176832,905005,353357,355959,318039,182623,218249
"36",7.672,"[M+H]+","NIACINAMIDE",226477,253791,230941,231204,467818,591184,230189,226933,300056,274410,348319,495418,370506,374407,400900,448842,373812,236370,672845,1413555,1452218,1363830,862417,1628445,1065340,729039,418906,229276,258146,275541,312041,338426,197703,224017
"37",5.593,"[M+H]+","NIACINAMIDE",173487,148165,154881,210634,171810812,138995732,8268504,601336,32521679,34475821,38009721,94581268,71680912,60483254,46792354,56911268,46091794,8207899,143237316,338277392,401687868,422555798,235357191,469892810,282825434,174216385,54835096,6763432,25480294,33626506,29722799,28232444,788765,814015
"38",4.22,"[M+H]+","NIACIN",28205,74703,79184,80042,1180567,1815433,201879,340557,450385,505434,547602,1499878,2135135,1941640,1994678,1594596,1491390,208434,1955773,3656777,2279072,1626298,1069907,1434671,2536297,6872088,2513714,202351,337195,373413,339303,359999,550362,490832
"39",2.789,"[M+H]+","NIACIN",19349,91258,97816,94573,168179143,115596742,2354684,16112821,23978597,22838777,25391869,216950456,214566465,171486270,163868736,109456413,143119185,2446194,195055707,112730922,134454546,87813926,112161053,107919351,301157076,470319008,285840499,2824245,11043557,8959478,7455313,7243369,26154464,23366998
"40",4.466,"[M+H]+","Maltol",4709,260794,217554,165986,1850052,1936586,2197731,8585573,2860314,2298858,2463414,3039883,1013176,949000,418770,326678,324710,3498866,258513,855062,522346,292347,295613,308912,236062,172297,195021,1764192,6900934,6955305,5880967,5355299,7270184,5512145
"41",5.653,"[M+H]+","Maltol",3344,251078,245751,164827,646335,2781537,397373,2908366,1412776,1403317,1608788,1163886,856545,726159,459032,341912,288105,421325,245141,224045,215985,283616,231024,218014,197491,162656,151997,342191,9201152,15800178,11140583,9210681,13810055,9303110
"42",5.925,"[M+H]+","Thymine; LC-ESI-QTOF; MS2; CE",3872,63084,50503,34132,1309508,281657,131734,825892,193978,168736,232316,3774073,1791987,218363,189467,175444,165360,141641,499300,1729307,450916,3299964,1966857,648966,806811,1590069,435666,119679,135178,166107,85649,83000,288968,254817
"43",6.448,"[M+H]+","Pyroglutamic acid",12355,2944048,3552790,3183998,46252798,35057130,10596896,13552605,8066762,6051130,6011977,26272402,32050396,26649615,34807820,34382177,34940564,6717472,41816139,39697458,47664150,39718789,32762360,32563436,35736590,34081344,38172700,6396113,14884928,13557907,10832079,9637472,12998572,18678473
"44",3.34,"[M+H]+","Pyroglutamic acid",5226,2973252,3428907,3042572,92469550,75367616,15866371,22417568,16096680,11853183,13296965,71957854,94980648,55800955,74045071,71564036,72308424,9896588,80942689,78981392,94859460,79260180,52456506,61575537,60636418,55353177,73000851,9729769,22162812,15433768,12380833,12048748,49410249,78717692
"45",19.718,"[M+H]+","Pyroglutamic acid",0,669474,610973,511643,5886233,6782102,1503159,1681175,1340593,1550846,985828,3842156,5190214,5332923,5880917,5499102,6369862,1496382,7830592,7868590,6349628,7111074,5990942,5605613,7333858,6189748,6937995,1179821,1058034,1103989,938422,775776,1582067,2969122
"46",12.621,"[M+H]+","Pyroglutamic acid",6040,1625511,1928817,1651956,20634032,16388935,5439403,6850054,3735015,2443471,2979512,10500414,13463260,12614206,15241024,15349750,14282467,2937504,18658946,18871544,20891037,17332884,13860561,14307251,16265017,15805220,16069809,2899653,4731692,4599723,3748845,2840165,6700135,8141000
"47",1.7,"[M+H]+","Pyroglutamic acid",0,2889956,3170960,2866324,24797750,25191043,18716990,34188408,15394960,16923788,14230822,17312768,36816682,53268914,68358400,77692958,89357468,18134501,140397271,139508853,139759585,45645877,87530866,53233852,85815562,101957020,62123680,18719277,9339616,8487957,9665402,10196682,30764767,34067109
"48",8.953,"[M+H]+","Pyroglutamic acid",13240,2942725,3438990,2779374,32582070,26299550,8821338,10228824,6568038,4566666,4285448,19893625,21616029,23341248,26961801,28171674,23770387,5029660,32151496,30542022,38118252,28417449,22444188,26122129,24632772,24760910,26020424,5513906,7474489,6115795,4596664,4042985,15040288,13577275
"49",15.846,"[M+H]+","Pyroglutamic acid",4070,1275020,1311634,1079023,11675820,12163271,2206134,3882470,2529364,2120312,2374243,6914096,9664603,9419075,11817162,10792647,11788255,1838033,13226099,13226653,14062866,10452309,10162682,9518013,11751664,10818059,11659260,1541762,3155431,2278646,1782716,1530134,5208696,7000486
"50",2.501,"[M+H]+","Pyroglutamic acid",5226,2737368,3218280,2832787,210619368,136979697,19051566,20680639,22689189,23262040,23360627,96066349,165376539,103649216,149635587,120128727,137336479,14847841,252713163,213802321,281476108,207244449,715386390,208272162,157403230,141761848,185200764,13559831,41017187,29462344,23938126,23339564,747717923,850993677
"51",2.012,"[M+H]+","Pyroglutamic acid",0,3337122,3747569,3528934,74656331,66753315,9354345,84488733,18836327,12458714,15408016,202212490,151530421,104804517,112538696,83359813,85249657,9669884,56015747,58951146,69921415,114397111,77476113,74918285,79144558,60178942,100865891,7700684,60634395,68668061,44412017,39605781,133488073,117200674
"52",1.734,"[M+H]+","Agmatine",0,4428,5902,0,5328468,4520569,2467365,3924654,10083935,10732485,9020574,2774538,2254560,2205988,1500172,904187,1618412,2764070,300444,662217,223252,307388,433380,212790,1694571,1343872,1344906,3072153,7231749,8621700,4389778,4332227,4636145,5171870
"53",1.914,"[M+H]+","Isoleucine; LC-ESI-ITFT; MS2; CE 5.0 eV; [M+H]+",106125,360239,384989,360768,8134671,9247973,756265,1068917,8610447,8756259,10042538,13670706,19528942,10309717,10063997,10942840,9913782,406450,7642336,7179823,8755177,15797844,13082768,16554961,6293110,5727532,8344905,466693,1594367136,5863028,5605985,5551317,953099,1303014
"54",3.193,"[M+H]+","Isoleucine; LC-ESI-QTOF; MS2; CE",98024,294498,286034,300348,27992784,30608426,67633691,17915741,9685554,8913869,9787043,39281010,36575784,28858654,38176508,39512829,42154082,8187954,42102070,51842074,45950881,7413596,9091162,7775771,11701590,10174364,22805219,7549460,13679503,15057060,13183941,12004530,26843198,26531599
"55",17.614,"[M+H]+","Isoleucine (not validated); PlaSMA ID-101",62275,253293,243389,225488,4834530,6940278,1899854,11749136,2831462,2548893,2267362,3491464,4008284,3839280,5219589,5281090,5344202,1775769,5420369,6192313,6066630,6040145,4935827,4345831,3583531,4557542,3135317,1752629,6848182,7507706,6776871,6373542,33869289,31187026
"56",17.238,"[M+H]+","Isoleucine; LC-ESI-QTOF; MS2; CE",69957,256091,241957,238936,9645062,12268116,390456,31498319,1778776,1278102,1422197,3411743,3977471,3626119,4562551,4950026,5138146,435328,5142748,6179608,5770064,6299420,5400290,1447327,1537180,1331195,3160654,401902,4633484,5050854,4793409,1809027,3050396,3454446
"57",19.017,"[M+H]+","Isoleucine (not validated); PlaSMA ID-101",55089,265747,219120,272339,2707079,5040040,990878,5307196,2485420,2032102,2130268,4137530,4541507,4327559,5496639,5685923,5997819,1037468,5857213,6963064,7192641,3545769,2648364,2261037,1838093,1704723,2464720,868878,8020953,8466098,7607460,6525300,5415197,5430347
"58",13.404,"[M+H]+","Isoleucine (not validated); PlaSMA ID-101",77191,249946,258952,253371,2906696,4530856,490418,29055938,1504998,1133853,1166225,3922187,5092886,3781525,5079921,5281979,6868492,449008,5678691,6573186,6362848,3242708,2061553,1611078,1834443,1483594,2596359,569943,1283936,7109341,15666738,1271408,2377143,32708821
"59",5.908,"[M+H]+","Isoleucine; LC-ESI-QTOF; MS2; CE",75410,292577,307250,283927,17006247,18015284,3112713,24100494,8964335,7542681,8444370,22106130,12370418,12836459,19091707,20492402,16159066,3684364,15439008,19635313,17265847,10684550,8584524,2895913,5167179,5693157,7255095,3511325,6920491,7524829,6540475,6515335,11625815,12537687
"60",15.416,"[M+H]+","Isoleucine (not validated); PlaSMA ID-101",62317,262301,245590,231407,1841706,3613942,6588086,4851928,1041160,794610,2490154,3500501,4130939,3623035,4687570,5031742,5276686,1042006,5146846,6261501,6046692,2880349,2015442,4416101,1614548,1408036,2193954,401455,1450611,1609431,3247251,1427611,36085411,2213270
"61",11.17,"[M+H]+","Isoleucine; LC-ESI-QTOF; MS2; CE",77060,282947,275126,240081,2301860,3668921,1012436,6162208,1581308,1267688,1301473,4513405,5078688,4261671,5867713,6384093,5877463,1075063,6562245,7437542,7597438,2929852,2135467,1668237,1697408,1481716,2633447,931108,2923895,3200385,1275981,2755923,7912183,8358102
"62",7.113,"[M+H]+","Isoleucine (not validated); PlaSMA ID-101",73882,288698,281398,297043,9838802,10302969,6020984,7500166,1539182,1564212,1628479,7720619,7803573,6467920,8960434,14364823,9060123,6529135,9567385,10953208,17522502,6767346,2589989,7751480,3624011,3774844,4767234,6814340,7441720,3192657,7189502,6600164,9131266,9568185
"63",28.618,"[M+H]+","Isoleucine; LC-ESI-QTOF; MS2; CE",270442,455772,408100,426563,925026,3455319,597507,1772558,1255562,899725,879907,3113764,3937711,3883652,4559798,4862728,5027002,544667,5557802,6285767,6569827,4045233,2806807,2169944,2113315,1962856,2639332,565825,1012573,1228908,1174050,1082399,1799594,2127790
"64",14.108,"[M+H]+","Isoleucine; LC-ESI-QTOF; MS2; CE",70767,269290,229006,246336,10679730,12795608,823698,1768787,3100496,2393803,1026391,3846568,4496202,3808959,4732424,8422311,5430831,796192,5694648,6342477,6286654,6838697,4911114,1595623,3752232,4028661,3301960,776167,6487615,17510256,1251053,6859902,3203102,3462760
"65",16.173,"[M+H]+","D-Alloisoleucine; LC-ESI-QTOF; MS2; CE",66462,248001,234645,237550,1956931,3748802,438423,1576957,1185117,1893797,871681,3524593,3892074,3568761,4765859,5026397,5060030,399432,5111021,5900286,5901154,2855969,2015609,1648322,1744274,1436430,2317856,432728,3236167,3461298,1047511,2766541,6156736,6111172
"66",2.154,"[M+H]+","Isoleucine; LC-ESI-QTOF; MS2; CE",90479,322695,342396,301226,2898218944,2187187684,344670290,1753204696,565656806,470585386,539552390,3075228672,3012738880,2681198728,2999832720,2956458264,2952312144,419520414,3110361984,3054369376,2863754696,258750496,509932790,263870471,839052764,641482203,1995103896,475074966,1594367136,1719132618,1511272768,1337805752,2334584048,2409805424
"67",1.713,"[M+H]+","Asparagine; LC-ESI-QTOF; MS2; CE",5074,30682,30874,19274,15961973,15751035,12913364,39295510,18205757,17975553,13359524,17328360,36689986,39274652,48162966,49017586,54488015,14533886,83102935,74860765,98618339,8608091,15642002,11556916,8946720,6425971,15342005,14848533,10522774,9456244,10358454,12679069,38387334,36324719
"68",1.574,"[M+H]+","Ornithine",49268,18336,12500,16296,39742406,33974771,3050587,437409,2897381,2948486,1308511,108789542,107548056,54525228,36688969,55801371,30010633,1552937,33300172,41750478,115292163,57029947,54952696,72972899,20398886,13143497,9058596,2398660,334515,283393,335938,315501,422731,588375
"69",2.151,"[M+H]+","Thiazolidine-4-carboxylic acid",0,0,0,0,11416343,749418,102670,7100429,275401,371713,73428,1176588,2101078,10560265,13990631,13773133,14767693,123546,3584531,9149017,5004011,1099878,1507910,1020506,3556379,2372606,1668029,79411,4003564,3788120,3842286,3552033,9467237,9276876
"70",3.11,"[M+H]+","Aspartic acid; LC-ESI-QTOF; MS2; CE",4751,20490,19164,10321,1232786,1029260,694677,5714663,4876980,4209684,4456768,216346,209773,2498999,694987,690670,358672,786451,9585051,11173908,9596954,320108,373088,352272,20271,67467,117315,793027,957075,900054,987094,806640,356876,366489
"71",6.054,"[M+H]+","Aspartic acid; LC-ESI-QTOF; MS2; CE",4496,19454,26019,16691,810669,541836,182246,107609,150907,160911,201110,78589,74968,98348,435844,385178,179211,235063,372235,271398,518237,100996,28785,399309,31987,57364,76334,247320,2034047,2033278,2048282,2106858,45798,134151
"72",6.339,"[M+H]+","ADENINE",30351,370492,255159,187410,2827764,3095276,350645,133589,99557,210517,203979,386979,5883762,4162200,1302246,1337422,2440199,267378,2106071,5526522,2239571,2816682,1624584,1086917,977120,754444,746168,162871,161586,90786,94250,91213,186964,151956
"73",2.115,"[M+H]+","4-Aminobenzoic acid",26564,103134,129761,128061,213221829,189193543,537927602,13861343,210919566,200463489,199883034,113315047,92671445,39572688,49562203,84555835,52085329,563236570,16992693,17997221,23408792,54429769,91457979,87941031,18420156,16178788,23980264,618056559,362360262,347010452,344919596,369861639,21392956,20214205
"74",3.408,"[M+H]+","Tyramine; LC-ESI-QTOF; MS2; CE",568559,442640,854836,916448,45214224,37537276,114740,442725,348159,334336,375324,1710998,3428906,909802,952038,2277021,1417234,131900,101996831,60026838,363462188,1452407,1248681,1175948,860046,176054,18937100,223434,361088,352095,179850,175349,251308,620765
"75",6.732,"[M+H]+","Phosphonoacetic acid",4941341,6415374,6843246,6751324,5164381,7973563,5407807,7441791,7347670,7239793,7089038,7464680,7563394,7211904,7550738,7588958,7216611,5874525,7480816,7622500,8154429,7791751,7803864,8047544,7619729,8166358,8380122,6101182,5951511,6244235,6486850,6563138,6895718,7420413
"76",14.587,"[M+H]+","Phosphonoacetic acid",3378372,3922807,4160225,4237368,2710689,4515547,2909318,4213288,3900609,4027291,3908293,4054469,4198056,4055094,4419647,4397753,4548553,3306008,4293778,4731962,4642414,4695036,4515424,4738151,4439655,4722766,4789927,3307047,3573890,3636375,3790947,4214916,4085249,4103175
"77",2.268,"[M+H]+","Phosphonoacetic acid",481876,5754419,5869362,5948595,3268142,5330261,4700736,5788843,5662298,5537215,5880710,4568420,4915601,5313690,4875193,4678860,4954547,4409586,4790952,4779771,5275160,6109332,6347266,6583440,5785944,5951885,6161971,4991931,4506050,4710627,4978393,5158010,5267646,5406443
"78",1.96,"[M+H]+","Phosphonoacetic acid",411604,5047676,7335603,7204943,3335775,5424588,4499925,6250875,5660402,5930078,5443762,4798191,4900959,5371057,5106283,5101868,5050167,4832415,4964038,4692080,5145993,5850132,6343695,4767502,6242552,6158864,6390299,4867959,4355375,4848108,5049448,5413550,5636377,5837566
"79",16.633,"[M+H]+","Phosphonoacetic acid",2777940,3242580,3337366,3421860,2217399,3631127,2486149,3215562,3266019,3317993,3328037,3604593,3410472,3511280,3543543,3899456,3814186,2617528,3473200,3811491,3804875,3677433,3725840,3830437,3641414,3877643,3934873,2739639,2849869,3027040,3092786,3046341,3180855,3264158
"80",29.932,"[M+H]+","Phosphonoacetic acid",2121440,2274279,2217843,2481828,2277121,3348536,2203323,2760866,2903004,2817039,3133593,2891479,2828630,2920074,2965935,3029103,3066063,2349634,3144612,3243614,3522131,3366726,3136907,3352998,3470401,3480894,3367698,2330229,2313741,2578705,2361543,2450446,2885146,2812400
"81",11.874,"[M+H]+","Phosphonoacetic acid",4221935,5156316,5214711,5087837,3844280,6121563,4261088,5372269,5434487,5588334,5336209,5623373,5102029,5717941,5535944,5780034,5152467,4400067,5596976,5810194,6211646,5760826,6061572,6067964,5639070,6027435,5833927,4514662,4606748,4598767,4585187,5012598,5494410,5355166
"82",1.699,"[M+H]+","L-Histidinol; LC-ESI-QTOF; MS2; CE",0,4832,4348,5534,7525468,6375495,7926714,81538,291911,321977,356644,918708,4157803,2179149,8549509,2530244,2659573,184449,24964220,174055,21032639,6578841,4436484,14337386,25044833,11388312,11992075,218741,0,4584,5458,50349,92658,35135
"83",1.574,"[M+H]+","L-Histidinol; LC-ESI-QTOF; MS2; CE",0,4832,3969,5534,2234238,1968872,4062734,58345,132601,96771,48943,202521,1024370,518960,1922751,655048,1023284,79155,24964220,9792009,21032639,2120331,2109919,4732877,7822447,4865981,3694121,118036,4656,4584,5458,13911,96472,110805
"84",9.642,"[M+H]+","4-Methyl-5-thiazoleethanol",5296,6297,5557,5929,3970028,3714668,74143,127386,10143840,11365087,10063627,10383072,9233091,5190538,4670874,3668626,5218574,71374,4710058,3228361,3208218,867401,749480,660522,873129,910272,1601555,9274,1342032,1540999,1484882,1492138,195085,154950
"85",6.358,"[M+H]+","Indole-3-carboxaldehyde",0,27907,34422,32699,26482988,24795913,882214,16440434,10013385,10200114,10161662,31554850,36590564,31460222,38667931,42927213,47024509,795555,47489990,41324063,44021658,1594672,3101936,1714147,10784705,8705359,21342581,951332,17486675,17875143,16847245,14624061,25598919,24142315
"86",19.587,"[M+H]+","Indole-3-carboxaldehyde",14011,20417,20734,18824,5290174,5527030,3335838,2596100,6978704,6543130,12792132,5447334,4583491,2590271,6464967,9398577,3224697,4155892,10672456,16319373,22200853,2497146,1647225,1865636,1408584,2703794,3405209,3394558,3076950,4614218,3532924,4256337,3893229,4030623
"87",16.371,"[M+H]+","2-hydroxyquinoline",6135,15586,23135,24425,3319924,2891761,216149,909867,429808,4731694,402076,10747950,8983035,3635574,4163704,5163944,2424779,243835,241948,6977922,279992,1187134,1157569,374299,773580,1237428,1520656,1401237,1895774,1819534,1645363,2010531,432390,455594
"88",2.223,"[M+H]+","4-Guanidinobutyric acid",89732,47832,37374,42043,59707735,57091635,7773999,27038649,162714172,127753863,223212511,48627841,60233110,27305319,23758592,19529355,20301977,7867072,4321118,6674468,6070690,27994215,13205697,13261240,4961151,6072670,4748575,7899291,21212364,19365559,22254664,35272616,32579094,33939959
"89",28.409,"[M+H]+","Spermidine; LC-ESI-QTOF; MS2; CE",418045,1514166,1562613,1463535,7093960,6050434,2900774,3860715,7569577,7133016,6599352,7464262,7011342,6435729,7189807,6376442,7146102,3345318,5760573,6813925,7140578,5243758,5050445,4990043,5629012,5897102,4944013,3552440,7087383,6384596,7689314,8153923,4799840,3603509
"90",1.496,"[M+H]+","Spermidine; LC-ESI-QTOF; MS2; CE",6107,63861,54246,33032,406687872,354725568,125199833,7684088,317400952,314753206,291772914,358461403,360656795,368976428,531327767,401649729,485206696,108147116,317774440,337954689,385036823,335361258,313132902,279234389,379527546,425896998,263029390,78052662,103910340,43560093,47428704,45104674,17857314,18196612
"91",16.056,"[M+H]+","Glutamine; LC-ESI-QTOF; MS2; CE",51355,14673,23000,45013,304782,362759,93004,1028167,76912,65951,73561,109066,113723,102935,170565,179627,180470,30640,147520,140406,158114,142698,134785,133391,168841,151652,123241,48223,322470,288957,253276,176540,1567980,1370149
"92",13.019,"[M+H]+","Glutamine; LC-ESI-QTOF; MS2; CE",18586,17173,25986,12599,671582,599277,97268,2383555,93198,186763,266396,113874,138067,119974,187978,194265,191133,83266,154812,180223,181531,162015,152997,156705,151472,143450,137714,85683,2171018,1678414,165578,1875032,904684,994957
"93",6.856,"[M+H]+","Glutamine; LC-ESI-QTOF; MS2; CE",4032,26145,6023,6634,1977640,1946237,464954,6106702,180525,143740,169022,241851,219447,188096,332078,303996,257268,448409,285233,259492,296943,614845,445594,795773,263710,375951,273084,378355,3590111,3634741,3352348,2989141,7024173,6805037
"94",12.211,"[M+H]+","Glutamine; LC-ESI-QTOF; MS2; CE",15266,12618,14409,14247,746432,648421,405683,820758,89496,75824,133317,126453,150069,122212,184733,180523,188563,260568,163679,187156,187397,189535,172650,153206,149546,170452,142536,349579,1538395,2289113,2121496,1042413,167331,830038
"95",3.872,"[M+H]+","Glutamine; LC-ESI-QTOF; MS2; CE",14794,29304,13324,14642,3513365,3470225,3341826,9099699,896876,911849,1054482,661263,464820,458481,892070,830605,591975,3449978,659287,649177,779371,1487247,568846,1198339,986265,473408,506118,3708521,4950645,4774178,4626211,4059035,10564627,9673928
"96",2.241,"[M+H]+","Glutamine; LC-ESI-QTOF; MS2; CE",29570,32809,11435,18918,9576054,9596515,6624562,11085566,10337770,9354362,10858662,2842207,2598148,2433270,6739037,3593998,5494044,7465738,5827848,7486386,3872480,9861724,6190346,7087990,5954496,6010566,5515068,6441370,11661624,11678401,11462548,10090832,16359055,17077198
"97",3.255,"[M+H]+","Glutamine; LC-ESI-QTOF; MS2; CE",12756,24573,16264,7390,8951849,9200634,1000850,37709255,1007436,704692,807038,7594196,978801,1167299,1132747,1518202,777012,571268,6269123,825262,7513539,1055733,14809638,10584919,623093,587839,663398,1523822,2222900,1965672,1997301,2458025,39591794,38858284
"98",2.631,"[M+H]+","Lysine; LC-ESI-QTOF; MS2; CE",43910,21969,24452,10421,2598726,3650382,380967,823520,588619,557935,549298,7544837,6092870,4951824,11099262,12644614,10943948,234666,7906651,9089558,8583956,1194817,1307959,1133018,29175169,24492918,3165290,241434,2718722,3434094,3675250,3183896,1261382,1363088
"99",1.607,"[M+H]+","Lysine; LC-ESI-QTOF; MS2; CE",40181,34804,30705,24756,97422598,84230984,2122904,73332528,9785124,8967738,7103982,196275434,230888204,147603680,144074668,122027204,158227987,2706780,136417537,211295251,214795042,16342975,23178768,18204556,32807725,25865614,51129682,4743430,72885394,70654157,72396919,66246498,84854049,89041397
"100",11.256,"[M+H]+","L-Glutamic acid; LC-ESI-QTOF; MS2; CE",3924,37299,41414,21752,1984338,424308,547474,408034,97922,59943,63835,300809,308111,246143,340554,401694,358251,550193,513374,458596,475260,482284,325997,292421,615266,505830,564045,573404,258756,188614,103157,255518,199314,643260
"101",5.222,"[M+H]+","Glutamate; LC-ESI-ITFT; MS2; CE 55.0 eV; [M+H]+",0,36741,40330,29215,4566807,2278652,1133068,3074566,152167,117056,111980,894088,918060,599624,961996,950649,1021904,1191997,1069007,2141213,1575981,1307374,980158,872286,3084545,2798684,2428283,1266576,3319848,3276078,3029298,2684571,205131,4008348
"102",7.202,"[M+H]+","Glutamate; LC-ESI-ITFT; MS2; CE 50.0 eV; [M+H]+",0,38090,33095,20788,4037605,1870960,362997,300183,115651,97707,105034,490615,591344,404077,576662,606492,1136722,335697,668671,955332,958142,1421813,1109514,527912,1712854,1669315,1297429,330732,2800140,2751118,2825942,2710639,100342,115026
"103",1.697,"[M+H]+","L-Glutamic acid; LC-ESI-QTOF; MS2; CE",0,46934,56573,40706,52657519,48583859,40021350,42792101,23945460,26114006,17885451,45282431,103941828,144778432,187061304,208421661,236094446,28157060,307827315,288207252,341988553,111813440,227494381,127798174,220525712,270933799,131130192,36927144,12130601,10580672,13237527,17488140,38542351,36445723
"104",4.07,"[M+H]+","L-Glutamic acid; LC-ESI-QTOF; MS2; CE",0,32576,29431,32415,4996012,2240000,1335407,769937,229296,191820,4576282,1300159,1255067,868758,1374049,1783407,1916909,1380951,2736774,2684810,2559766,2061199,1816919,1497729,2281725,2564222,6194009,1597494,2271153,2252434,2174538,2270537,937563,941857
"105",8.304,"[M+H]+","L-Glutamic acid; LC-ESI-QTOF; MS2; CE",0,28492,36329,41162,4313740,2685164,1823029,5114101,140337,108418,84860,971321,1274739,350623,960236,927678,505093,2249276,840969,1066526,1181605,891974,673098,964535,1731996,1848884,1243688,1948706,2583432,2609540,2444554,2442212,6241897,6277641
"106",13.922,"[M+H]+","Glutamate; LC-ESI-ITFT; MS2; CE 50.0 eV; [M+H]+",0,42088,33070,31059,1688293,644052,373824,290592,55625,153245,30584,235262,249698,208665,278671,306409,285800,177312,291786,326661,334311,326538,292572,218783,527102,657585,463037,358330,971103,891689,865956,862142,560244,589938
"107",5.873,"[M+H]+","L-Glutamic acid; LC-ESI-QTOF; MS2; CE",0,41972,22342,37410,3782456,1232640,655626,1327735,411237,432847,430668,618345,620357,494149,1492341,905199,828544,803000,1543521,1258416,2276534,1118333,832194,750619,1410268,1312686,1291009,404636,633880,567396,451603,423805,4038060,1518258
"108",2.102,"[M+H]+","Methionine",14619,6630,13749,16874,489976282,342498250,5123703,317435566,21258695,23368602,7714088,495346953,485398083,500346083,636923914,604673664,621871228,7676262,728106152,734526859,731988434,47103680,70014762,45778749,95258885,67492833,386575507,7791550,176465960,173822343,167157696,166686115,443545650,425171436
"109",15.518,"[M+H]+","Methionine",8007,5820,12169,5039,737515,722546,363168,1602183,43038,13650,5710,194606,239260,203927,456894,319058,356935,516066,419588,368066,340611,497852,327931,737691,656932,278465,171144,433909,1383641,1480343,1364647,1255307,2514893,2504740
"110",4.299,"[M+H]+","Methionine",7220,4864,7448,15909,2569511,3348086,292212,4143865,150125,129509,71827,3680536,3088683,2488495,7409467,7381421,4456677,455265,6147009,4873786,6498276,1621209,1277162,1901467,1019508,987587,1963337,425153,2449795,2811722,2495441,2428903,5409667,2420800
"111",3.689,"[M+H]+","Methionine",7015,8102,6240,6290,4191415,5177706,221606,4054369,207126,177608,14476,5113118,4561279,3903317,6048069,5813169,6721381,278354,6445461,7775777,7008382,4178012,2906662,1150717,3769567,3457410,4429322,287456,3455684,3814326,3277944,5578401,5620944,5350814
"112",4.012,"[M+H]+","Methionine",6373,5489,8607,5608,3422908,3839789,292212,1752437,272667,270151,76876,6581926,7106424,4814116,7409467,7381421,7527752,455265,6147009,7705543,6498276,2828650,1987524,3211592,2279081,2222193,2989971,425153,3200041,3543564,2792285,2602446,2215754,2420800
"113",12.744,"[M+H]+","Methionine",4638,8055,7018,6028,369349,404890,87487,175676,51466,30511,13633,299710,285343,332737,467787,427243,617241,112375,434040,484689,583326,425850,257659,717052,118455,188724,281768,79944,364756,360935,331496,306690,14432907,13207773
"114",2.902,"[M+H]+","Methionine",11588,6950,8049,15746,8292349,7531761,3052223,4027260,649122,662409,682910,11547367,11051229,9674719,12757941,12713600,13585028,202485,12972508,15239797,12851222,18518059,1100598,3944888,5458006,1435941,6432938,3690496,4491280,4920099,4320006,3188906,6860291,13950099
"115",10.973,"[M+H]+","Methionine",4342,6146,9557,5498,2545693,2446792,21400,11410651,47579,18235,12817,547239,540689,475034,804332,2173783,1113120,12460,579734,589537,584505,1296698,808942,135119,655347,765666,517900,10379,1072700,1192759,1056054,927885,267226,243824
"116",6.545,"[M+H]+","Methionine",5042,6174,13585,7077,1096802,1338017,123290,1226333,90790,47208,28553,1081337,1138973,1080786,1598100,1465992,1489979,231702,1982026,1876367,2019865,1066977,681714,1054380,2025540,1994650,1456061,163828,881927,948469,843052,670932,2201866,1764340
"117",15.021,"[M+H]+","Methionine",5066,5261,5334,11214,967087,1029231,16600,1783028,34051,31502,18249,203796,242812,235275,305389,323857,404428,10313,354381,382787,343911,885707,614568,351963,117357,778288,368590,8828,1794467,1877210,1680836,1667300,140004,216844
"118",6.072,"[M+H]+","Methionine",4504,6722,7157,11632,1275634,1650718,84956,1008690,118180,92668,14717,1898644,2314975,1177765,1765240,2345147,1766297,104306,1751872,2326159,1838847,1364442,867050,489861,1489463,1369269,1445906,13580,1073629,1276170,1023664,838003,864942,1275147
"119",3.052,"[M+H]+","3-Hydroxytyramine",55279,136552,157689,135110,481263,872297,47187,206682,721350,690885,862276,2752458,1380165,1483875,959353,2652840,412895,185698,568595,944547,2024588,938242,1235108,898720,853073,747785,731060,170075,240058,192208,245481,421227,294911,211671
"120",7.368,"[M+H]+","Cyclo-prolylglycine",6716,212387,227431,213315,8831776,7672475,1408014,7304763,1182442,1007048,1154535,1635347,3500172,3044319,1279903,1414560,2018288,2319037,1470386,1207900,1634355,5054590,1485550,1054867,3282735,2924192,2087503,1939668,1875142,1902546,23473297,23069610,1066359,8301080
"121",3.559,"[M+H]+","Cyclo-prolylglycine; PlaSMA ID-262",35405,210551,227579,236094,67776809,54895136,7161301,45165759,17015423,14197271,21876209,176347366,155350560,93115901,73907957,60383679,66986470,7761170,11429046,8681131,15670683,19425953,19859186,19830462,9090959,7721083,8606342,8438798,152437593,176898576,135199379,147084097,67472506,58625082
"122",1.697,"[M+H]+","Histidine",15321,37519,33325,19764,178448908,165590641,11889066,5737240,52135712,42760558,42331951,176468513,320305813,248985527,330617972,349475403,346475891,12660854,276742241,246385081,396478561,32228602,55505760,47730610,92171290,68488964,77040048,13096141,134798301,129298916,127343091,122900432,807197650,776157258
"123",2.59,"[M+H]+","Histidine",18641,33238,32259,25701,1038508,1477221,341980,597790660,6905368,7571035,7089562,544798,620817,574003,1141692,1210693,872870,295508,1007699,1007480,1292365,366443,457658,462413,471061,265385,546501,296136,1233983,1261605,1267046,1050312,994064,7777775
"124",2.095,"[M+H-H2O]+","Aconitic acid (not validated, isomer of 271); PlaSMA ID-273",6107,27881,19848,30630,317396,369565,12569868,26070,1678097,2142689,1746648,51713,15159,21076,58426,50641,57069,14010529,21045,76996,52880,3665216,3648749,5389312,130129,78102,101204,15923192,2087496,2171704,2035863,2458012,32323,40942
"125",1.711,"[M+H]+","Ala-Ala",12201,42285,41508,19735,22092617,18711359,55571623,25967189,29207076,24772018,26447301,3926319,4038476,5732302,18800003,19877864,16074163,69216954,14719948,12035051,13966538,64382687,59636326,68028512,49979343,49480271,18895076,73919057,30733810,27411605,24413858,25905828,27015852,25203241
"126",10.202,"[M+H]+","Tryptamine",50976,64885,6149,7183,7354092,7021455,148367,394272,544551,719964,628558,500562,305337,292290,718845,996460,648190,150310,360648,39106884,50346796,139696,24276,30112,30433,29921,16565,169821,64677,60702,69749,41070,577948,382455
"127",2.171,"[M+H]+","O-Acetyl-L-homoserine; LC-ESI-QTOF; MS2; CE",5970,93284,87139,59958,8146031,6802503,832404,4333788,2326026,2831218,2461583,14003165,16349954,10478501,4689483,7313825,6458030,794085,3595687,6054542,4581639,17880702,9916806,10918134,4242481,6373794,4127491,949363,1699431,1845454,1366692,1903462,5997596,5036059
"128",1.948,"[M+H]+","O-Acetyl-L-homoserine; LC-ESI-QTOF; MS2; CE",0,91740,85279,60280,7781220,5813882,832404,4279498,1980116,2867147,2339429,8440318,7960767,7495854,9618014,12139836,12403237,11421700,15885355,37401674,22500002,1774156,1306982,1073971,1248061,1191778,6798848,19626799,16753888,1995840,1387013,1903462,41570395,33554332
"129",1.854,"[M+H]+","Carnitine",71233,91118,83423,81662,23423280,24582487,918168,1977165,2765436,3494650,3906438,41903790,31860661,40232032,33379355,35384583,20869000,1666318,154966322,137392202,200836564,29612932,38085358,12251004,156317276,149866867,178804528,1281255,10137427,11053866,8268716,8696795,2570507,2178494
"130",1.768,"[M+H]+","Methioninesulfoxide",0,7523,6995,6419,16395899,14289341,10482574,18581154,24315860,22150650,30161937,43097869,39033088,28122610,13619110,25050325,11486863,9876272,27980625,13057405,30534456,4334586,8465232,6384282,3135450,2556891,15584617,11517557,9982951,10065451,10298239,16951210,19600461,21160573
"131",12.416,"[M+H]+","Phenylalanine; PlaSMA ID-359",60960,265878,262138,222135,1909888,2114413,4011287,724146,9129121,1771212,9556147,1996196,1847572,1925152,2649275,2823863,2367979,5195047,3603440,2282659,3495867,2061873,2171428,4260806,1310286,1623461,1401128,4806516,2620764,2782961,558709,9289871,6659882,5183046
"132",5.589,"[M+H]+","Phenylalanine; PlaSMA ID-359",33155,264187,264323,239308,9965752,13034036,9136682,5171340,10670014,9582830,11310194,10913457,11884669,9129137,12001300,12030622,10971395,11134868,13604255,14689662,14604404,9038061,6851625,7707666,7670916,7082650,8696540,9867900,8462563,9111165,8573443,7419256,7351654,7009439
"133",19.539,"[M+H]+","Phenylalanine; PlaSMA ID-359",147689,332349,267785,257116,2274250,2411957,925476,752443,2496495,687939,1159613,1153760,1506441,1530230,2194573,2026999,2689694,890346,2489988,2914064,2466985,2402220,1949126,1889168,908902,1478342,1105488,1406338,4139273,4700620,4476437,4209016,668742,817097
"134",11.339,"[M+H]+","Phenylalanine; PlaSMA ID-359",55324,275356,255489,237589,3997896,4696510,5368217,4149487,7177342,771427,6780947,4094705,2208055,3452076,5775491,5116765,2640366,2858644,4795882,3621639,7275341,4864855,3471644,3563490,2806686,2672311,1975141,2701170,2116310,2539124,2503741,714072,8826539,9358674
"135",12.91,"[M+H]+","Phenylalanine; PlaSMA ID-359",74728,264756,246708,240300,1745425,1829672,4987896,644121,1766219,967653,1972965,1986693,5357772,2091772,2015376,2165816,2319240,5861442,2339157,2307414,2341484,1370697,1734875,1947676,1462032,847025,1198515,5641240,559827,2200221,516125,522052,4063832,3774540
"136",22.747,"[M+H]+","Phenylalanine; PlaSMA ID-359",63741,382957,303265,286734,1632643,1435819,676466,998223,884872,667763,597442,1332945,1786025,1884105,2278372,2538672,2855197,481361,2737452,2837657,3082281,2245573,1677342,1330856,1265387,1066456,1205732,381100,734368,601421,624130,602524,846402,966831
"137",7.141,"[M+H]+","Phenylalanine; PlaSMA ID-359",39798,250099,263706,249275,4512589,5748619,818083,1588632,1183732,1010836,1536493,8616067,9485898,6568907,5936125,7067230,7593334,807770,11641957,9040098,9702199,2254843,1809062,1595299,8121503,10305233,7861786,686308,1259264,1837275,1403141,1369631,2805170,2602324
"138",18.766,"[M+H]+","Phenylalanine; PlaSMA ID-359",195994,349041,334612,304837,3885280,4148689,1602637,5897504,6546744,4807426,5694393,1186403,1365874,1426953,1816634,1940391,2036841,2654099,1989333,2066664,2473867,2938422,2320797,3475274,1832152,1478342,2014967,1406338,6888290,7409491,7263375,6513424,6111648,5999697
"139",14.906,"[M+H]+","Phenylalanine; PlaSMA ID-359",76693,277069,232842,254783,1976340,2244590,3065033,665012,1450093,1458301,1023683,7506698,1433980,3192822,2309186,2841804,1969388,3332106,1907636,2961290,3482639,2042025,1522586,1372909,1345335,1539669,1772670,739432,1295582,1315334,1236788,1069044,17062245,16709680
"140",4.055,"[M+H]+","Phenylalanine; PlaSMA ID-359",73439,277374,268094,246869,13634940,17628362,4078979,6740365,4906112,4429285,5362853,3276690256,18080799,2727036712,25055817,24514624,25451791,4745616,24808810,27988919,3392409712,8350746,6918400,59275473,8701734,7842868,14901678,2890805,17405898,17791855,14955405,13474509,63027762,60196110
"141",3.449,"[M+H]+","Phenylalanine; PlaSMA ID-359",70333,283721,253288,256683,155886649,110650483,61632373,39413458,86397513,79105882,88691881,3276690256,3209616120,2727036712,3395825976,3338968096,3283994944,90947960,3550164960,3597785312,3392409712,65140377,54019185,34216679,65480866,59038666,76474983,65554524,55420904,56995836,50131712,43692014,63027762,60196110
"142",28.593,"[M+H]+","Phenylalanine; PlaSMA ID-359",188789,469481,427541,368123,1443343,1724316,788238,1061346,1011468,833484,773968,1419373,2064257,2206314,2586776,2718464,2866302,574429,3078147,3317891,3591811,2821949,1919105,1595935,1442094,1246987,1467047,466652,527974,766352,717680,663791,930273,1149018
"143",9.619,"[M+H]+","Phenylalanine; PlaSMA ID-359",54834,283456,269164,234141,4843878,4472760,679824,1072359,988141,5720004,862595,2869206,3260702,2849806,3496082,3484083,12186143,736625,3723538,4568182,3927264,3306848,2616580,1212380,2226877,2194246,2420048,644537,2175694,2305360,2562591,2184205,1425421,1633024
"144",13.919,"[M+H]+","Phenylalanine; PlaSMA ID-359",91054,253118,249563,246261,2170897,2276842,483044,12353061,769919,1090988,1310270,1350777,2473055,1538503,1859512,3963875,2905519,374327,2038491,3159634,2104719,2259474,1655099,1816062,758958,699617,1292023,393361,838057,879984,580767,625602,701018,741625
"145",9.925,"[M+H]+","Phenylalanine; PlaSMA ID-359",54082,274757,271880,254407,6634471,7773976,618088,4452280,2231832,6008064,1074030,8118376,4636706,2724979,3281440,6575884,5815454,4358392,3960299,7954281,3398510,9567809,2616580,1595303,2226877,6496472,7283335,518116,2371568,2681113,4541739,2184205,1474224,1505839
"146",18.589,"[M+H]+","Phenylalanine; PlaSMA ID-359",182796,380260,318476,318730,3839725,4129901,2553473,4170939,6546744,5328281,5694393,1014553,1392020,1388806,2107828,2195054,1802500,1474465,2291787,2161270,2473867,4078715,3450170,3475274,1924544,2282097,1465979,2395798,5707294,6034397,6320588,5506848,3717280,3771713
"147",4.669,"[M+H]+","Phenylalanine; PlaSMA ID-359",39070,277801,256252,246931,8539587,12557883,3572912,6740365,3408601,4429285,4844805,14436049,14292586,12195457,25055817,24514624,25451791,3700753,24808810,27988919,14145397,4044773,3648946,7092077,5872454,4780071,10304960,8070337,4939877,5640313,4318249,4284714,7458794,6974254
"148",10.323,"[M+H]+","Phenylalanine; PlaSMA ID-359",53213,289876,269661,233856,4705941,5519805,3418819,6062590,6166586,2071490,6634026,2640316,3536102,4708269,5238342,9725824,3134342,4358392,4195690,4838185,4032301,4333013,7019657,2357618,7108044,2228050,2487656,3481315,5019896,2500626,2400090,3858687,1350873,5650734
"149",17.2,"[M+H]+","Phenylalanine; PlaSMA ID-359",158877,347644,330121,279369,4985027,4872024,4555915,5539405,2777772,2053466,1302519,1436910,1522719,1184970,2126545,2133554,3333053,710243,2027851,1733957,2825583,3245029,2449091,2889303,1923400,1719310,1452988,588070,13042170,13337272,13715272,12407165,4461145,3907453
"150",15.783,"[M+H]+","Phenylalanine; PlaSMA ID-359",96176,293321,262624,253973,1714105,1827923,1109714,710241,1955117,1788342,1195671,1990238,1380701,1945428,2423519,2471245,2287533,996458,2865870,2526052,3051217,2440047,1728645,1732429,1809705,1752006,1834002,914247,806726,1171677,1135156,667355,2578026,2092175
"151",11.54,"[M+H]+","Phenylalanine; PlaSMA ID-359",60794,231610,259049,228680,4549339,5020575,2325926,3366560,1364421,8634994,1330781,2958142,2568392,2922683,4093246,6040521,2663832,2858644,7210434,2585549,4759219,2751228,3496439,3563490,1996536,727554,1288763,7131050,10709704,11571918,10603154,2023350,6287977,1208539
"152",3.105,"[M+H]+","Phenylalanine; PlaSMA ID-359",75693,274102,269541,256407,2324171256,1768319644,84831562,1202912701,433084101,353233509,382727924,3276690256,3209616120,2727036712,3395825976,3338968096,3283994944,73366251,3550164960,3597785312,3392409712,123322346,316004481,129993559,574721942,424496170,1792388256,86888674,798901990,781688779,737502080,688578561,1777624628,1736441928
"153",8.813,"[M+H]+","Phenylalanine; PlaSMA ID-359",45357,264122,233898,247959,3581119,4304922,631697,1190517,1001935,1149223,1318267,3349663,13697783,3435723,6466822,6612042,5506690,565831,4016378,4054150,6824926,3042694,1909612,858112,1971073,1938673,2419264,559788,852636,971330,2097275,1879045,1755832,1742971
"154",17.859,"[M+H]+","Phenylalanine; PlaSMA ID-359",175639,355792,306583,269383,923740,2251914,938608,1017508,1327890,1373108,631718,2054181,2707015,1650901,2441255,5030872,1772287,387541,1658790,1771419,1709855,2617743,1994929,2201814,728146,1488804,1267006,5296103,7063422,7449923,7326289,6676268,556954,625766
"155",14.638,"[M+H]+","Phenylalanine; PlaSMA ID-359",76519,277716,261060,252111,3712894,4042298,935808,2346899,1444225,1416957,1068282,4480541,2192576,2140830,1755795,1888087,2616065,721485,2702945,2961290,3159948,1850907,1657336,1725944,1345335,1199195,1358310,3395114,854829,932096,804661,959056,683448,805084
"156",2.165,"[M+H]+","Pyridoxamine",5782,227813,243101,227928,4217857,3456131,1336845,1218211,716112,818306,735181,15421994,13386498,7455862,10531053,10918848,8110108,1610991,8153508,9836431,9257409,6704181,8904214,4618356,2825864,3051678,3596764,670092,5151409,749566,541797,5522492,1899920,2077486
"157",5.538,"[M+H]+","N-Acetylleucine",12478,19302,6570,8050,5522993,4145576,58771,159401,1187468,1522355,850651,3636213,34169329,1051002,7842908,15079570,5196092,50524,1258827,914931,647839,5189205,3260676,1139153,600034,491541,1032605,44121,330909,354183,255854,397760,168274,209832
"158",2.007,"[M+H]+","Gly-Val",15760,29147,14644,18202,64523033,52588966,11285951,128276291,24202282,24070224,24549571,54427674,66814369,45111487,55450484,54932640,63120315,13102946,48254695,48266731,55694077,18562018,16169514,16278812,12498127,10519349,26801160,11729245,128877730,129702575,117210583,104939270,156553644,174537116
"159",1.726,"[M+H]+","Arginine",25283,14046,30194,33070,933515158,841831526,104813536,1291214816,643530253,621963067,552778223,1134336828,1430037246,1087325268,1172564533,969893263,1104496404,124778221,642525201,1025061064,528240862,260411296,376907326,291721005,719191037,620416967,297013398,95093739,1367707211,1344777948,1187069087,1123887290,1712602897,1644621532
"160",18.653,"[M+H]+","Indoleacetic acid; LC-ESI-QTOF; MS2; CE",6468,12582,12835,10443,159500,163090,10543,43200,355389,188532,417264,359524,337686,232153,335197,177070,1365241,8674,116618,60385,270185,220825,175130,217655,28656,62764,50271,19470,131110,162122,67815,71984,122366,245328
"161",1.795,"[M+H]+","Citrulline",11003,5460,6326,6277,33750828,29708553,1361158,658014,4176172,6063888,1769296,61869379,72670996,28746286,29759674,44529309,14177115,1326384,172186771,12353101,36781300,123165725,82245016,112642375,23647256,13008020,56847410,1346321,980831,663748,700176,478430,803789,839163
"162",11.55,"[M+H]+","Phenanthridine; ESI-ITFT; direct injection; MS2; CE",0,42013,22366,20005,723664,676362,27592,207546,626321,1759090,709958,198980,1175335,174404,3409880,1884675,65539,63434,5391355,790746,1827923,650424,321676,272628,594995,646855,893142,206859,135665,166500,164969,218744,489937,378100
"163",11.095,"[M+H]+","Tyrosine; LC-ESI-QTOF; MS2; CE",5714,73658,75193,58260,1879151,1452571,497433,1727954,238403,740697,399699,829146,1018393,665169,1221593,1030272,993194,528955,1301984,1103579,1559583,1499714,959221,897635,991467,863963,1426341,535474,1175932,974409,800086,765512,522801,606001
"164",3.252,"[M+H]+","Tyrosine; LC-ESI-QTOF; MS2; CE",15970,62038,65458,70909,17582501,12141339,9695900,8617272,4093807,3700042,4138084,57669591,61211509,31320955,22547358,19269113,13279808,10880827,13658967,16122512,20168898,3904500,2308013,3532352,2756948,2304298,12447128,10454267,6223571,4231366,3708917,5297600,9425345,10625210
"165",9.975,"[M+H]+","Tyrosine; LC-ESI-QTOF; MS2; CE",6589,70774,86945,75838,1999787,1536373,585933,864390,264131,392894,247583,1475018,1926741,748840,698192,1032335,1231889,838383,1230086,1474805,1084518,1083783,786526,601489,903642,791356,1503172,765495,1845480,1689329,1323418,1019827,959613,1124827
"166",12.335,"[M+H]+","Tyrosine; LC-ESI-QTOF; MS2; CE",9333,85183,76501,80340,1275220,738693,513354,336955,780502,345196,700785,703733,1059517,786517,1111650,926322,868520,604883,1043036,654285,1355882,271832,356131,1281193,278040,259787,786221,530450,613192,617853,377460,375971,3130398,3054832
"167",5.357,"[M+H]+","Tyrosine; LC-ESI-QTOF; MS2; CE",5044,64431,62460,67608,5464497,4442675,255156,1320910,783726,530587,664862,4628531,4570884,2708521,2789252,3031209,3829097,287836,33693558,6262947,5942499,2277971,2554180,2098373,2723566,3059708,12021826,284093,2433287,1350917,1798870,1590423,1713232,1775318
"168",14.132,"[M+H]+","Tyrosine; LC-ESI-QTOF; MS2; CE",24320,78983,67165,67317,2143495,1863472,448398,3055350,338765,715404,330516,851636,725757,665094,509202,1168959,602544,452920,1063936,912487,1268684,1579151,1354159,1333580,1554956,1807813,1286054,537719,2189825,2084539,1765553,1733125,2777820,2775927
"169",2.735,"[M+H]+","Tyrosine; LC-ESI-QTOF; MS2; CE",7373,65124,76038,75262,249757485,213474115,18092090,234086916,81789024,71962516,78685657,409611702,448502329,353809836,278329840,254556927,265598234,16673740,274231737,269133982,331997342,47085695,99158930,53083932,105179467,82304171,344276958,19256438,143467369,145232603,135671930,137199141,303248237,297067145
"170",6.762,"[M+H]+","Tyrosine; LC-ESI-QTOF; MS2; CE",6192,64299,71651,60977,3036767,2133648,1748900,1233998,2575904,2691516,2763729,3856927,2867976,2674337,2811781,3084398,1804871,2073921,2233971,1738793,3091674,1180403,964571,1685995,616064,729857,1999167,1896617,2205815,2091158,1950997,1707309,1439832,1764427
"171",6.185,"[M+H]+","Tyrosine; LC-ESI-QTOF; MS2; CE",6142,64708,68261,63869,3558389,2947605,323748,1149703,1908546,1692793,1859431,1930815,4653560,1401621,1428230,1311678,2488837,595457,2047133,2384688,2645134,2649836,1938818,937292,1774336,1667905,2944756,363702,1267035,2068645,1236235,1096414,1196300,2058648
"172",17.184,"[M+H]+","Tyrosine; LC-ESI-QTOF; MS2; CE",16188,74558,93528,85459,1561739,1265684,339922,1331461,1183620,1076096,1155390,1470248,567416,814897,599170,737335,489415,363835,7258692,537322,1833750,831075,789529,613578,617872,529841,598271,373852,1782166,660225,1648811,1553538,1014483,1199078
"173",16.474,"[M+H]+","Tyrosine; LC-ESI-QTOF; MS2; CE",16497,85340,75970,79103,2284938,1923576,180385,1255104,485206,391073,500515,515688,895444,457307,533574,443265,447350,1048092,555567,2128542,757824,867590,856753,237359,512153,464605,2746961,144578,4858217,5055183,4630074,4075315,266654,348100
"174",17.932,"[M+H]+","Tyrosine; LC-ESI-QTOF; MS2; CE",24893,82061,88388,90923,1310592,759704,645539,163157,4213957,4048883,5216981,509777,578635,406733,422606,387173,431927,806111,482859,537671,661855,606281,185858,830700,214136,176841,561412,853667,1832113,1893130,1622237,1424914,266601,302957
"175",18.515,"[M+H]+","Harmane",903844,733107,717384,561578,4834784,4445274,308230,283985,3388942,3243182,4745802,88014253,63859251,21679114,51151532,26627369,8871698,197340,3551702,6337944,5545735,1144323,1233257,1032590,686935,719725,1410043,200949,960674,933052,876795,1262935,466148,501266
"176",1.709,"[M]+","Phosphocholine",0,41333,52619,44232,14123184,13467237,7983684,3167536,10634674,10382050,21658522,17132655,14564663,39015416,37332200,17849874,27774653,8097335,53036539,43348666,53292790,22411127,7898639,13872562,10684366,12297653,23163026,7350076,4206126,3107906,3708710,3849612,10465565,6439971
"177",1.755,"[M+H]+","N8-Acetylspermidine",0,0,0,0,7428619,6854937,1682223,1211816,4710654,5203986,4187395,9494148,4280454,7860164,11657350,8150114,8808541,3118972,7873874,4962324,6039405,10902362,10323335,10652586,14540635,11557054,35427183,3127333,2020404,1494546,1413911,1690347,2271810,1701090
"178",2.071,"[M+H]+","Ala-Val",8600,100668,94047,101687,114827647,86768004,164215737,132302046,112575079,80635344,54807037,65894373,54344001,40361629,44164786,59742611,43961272,215818766,76808421,97007038,48838552,131054413,107233844,123361276,65678899,71684311,78485816,172352754,25962861,21603030,23833970,20614969,137507962,138433622
"179",2.38,"[M+H]+","Gly-Ile",7243,93939,107669,91317,260927048,207705340,189862663,185442476,189625385,171287162,195291734,101091026,109030635,92785509,166039018,148380860,154477418,220513508,123573218,128990578,121816627,174778398,138427852,161513568,151022070,141830393,94676390,176086395,396130060,398882031,376706474,352078973,216266752,234589324
"180",1.774,"[M+H]+","Homoarginine",18582,0,0,0,9358897,8512458,37759646,1200642,24163664,23690755,24196848,4858340,6006578,6452525,4475370,2537674,3564561,46600046,3079128,3228853,3717997,4758726,2247409,3334643,3524794,3576146,3200822,30517297,4712642,4188072,4117757,3915962,1540566,1456095
"181",2.128,"[M+H]+","Ureidoglutaric acid",0,0,0,0,3899492,3494534,214740,538355,271837,34491,253909,923714,1116189,327999,153898,445148,283438,160633,730066,331337,434496,1073744,1077056,1094747,33476529,36336933,21670192,187376,0,36154,42997,46317,171384,53362
"182",18.483,"[M+H]+","Cytisine",16310,31368,13089,12823,56989,36358,22347,11972,546892,71223,495594,419281,1302930,384467,1424113,2099841,725815,22752,18394,15387,18797,75490,68059,92439,8526,9471,27238,48328,14778,22442,34996,17924,13548,11007
"183",9.478,"[M+H]+","5-Hydroxy-3-indoleacetic acid",4708,7830,7755,7568,491804,337267,8937,116106,3048944,2501289,3175553,34597,31283,13006,10670,20849,10685,279497,27408,18396,11323,35768,27043,10493,12364,19016,14320,40195,187471,192667,199873,204449,11848,192932
"184",3.984,"[M+H]+","N-Acetylmethionine",43117,6308,6653,6656,3805227,2859147,113530,116917,260327,329793,58636,7242014,10466174,4576741,4972350,7232246,3816930,17640,5555211,7584635,6433273,1566952,964009,268420,389181,343368,2011277,17529,1986400,2074113,1960659,1799357,49612,55034
"185",16.327,"[M+H]+","Ferulic acid",13690,4704,11574,5433,763043,865589,0,95406,9458772,7585534,6819734,11222,5495,11275,14394,6421,4833,12536,41659,12337,6225,33904,5734,13397,6748,8046,7424,8522,155872,254953,238944,180148,113893,130742
"186",6.623,"[M+H]+","Ala-Leu",23920,117960,146108,143966,1698052,2350214,4973319,1491363,1708856,1614057,1903440,448725,403098,419945,563733,567168,537417,5074090,747144,640335,660898,1335130,1120099,1215318,1250397,1810215,766233,4240447,955066,1059274,1054126,949838,1837174,1585321
"187",3.747,"[M+H]+","Ala-Leu",22952,123188,129131,141607,5053713,4371041,2810818,3524267,5108874,6987688,5488390,1276032,851972,1066463,1711062,1667972,1185900,2815909,2547505,1984163,2212835,4686001,4495253,5165504,5913531,3805498,2824717,3894431,2884028,3613478,3898357,2944609,7429404,6980758
"188",5.229,"[M+H]+","Ala-Leu",14410,118870,153409,138846,1420100,2149070,1350981,1569001,3324959,3215286,3933394,751513,477031,547688,797252,830213,679654,1165156,1338496,873398,1033065,2492666,1845803,2196892,2499038,2455961,1504079,1006056,1476836,2033588,1642593,1427729,2552756,2290089
"189",4.578,"[M+H]+","Ala-Leu",12325,120052,137094,146145,2700168,3374542,2601970,2053922,3761282,3679310,4458589,799110,610273,608771,986446,972348,711485,2489470,1808776,1285779,1399680,4086343,2693431,3074253,4071395,4038038,2082666,2241520,1884704,2797123,2276915,1873628,3392350,3328024
"190",2.403,"[M+H]+","Ala-Leu",12340,114916,126456,118787,597393213,470800402,559891347,612947128,588600865,571872483,634064533,70981822,65018098,86855143,156523111,153174643,127445203,662617571,262534064,233157280,238184588,717264806,549771097,623042716,674448410,625257572,395274018,603547407,334741018,336538822,304310118,270679885,821040178,856156180
"191",1.863,"[M+H]+","N,N-Dimethylarginine",10646,0,23890,0,9123695,10872274,25879175,5492370,3287987,4723821,4284880,17739389,22096869,21113118,17233970,20515068,18929167,24127184,23305167,19530925,21698163,9697596,10275200,10789964,20594152,21047774,21813575,21691526,14912354,14923705,15201767,15491552,7226410,6617150
"192",10.473,"[M+H]+","Spermine",21920,12336,39639,33348,345988,684934,38366,0,489630,434470,535560,694062,1777485,2257755,692334,666671,1061236,24570,498617,1262834,541650,646673,637734,448285,268696,275337,631646,59476,0,0,8473,0,0,0
"193",1.51,"[M+H]+","Spermine",0,14804,43519,31341,192795450,140011676,3884190,15804,28408,88119,89752,112528518,122194332,202581142,240241771,161982130,224812423,245071,216059548,233473031,197782533,125280680,108090268,45901069,151985124,159721184,116272524,65504,64797,19349,12204,0,0,28599
"194",12.082,"[M+H]+","Spermine",20876,17756,35852,38534,99604,225634,29650,0,209760,212848,211133,1521599,361111,1477222,1034401,686942,522004,70356,241323,276654,287742,299803,347377,258579,220835,206967,202588,100854,0,0,0,0,0,0
"195",28.42,"[M+H]+","Spermine",9631304,14524332,55882233,71770559,49558339,131506539,14224780,30378832,86901178,87899740,84147787,121251865,164469377,162615447,147454010,143597378,150019182,41380682,119759221,129071691,114248236,122569051,122605386,107243198,108144182,77359556,99324322,68403572,37388487,27135317,5878250,11234406,49545755,49166296
"196",3.553,"[M+H]+","Spermine",252485,28217,36784,42939,386585,711734,45451,0,0,15688,24482,1454968,1428229,2180167,1828619,2396953,2185784,46128,895353,1001209,982350,1542072,2342881,1430456,985388,1096771,847569,22338,0,0,0,0,0,0
"197",19.876,"[M+H]+","Isopentenyladenine",350457,357303,343509,332799,5270242,5377699,221924,680771,389672,206310,546674,843136,1828937,2013424,14160015,11446964,14595567,202378,43821488,18479737,28210820,695533,1572092,939553,8109366,3641588,30839602,278209,641940,257852,308316,290061,215565,677737
"198",19.521,"[M+H]+","TRYPTOPHAN",0,0,0,0,1466772,1327139,46975,227981,181866,264810,166361,287387,260953,261618,408174,424738,665960,58844,595753,525055,647476,219246,125504,421427,694241,144899,718854,38987,1485664,1518011,1375809,1256916,5170005,3873114
"199",8.788,"[M+H]+","TRYPTOPHAN",6248,102926,146507,91604,13673027,12792884,424752,4584048,1970457,380015,420450,1140654,4881964,991438,4669697,1535414,5234361,542782,1791401,2794330,7392272,2125796,2236162,259065,1316931,1205468,1720097,585294,29658757,31536888,25875629,33726537,831297,849844
"200",19.293,"[M+H]+","TRYPTOPHAN",11158,15785,0,0,902118,742362,101496,3476456,231221,196098,216934,275449,340133,278785,481978,523561,603843,115259,645848,587179,589750,528780,411443,421427,287113,281743,344367,116958,1415994,1502748,1391607,1145961,659087,554061
"201",6.321,"[M+H]+","TRYPTOPHAN",3463,120493,144473,147160,300235317,267824778,8953520,185667653,317000,113542510,111929747,377518798,426476600,367402580,363546,439141,555509452,774010,541390732,483724386,293409,15622299,31498698,16409276,113494908,90523946,231056157,798276,199700154,203216612,189076847,159694049,294478785,279696514
"202",14.798,"[M+H]+","Tryptophan",0,31443,29045,41807,1215488,940043,82339,449121,202194,207041,161586,362517,529099,321088,394759,486668,720452,83693,786645,1345483,567145,817131,572655,90099,1988152,415443,733018,85777,896608,837522,981941,551892,252690,346721
"203",6.943,"[M+H]+","TRYPTOPHAN",6248,111113,126859,136753,5605468,4382463,1260801,1789067,112524663,1686699,1675627,3073715,3329394,3174529,442308254,497092076,5895396,8199525,541390732,5612700,492819550,2567930,2108082,1335318,2916742,2557124,3295795,9828561,2966566,2919065,2648282,2221706,2313084,2532375
"204",15.073,"[M+H]+","TRYPTOPHAN",4406,32027,31265,36803,1063958,776875,463674,450579,228187,149036,209568,574874,686102,420028,643266,956186,995866,90387,1439257,641008,1509962,381812,340070,918632,289651,2021490,797697,79699,535524,945201,1075064,866832,224343,335122
"205",17.49,"[M+H]+","TRYPTOPHAN",7405,19833,13966,23948,890733,766108,230101,297401,781080,799901,912820,549629,329792,433197,961412,690481,968021,43231,1070150,1087592,716948,871862,584080,553048,540759,430974,567684,249696,965451,811055,717826,533228,1185763,952105
"206",15.389,"[M+H]+","TRYPTOPHAN",0,13030,31285,27199,1111894,921385,416850,494406,666857,615578,726913,587428,725820,550181,643266,846300,761580,414081,1358625,1744353,851254,918724,668652,273089,825968,820379,683453,437519,1236181,1101532,1078234,798769,584723,558625
"207",11.332,"[M+H]+","TRYPTOPHAN",0,50309,58928,55811,1438621,1104865,359241,236079,622937,539187,625286,3390796,559531,962799,910085,1117887,1088831,462118,1377757,1384013,1338225,1248547,883619,278760,816781,688805,898393,438478,944539,894867,361737,575812,405630,400263
"208",18.061,"[M+H]+","TRYPTOPHAN",0,16905,18046,9919,871807,703312,263419,166971,265072,230764,498337,346689,464650,434120,781279,864726,717159,224029,962640,485598,1205479,773830,540822,671110,569536,447028,566313,298371,421412,937816,927765,989388,337015,307094
"209",9.521,"[M+H]+","N-Acetylphenylalanine",5081,8669,7764,7764,3273355,2412956,61308,50818,906773,913512,791205,10811263,20344723,3996804,4306506,6591554,2751507,30345,1170320,700409,973887,1482329,839508,663025,356786,271252,863649,12563,271085,314222,17940,301360,210668,178911
"210",3.748,"[M+H]+","Kynurenine",4723,213221,187325,155378,2935121,2794704,406015,8912585,1544119,1316760,1151086,1989991,1803345,1665987,2111484,1967788,1613975,354034,2569118,2162998,2970906,523530,523341,488770,505841,305768,1467624,394684,8502505,9553810,8355290,7655142,4612166,4958737
"211",15.551,"[M+H]+","Cyclo(Leu-Pro)",13577,58906,66533,70952,272188727,276359285,1470576,630538764,1389733,49030043,1175366,147580214,251892337,83683070,138972136,1474581,302122511,1619190,666451,76772474,38282750,7604805,11615759,3981890,6322192,6511580,21213176,1673175,382190901,450873218,439371764,367328596,314510871,679240524
"212",16.599,"[M+H]+","Cyclo(Leu-Pro)",8985,59659,61004,50194,948112,1484358,4877852,3550532,62041066,2995388,57407253,274587450,1227634,196629618,348715188,279160382,1090980,5690301,518013,531491,79628002,236264,227484,5022731,201146,179201,268002,6818424,2363890,1971999,1921574,2200361,634468524,679240524
"213",13.24,"[M+H]+","Cyclo(Leu-Pro)",5402,73871,68441,71361,92673562,85607718,684579,36538034,602888,318602,504369,424979,27674124,489799,616717,836940,124143474,612814,768884,1171754,675613,891015,577499,207724,204589,372814,504767,668566,430343004,469552178,442677202,387241633,701420,721384
"214",6.554,"[M+H]+","Cyclo(Leu-Pro)",0,120513,125274,117168,2128688,2228262,1267935,1624950,3427734,2161493,2258917,2015654,2366228,2049195,2168044,2027900,2642357,1167801,1154803,1056513,1115902,994410,983384,724474,321418,298497,465377,1222324,2377651,2439869,2101664,587600,2063601,2419124
"215",14.471,"[M+H]+","Cyclo(Leu-Pro)",7164,64214,70160,69137,173816034,165803654,128909,285513446,30132196,20448858,2231314,34589152,64492632,15290866,4881467,3530971,1167912,100692,30690616,656147,803074,351158,7869208,505686,2637644,334393,393036,91314,664127066,762994804,735766794,626529206,38015537,306100774
"216",14.055,"[M+H]+","Cyclo(Leu-Pro)",5910,73137,69745,62866,144414150,141934026,99881,285513446,8398920,3957819,254322,432076,135040762,430106,503792,602910,1157608,123637,965927,29507440,413692,6436868,236862,212262,183113,2317789,8826367,128926,664127066,762994804,735766794,626529206,552576,29248207
"217",3.346,"[M+H]+","Pantothenic acid",7776,16623,25531,22267,28347880,23535414,2352015,1411775,6197834,6261794,5372402,48978920,35227446,59929244,21433090,51347933,27327595,2059606,48347008,55510430,57666081,48920745,28487126,27815018,18525959,14828656,19902857,1992128,8023571,8299737,6684421,6083079,2370698,1748383
"218",16.557,"[M+H]+","Zeatin",19295,21706,17433,20338,11128792,11316653,15136,14092,65034,174189,45045,1459513,2433634,2775047,909381,5409448,420867,45220,100355124,5900067,2227141,327769,696756,37374,2444758,494045,28689935,32478,16340,26427,30014,11648,14339,14447
"219",22.476,"[M+H]+","(2R)-5-methoxy-2-methyl-2,3,8,9-tetrahydrofuro[2,3-h]chromen-4-one",11268,23414,31806,14331,1813370,1634349,20246,15454,798696,509902,876578,228013,352459,314787,9987423,6357408,4747236,22536,691504,1014563,1881832,307906,334314,143906,545991,419472,1041610,39491,13825,11002,21388,46272,810763,234021
"220",26.741,"[M+H]+","(2R)-5-methoxy-2-methyl-2,3,8,9-tetrahydrofuro[2,3-h]chromen-4-one",12609,0,0,0,11673,0,0,0,0,0,0,0,0,0,44857,0,0,0,0,0,0,424328,0,0,0,0,0,0,0,0,0,0,0,0
"221",2.823,"[M+H]+","Gly-Tyr",141831,43603,41394,53640,29053958,28227673,17159799,21639182,32879425,28037326,28885597,8021766,9033853,8214803,18849375,20146067,19635956,19493146,20448384,24700355,18886352,66469682,56916106,64615934,41531489,39827478,16807115,19292485,4336358,4400086,4380828,4014068,26752168,29462358
"222",13.169,"[M+H]+","Cordycepin",8392,38658,28991,11112,4124288,3560961,604892,3843180,1787775,1015821,1094307,2256073,5212447,3510788,3947233,4890073,3835670,536708,14967909,3001790,5357979,6439903,3991214,1374362,1527202,324670,3147110,362191,6902,27056,6722,83286,8737582,6684566
"223",20.66,"[M+H]+","7,2'-Dihydroxyflavone",0,0,0,0,1643714,2293799,0,23776,2619296,12709106,311619,531683,59547,14048,19080,0,24475,0,0,0,0,30294,12015,0,11518,0,12932,0,5436843,7443512,6404533,9412991,12333946,0
"224",18.406,"[M+H]+","7,2'-Dihydroxyflavone",13130,13917,13684,27428,686031,724688,0,0,11080,7558,0,9587,7620,10197,12284,6961,12358,0,8109,9122,0,0,0,0,0,0,0,0,3720582,5187825,4252277,4009489,0,0
"225",1.734,"[M]+","sn-Glycero-3-phosphocholine; LC-ESI-QTOF; MS2; CE",83407,9333,9231,46564,571443033,564127107,63036688,46083298,155019211,163435513,210770216,1035176114,861905530,962066508,482842540,746206196,591477781,67844057,1700917482,1727742296,1696888400,124053261,144917978,216222588,198556167,224545881,807421578,72371428,65246112,61693398,64913753,71057725,33422421,36596833
"226",21.483,"[M+H]+","Luvangetin",0,0,0,12148,401577,519464,0,0,4094267,5589410,3639857,20728,0,0,0,11614,0,0,0,8177,14618,85781,14550,0,15550,0,13678,12970,19239,15987,34844,27590,0,0
"227",21.08,"[M+H]+","Luvangetin",0,0,0,0,401577,210443,0,0,1364595,1612512,1494145,20728,0,0,0,0,0,0,523493,515137,487530,0,18188,0,247069,225131,259000,17874,0,0,0,0,0,0
"228",2.537,"[M+H]+","gamma-Glutamylleucine",0,100334,101461,91358,45401196,39717524,62010400,19726954,87130074,28957199,31008573,45727929,55545972,50880351,64827927,7957584,13745412,68260662,52277684,45967906,39000283,117295078,84685426,118709206,88451838,79141350,42253194,62095974,8937782,9314421,8440070,4121041,25137125,28662275
"229",4.38,"[M+H]+","gamma-Glutamylleucine",4262,108609,115248,99960,3269362,969494,676299,203148,2946686,2110944,300285,2258670,2978784,2279213,3786453,2311221,1053692,2142831,1975957,5535720,6691568,6581556,5472531,519218,551644,462211,4108809,948222,612800,1190351,570922,1210484,11369361,64937
"230",12.33,"[M+H]+","Methohexital",0,88386,101108,99123,580659,576646,233007,175302,435836,153251,457731,364442,343821,305362,577334,450672,239752,263742,545967,162121,675974,197710,223318,685558,166225,163634,420196,296677,542784,1416177,1317861,420577,635858,665356
"231",2.085,"[M]+","Thiamine; LC-ESI-QTOF; MS2; CE",72003,50327,58973,66936,7375651,8276772,47302886,35651085,712686,56019593,79669436,3745060,3307201,6032853,16160528,11647521,15093380,51112880,43994683,26826626,31754522,21790910,26998157,29621953,5162243,5269000,16114313,44271529,374217,391889,389864,486653,27538934,32907831
"232",7.572,"[M+H]+","Adenosine; LC-ESI-QTOF; MS2; CE",0,238789,158191,96184,486737,810640,378364,270448,84582,163810,198698,757348,1184932,1232989,1345341,1627840,997580,215544,1408504,1483363,1905751,1875763,1283927,687000,565421,573201,916102,132312,49993,83228,136201,153418,65977,47790
"233",28.684,"[M+H]+","Adenosine",14979,203500,133664,70110,1099684,1414158,383181,62144,416145,447955,580240,2043123,2736270,3044087,2719109,2043238,1811806,229289,2224514,4142926,4380174,2383874,1521989,1054740,888126,906058,1291629,130088,137940,159338,163450,173133,134059,104709
"234",15.421,"[M+H]+","Adenosine; LC-ESI-QTOF; MS2; CE",5129,324693,219570,127095,1701474,1643798,532042,70946,994023,783760,939126,3575543,3093215,2466413,3019984,1955571,1835591,278441,1847511,6274305,7272002,2248144,1277871,821413,709692,710537,1154310,202652,208019,222707,231427,225874,253660,179544
"235",11.723,"[M+H]+","Adenosine; LC-ESI-QTOF; MS2; CE",6694,311875,201792,127918,2734440,3219931,27361446,128613,364218194,1995691,312914088,785942560,3480178,232073428,163794586,67987606,1489925,21678310,3006998,19123942,1129815424,2957674,1991933,30028574,732293,705474,2836166,28639835,433385,458327,373165,436043,74099473,65817624
"236",10.296,"[M+H]+","Adenosine; LC-ESI-QTOF; MS2; CE",6694,243170,198381,116072,359416307,344795359,421621,24489394,108602,224236666,226694,667303,397538194,1709374,1552873,1211656,101798715,228305,101956475,1407163688,2219925,196258001,107504864,733856,24594430,49676321,293585730,115705,79092469,93929377,79525871,77172892,434678,364562
"237",19.23,"[M+H]+","Genistein; LC-ESI-QTOF; MS2; CE",0,0,0,0,359089,388981,0,0,0,0,0,29646,30319,0,0,0,0,0,0,0,0,0,0,0,0,0,0,0,2149680,2838804,2122477,2246897,0,0
"238",21.68,"[M+H]+","Baicalein",0,0,0,0,227505,248420,0,0,283158,3049283,19010,13532,0,0,270913,141275,296808,0,344831,284703,363731,90425,50844,0,89157,74450,190927,0,328763,386467,437885,356509,1356813,0
"239",11.71,"[M+H]+","Sotalol; LC-ESI-ITFT; MS2; CE",0,0,7096,7082,481700,537026,0,321212,248959,251253,22016,27204,2751338,13963,9557,411267,284194,8080,11226,7736,12865,144991,211656,9117,11185,6433,67565,0,192233,227391,207821,279136,11823,418484
"240",13.185,"[M+H]+","Sotalol; LC-ESI-ITFT; MS2; CE",5654,6533,0,7770,112463,19403,7883,9297,10394,9207,197196,7904735,30673,2790055,520767,274112,14318,9032,10114,10288,274797,13933,223910,129907,100179,116001,21623,7848,22845,9589,28306,7568,587071,11553
"241",1.87,"[M+H]+","L-Saccharopine; LC-ESI-QTOF; MS2; CE",47993,0,0,0,832661,814428,421662,122028,340773,247120,456442,7810813,2291591,2077125,138755,1377506,96158,965350,16276128,4644159,13863636,644122,4806210,2276467,2871146,693186,1860903,336749,302070,367080,385138,276376,183252,207059
"242",21.933,"[M+H]+","3-(5,7-dimethoxy-4-oxochromen-2-yl)propanoic acid",852557,1350481,1386624,1384902,1293103,1185478,1375272,1232785,1221885,1149003,1210682,1171426,1230953,1179747,1109175,1128966,1193998,1304647,1186065,1166221,1221114,1151761,1254622,1147333,1177876,1208616,1216795,1226392,1248026,1244546,1217990,1246930,1192384,1248754
"243",3.422,"[M+H]+","Asp-Phe",5361,0,0,0,10473495,9731976,9877001,1240177,9650326,7504761,9582137,3023539,3489109,2218699,4138000,4589736,3961137,1307347,11330832,8228958,11650754,22885092,17027471,19300553,10727028,10621178,7312887,8396424,2967729,3193706,3074723,5327558,9247100,10797428
"244",13.818,"[M+H]+","1-Methyladenosine",0,0,0,0,5443884,5018040,0,2641876,11954,12972,10742,6841,11351378,9040,11706,6706,3936356,0,9860,2939681,112365,12589146,9728516,32767,36820,20758679,6384274,235774,9301,251823,408253,236709,41890,11130
"245",14.48,"[M+H]+","2'-O-Methyladenosine",0,0,0,0,5908913,6457694,244574,13322,11702845,10995196,11369231,31135059,65961,2314989,2004711,1882825,14013,134635,16337400,16490453,1583511,6526934,4440113,8443249,2722658,570182,3791498,235774,528627,524963,98214,542139,2563420,6255750
"246",20.636,"[M+H]+","5-O-Methylgenistein",0,0,0,0,254091,451840,0,0,254855,2765045,0,0,0,0,1010874,424466,1334295,0,241988,299846,159287,171137,127328,0,0,0,537839,0,2115098,2491820,1975434,3055364,510798,0
"247",5.976,"[M+H]+","Xanthosine",0,0,0,0,516149,492179,347697,0,3116219,3096748,2300166,870515,416943,74315,31446,13032,62465,379684,10826,76328,61314,140844,42355,9472,82870,167650,13544,204712,800515,841992,667098,549424,10731,0
"248",17.051,"[M+Na]+","9-(2,3-dihydroxypropoxy)-9-oxononanoic acid",52912,62211,62418,55300,248436,269957,11816,19954,24738,34898,306974,235350,64305,18768,378303,1175514,2122596,15692,969051,608382,608187,441548,376079,8005,364798,352162,554217,13485,52432,43204,23014,43003,24406,23932
"249",18.972,"[M+H]+","Luteolin",0,0,0,0,699197,761915,20982,0,6549749,6379266,4162492,0,0,0,0,0,107434,10924,0,0,0,0,0,0,0,0,0,29103,0,13547,9936,0,0,0
"250",18.52,"[M+H]+","Luteolin",0,0,0,0,419712,477172,429661,0,3654020,4113018,2798470,0,0,0,0,0,0,568104,0,0,0,0,0,0,0,0,0,572086,0,13547,9012,0,0,0
"251",17.084,"[M+H]+","5'-S-Methylthioadenosine; LC-ESI-QTOF; MS2; CE",8233,11339,12232,6458,24617689,23743161,191801,27472,347039,388631,310791,32919873,36458644,18235066,2901233,15387033,7866267,124922,136228936,174604054,158171311,27346457,5147150,1085476,1923627,1291528,16486261,199529,214197,596106,534259,495515,52731,53607
"252",11.332,"[M+H]+","RETUSIN 7-METHYL ETHER",6074,0,8596,9416,546067,509096,1795746,188286,5809689,5049306,5222517,1095621,191749,1089761,1646936,2663852,281432,2547142,2151172,109740,2090919,132144,135986,2669462,36138,23321,54501,2522895,1983546,1937696,1904463,2423468,5660604,5569863
"253",10.36,"[M+H]+","RETUSIN 7-METHYL ETHER",0,0,0,6999,2803467,2661035,1795746,4279072,40053,5049306,44011,14678,1108989,1089761,1646936,2663852,3254334,2547142,8164,2093927,2090919,3162860,2896999,2669462,1252539,1828748,1289138,2522895,1385271,1457593,1539671,1667041,128015,88399
"254",21.796,"[M+H]+","Diosmetin",0,0,0,0,116458,224662,0,0,0,0,0,0,0,0,438608,237515,387070,0,575094,378535,403612,173367,105706,46010,107342,141105,242393,0,0,0,0,0,20126,0
"255",18.7,"[M+H]+","(4S,5Z,6S)-4-(2-methoxy-2-oxoethyl)-5-[2-[(E)-3-phenylprop-2-enoyl]oxyethylidene]-6-[(2S,3R,4S,5S,6R)-3,4,5-trihydroxy-6-(hydroxymethyl)oxan-2-yl]oxy-4H-pyran-3-carboxylic acid",0,0,0,0,333546,588898,0,64781,4659345,5509860,3518519,18419,11401,0,14307,16816,10554,0,14004,0,40825,379661,211167,342467,35280,21126,27992,0,185044,149976,155048,111204,126276,79235
"256",18.325,"[M+H]+","(4S,5Z,6S)-4-(2-methoxy-2-oxoethyl)-5-[2-[(E)-3-phenylprop-2-enoyl]oxyethylidene]-6-[(2S,3R,4S,5S,6R)-3,4,5-trihydroxy-6-(hydroxymethyl)oxan-2-yl]oxy-4H-pyran-3-carboxylic acid",0,0,0,0,382556,724097,0,64781,5562144,6168311,4376035,22480,11401,0,16964,16816,10554,0,14004,0,40825,379661,211167,342467,35280,21126,27992,0,185044,149976,155048,111204,126276,79235
"257",15.897,"[M+H]+","Indole-3-acetyl-L-glutamic acid",0,0,0,0,450648,441696,41669,26055,3387937,3436472,8094,29389,6910,102907,10446,27593,376805,30442,5987,348460,8489,0,6240,0,310800,170782,165407,50284,72387,92283,116996,121682,10986,21274
"258",16.609,"[M+H]+","Indole-3-acetyl-L-glutamic acid",0,0,0,0,226188,202946,41669,26055,3387937,25134,3361714,711366,403141,430168,616805,422810,376805,30442,496887,348460,622058,0,11388,0,310800,170782,165407,50284,12154,8734,13659,22018,0,21274
"259",2.125,"[M+H]+","Glutathione (reduced)",0,0,0,0,1621165,512948,699116,104270,208276,392182,76084,706908,268572,499064,810311,643921,3486563,633764,15965103,26548729,4573423,152067,278928,240438,14210421,2200198,2203607,491769,913499,870115,874992,678932,141953,117122
"260",4.05,"[M+Na]+","2-methyl-3-[(2S,3R,4S,5S,6R)-3,4,5-trihydroxy-6-(hydroxymethyl)oxan-2-yl]oxypyran-4-one",0,0,0,0,752344,589386,554469,63527,175355,191451,142761,0,0,0,0,0,0,924740,0,0,0,0,15379,0,0,0,0,905922,3307514,3372950,3744033,3746580,24116,34722
"261",3.168,"[M+H]+","gamma-Glutamyltyrosine",27225,0,0,0,11397786,11290436,18256483,2952075,4339224,4317768,4884674,11468911,10502183,7002158,1032282,1996727,2898272,23769473,9782396,11884426,7196629,21915392,13379194,19576148,13258210,12693770,6825012,18527627,63771959,67861600,58410805,50208566,3002202,3832399
"262",20.506,"[M+H]+","feruloyltyramine",0,0,0,0,532279,651290,0,0,0,0,350137,110620,0,0,2089789,1950617,2180180,0,398441,324205,311305,3976311,1032732,2400953,60328,71901,142217,0,0,0,0,0,0,0
"263",28.385,"[M+Na]+","Cryptotanshinone",427050,307231,402369,406567,529169,339594,311874,302912,350981,366643,366043,232361,254420,274136,303975,299367,302608,326389,283594,329576,276323,351764,336035,303750,272956,277798,276390,132308,405450,486883,284233,374146,453432,434553
"264",22.553,"[M+H]+","Derrustone",0,0,0,0,135699,169810,0,10039,0,0,13254,0,0,0,1379038,634770,777410,0,0,9970,12061,195432,349426,381215,0,0,20441,0,0,0,0,0,0,0
"265",10.082,"[M+H]+","Adenosine 3',5'-cyclic monophosphate",0,0,0,0,18146624,16757531,0,124840,3420463,2722431,1922960,7262014,23543308,32315049,31196150,16692216,24517064,50379,58661088,62023124,24092971,2315121,2842013,1387250,7704467,9311604,23328311,12625,2686199,3584002,2979120,2655033,84758,61985
"266",5.778,"[M+H]+","2'-Deoxyadenosine-5'-monophosphate",0,0,0,0,1362615,1231157,171166,1861338,114750,121089,159837,294756,175422,94101,82020,61347,152133,331778,22924,13216,16784,7424968,2827678,1457174,1783538,721225,405398,179580,0,25752,16621,8950,3045912,2450849
"267",24.14,"[M+H]+","Isopongaflavone",1350705,345993,340510,285263,1360624,370389,412209,208288,162849,201691,205852,261036,150965,151317,126691,143914,120621,348612,159622,374590,432028,376483,180077,162460,117228,368209,369520,292981,253265,212308,256567,184937,219236,206683
"268",18.998,"[M+H]+","N6-Isopentenyladenosine",0,0,0,0,1943777,2010835,11258,0,119949,59488,136794,887558,1095763,489339,687336,441925,750383,46089,269946,16350740,14104630,2317507,1463029,1718040,322919,2382628,2846792,17540,148013,67922,235489,157477,37226,29811
"269",23.259,"[M+H]+","Carpachromene",16798784,8464888,7692491,7716561,18041727,8680314,7181306,4977315,5063710,4914491,5182090,5752164,3739220,3360495,3251998,2972595,3268633,6995293,3545107,8453920,8826642,7948791,3735540,3651989,3121183,8104748,8484227,6973910,6749380,6305665,5898108,5115903,5510526,5544917
"270",24.652,"[M+H]+","Erucamide",335399,422085,429264,416475,328663,1057279,397315,523415,475028,628322,564825,614052,590248,650637,617585,690791,757327,345605,656119,903349,819900,903405,852600,872239,1026904,1170502,1067140,455520,489385,479922,493701,504371,529068,515575
"271",25.36,"[M+H]+","Erucamide",805511,1139392,1035102,1201241,1053606,1022511,1059324,1113077,1068916,1144180,1093634,1030362,1096171,1002123,978665,966183,992038,1138979,980601,1174765,1050197,1219688,1115251,1046239,1002522,1127692,1128773,1234395,1252824,1175581,1167819,1177095,1118980,1193212
"272",25.76,"[M+H]+","Erucamide",3263409,6137851,6202836,6530585,5751120,3397918,3671639,3236745,3289115,2727886,3595649,2971963,2611108,2517667,3047086,3060293,2061640,4946432,2604105,3895289,3049068,5870235,3489082,2472608,2243411,3427603,3397280,4121910,3294378,3552424,3489672,2960812,2999126,2977964
"273",1.803,"[M+H]+","Maltose",0,0,0,0,4468302,5100832,3613992,1931000,24904078,24100702,23106030,2691641,3196331,3617844,299727,215043,411642,3614964,367915,332313,327186,455990,704463,487225,309950,387477,338520,2807749,26645314,26189884,26468509,25947578,1469212,1411941
"274",14.408,"[M+H]+","Tyr-Tyr",0,0,0,0,17612,19352,0,7038,420784,103239,68574,11627,119081,6705,13094,205805,24798,0,201908,201956,210180,63605,105139,196961,7730,0,7930,9088,0,9299,6092,6546,902804,8251
"275",9.828,"[M+H]+","Tyr-Tyr",0,0,0,0,19326951,18493730,3913650,60254098,9311017,7449714,8937970,857013,774874,1498019,3179745,3731318,2922662,6272871,8571951,10136797,10109173,12101556,7445217,9545476,7410950,6777270,5651863,5179768,9958741,10005320,10053008,6421235,81249799,96460420
"276",3.666,"[M+H]+","Adenosine 3'-monophosphate; LC-ESI-QTOF; MS2; CE",0,0,0,0,22412571,21755473,11276844,2417440,26383694,16320640,26346307,4623664,5030125,4014255,11869380,4434621,14618511,16132579,33456153,29622408,44099242,69516069,20062721,6097953,35802992,15485703,13550524,10165639,9265346,9968441,8548490,7274795,2998424,2079689
"277",6.644,"[M+H]+","Adenosine 3'-monophosphate; LC-ESI-QTOF; MS2; CE",0,0,0,0,56848001,56213827,13068,590720,2121024,2131090,3104060,55236036,115413960,87843760,46208040,24174791,62332129,25828,28019431,100449926,19524250,1346520,3936826,3064107,2195784,764304,32030250,112587,2333863,2700120,2500800,2584122,482478,463223
"278",2.369,"[M+H]+","Inosine-5'-monophosphate; LC-ESI-QTOF; MS2; CE",0,0,0,0,56473669,57940969,81468,0,26128,30198,0,303688,142463,97848,71504,0,0,62013,31716,0,34106,137002556,150067461,166934706,164050560,144197192,153119199,104188,0,23765,54017,24455,0,0
"279",1.79,"[M+NH4]+","?-Gentiobiose",0,5190,5584,4942,68158387,69205331,37983291,178903274,48054758,41311224,48529828,81856111,84357126,113211153,99466841,66725854,173301884,32239768,1118728,5879144,1470838,213044618,263893220,269742522,40223870,59684696,4257662,27879747,254153440,241147788,243870822,242364115,180542740,178863152
"280",1.777,"[M+Na]+","Melibiose",0,7046,6909,5871,25116424,25440027,10564318,8146538,7615345,24949770,36593414,62658221,48973357,55840828,12785817,9029597,21389493,9738960,1408386,2502641,1394143,25187275,18947246,18507875,9450753,13655094,2560617,1592401,58046123,64030438,58213861,7526984,10865610,8970599
"281",17.064,"[M+H]+","Riboflavin",0,0,0,0,10541152,11733282,0,71069,1508382,1781844,1176198,2049248,1489562,1609883,29398543,32322727,31294822,0,61489951,52671233,66995441,1243100,2159369,999203,6325658,6694445,18164356,0,12042,0,7463,0,99023,91202
"282",10.86,"[M+H]+","S-Adenosyl-homocysteine",0,0,0,0,111952,81918,83812,0,73837,84014,34887,3286282,34317,296025,147391,105450,91532,168684,29044,11788,26803113,235252,206022,1390274,84280,101106,100371,38212,105489,80737,76686,92631,13520,13493
"283",9.293,"[M+H]+","S-Adenosyl-homocysteine",0,0,0,0,6021444,5110886,12552,0,79525,116710,34887,3286282,6294930,16352,20466,105450,18455,80392,37680241,21802378,26803113,4998794,2376065,1390274,1620347,169978,10454521,38212,156899,198520,154794,125788,12276,11055
"284",25.733,"[M+H]+","Dioctyl Phthalate",2994348,3549025,3738155,3604056,4254900,3011631,2899414,3101359,2881560,3265887,3077486,2937716,2828000,2658954,2753649,2826559,2669466,3480771,3011364,3747457,3499464,3644508,3077159,2842281,2465563,3693652,3414430,3505982,3214524,2916482,3283750,2598228,2988138,3145145
"285",18.395,"[M+NH4]+","2-[2-[(Z)-pent-2-enyl]-3-[3,4,5-trihydroxy-6-(hydroxymethyl)oxan-2-yl]oxycyclopentyl]acetic acid",0,11907,30430,11260,1902784,1809142,23248,39606,21897,47439,50238,34828,16956,47873,12434,23424,8603,19406,27379,12528,20554,13308,10207,76680,279212,29213,43502,19780,14375084,14756092,11923644,9908925,77694,43295
"286",9.317,"[M+H]+","Glu-Val-Phe",0,0,0,5891,3681564,3415571,13130,969592,22730,12944,13920,23400,199775,10722,12353,111381,426948,34238265,10487,783877,1929976,12925026,6913576,84118,4708059,4222683,2449474,36339,3122138,3221834,3336107,1973906,11425,12430
"287",10.39,"[M+H]+","Glu-Val-Phe",0,0,0,5891,2761851,2535833,636724,549628,1116768,1238843,1351476,87791,402060,11766,362779,202187,669129,3567264,674822,678103,672985,5080801,3330739,9337369,2532122,2292860,1522588,3385337,1611499,1681199,87223,1146921,1237953,1290185
"288",17.042,"[M+Na]+","(-)-Riboflavin",0,0,0,0,232538,227962,0,0,81769,128700,56593,149690,155035,147897,1823130,2690866,3818322,0,2443928,3337011,3026287,35776,97854,24534,157809,236173,802376,0,0,0,0,0,0,0
"289",17.75,"[M+H]+","Leu-Leu-Tyr; LC-ESI-QTOF; MS2; CE",10280,13569,21164,18835,3463413,3348886,3520943,701280,8476077,8926921,12096717,94094,72891,82220,484036,177386,118711,9352549,1031586,447201,659890,2337004,2003512,4989068,1481295,1310864,1116321,8831158,3783204,3607278,3336068,2523670,421672,394518
"290",16.064,"[M+H]+","Leu-Leu-Tyr; LC-ESI-QTOF; MS2; CE",0,6163,0,0,2640583,2681124,11070894,826615,3599754,2980425,3672432,414469,129343,433179,886234,461772,231134,14414095,34540,1158620,1925539,3341076,2317636,2504571,1990318,1782327,1734697,9613767,3095673,2931186,2876186,2305255,3924764,4196169
"291",16.859,"[M+H]+","Leu-Leu-Tyr; LC-ESI-QTOF; MS2; CE",10280,6163,16523,0,4304984,3678160,1853022,576355,9013456,10459018,10573833,310483,442575,348524,580863,953017,941452,2173481,1970662,576344,1810786,5551140,3358859,2637739,4394825,3848909,1116321,3012047,9316,6274702,5695623,16178,584696,568808
"292",17.261,"[M+H]+","Leu-Leu-Tyr; LC-ESI-QTOF; MS2; CE",10280,6163,21164,18835,3766292,3913076,2516716,576355,13514177,15127789,14189419,746813,4820,859066,2500690,8254,179222,2895394,1240679,496761,730333,7559979,5217068,4934043,6406832,7086712,1830198,680163,7114843,6274702,1575187,5189901,39956,26851
"293",20.25,"[M]+","1-Decanoyl-2-hydroxy-sn-glycero-3-phosphocholine; LC-ESI-QTOF; MS2; CE",0,0,0,0,281009,295556,31366,256938,65705,139158,224806,0,0,22085,2040591,667600,1705604,26799,30459,0,33972,207114,241200,300523,23385,17038,134053,37512,249338,217727,127386,133390,304614,377122
"294",19.23,"[M+H]+","Apigenin-7-O-glucoside",0,0,0,0,1611777,1777809,0,25594,53284,24257,26093,18324,0,0,20238,18710,66087,0,0,10544,0,47194,37179,0,0,15482,48933,0,9749984,12718617,9933914,10471381,43027,52051
"295",21.207,"[M+H]+","1-Lauroyl-2-hydroxy-sn-glycero-3-phosphocholine; LC-ESI-QTOF; MS2; CE",11785,14280,20201,10266,773232,740742,10312,16354,63367,92725,113090,16240,9914,9368,3051641,1170211,1991623,105683,9222,13888,11974,1019672,349339,265508,96688,134841,12750,13873,13274,25044,11579,16490,17929,12157
"296",18.957,"[M]+","Cyanidin-3-O-galactoside",0,0,0,0,163849,150695,68598,0,1543374,1576167,1051757,0,0,0,0,0,18046,67822,0,0,0,0,0,0,0,0,0,55924,47265,45116,51687,51301,0,38240
"297",21.897,"[M+Na]+","[(4R,5S,6R,6aS,7R,10aR,11bR)-5-acetyloxy-6-hydroxy-10a-methoxy-4,7,11b-trimethyl-9-oxo-1,2,3,4a,5,6,6a,7,11,11a-decahydronaphtho[2,1-f][1]benzofuran-4-yl]methyl acetate",915096,121613,132166,138663,950017,246130,180477,97887,109540,115249,98306,135282,92975,87571,75604,71177,82188,168993,89251,207064,233898,240110,90395,98186,76685,174333,223906,125583,147223,118216,125949,128803,101628,127930
"298",1.862,"[M+H]+","Cytidine 5'-diphosphocholine; LC-ESI-QTOF; MS2; CE",0,0,0,0,5443068,5739737,61330,171921,97224,86772,676462,228637,268750,1278973,562723,356754,1457670,55862,25790810,10209218,20401498,9850991,12191835,12786658,30806117,22717435,17299237,0,114434,191329,89584,68695,396893,489892
"299",9.121,"[M+K]+","Glycocholic Acid",0,0,0,4701,599802,359220,20544,13894,11056,18893,130358,12377,19316,15935,36811,12652,8348,27402,16656,42418,19714,22589,61228,10437,72054,535111,439519,36961,4320639,4550515,4264961,4299278,13055,78990
"300",1.77,"[M+H]+","Melezitose",0,0,0,0,1546936,1403584,1213319,3448617,10345841,9890580,9290768,110403,67839,88660,0,0,71140,1859737,0,0,0,136414,353334,158120,75769,0,0,1220334,8891580,8842311,7703931,8510511,3434178,3216711
"301",18.611,"[M+Na]+","4-[[4-hydroxy-2-(2-methylpropyl)-1-oxo-3,3a-dihydro-2H-imidazo[1,2-a]indol-4-yl]methyl]-1-methyl-2,4-dihydro-1H-pyrazino[2,1-b]quinazoline-3,6-dione",64874,74137,59271,34484,19114,41333,18603,31406,50040,13131,11815,10211,48249,179891,251611,281686,460359,14222,302233,317327,352673,10666,11192,16568,14106,11129,34069,333811,72446,71064,98688,49499,48733,57371
"302",1.831,"[M+NH4]+","Melezitose",0,0,4858,4746,12272499,11439198,5150325,45088556,102563350,102564773,96819834,686159,559481,719755,322651,252851,561024,8919913,340682,379390,405119,741466,1126033,885470,1104352,1007438,924084,5109890,31709492,31353036,29858430,31586193,45287430,43026711
"303",17.821,"[M+Na]+","4-[(E)-3-[(2R,3R,4S,5S,6R)-3-[(2S,3R,4R)-3,4-dihydroxy-4-(hydroxymethyl)oxolan-2-yl]oxy-4,5-dihydroxy-6-(hydroxymethyl)oxan-2-yl]oxybut-1-enyl]-3,5,5-trimethylcyclohex-2-en-1-one",535712,559210,570985,551117,187735,204681,268533,329675,483646,326403,380661,400915,275566,331192,319340,339980,300310,309089,352900,15802,343607,142985,314844,125901,828068,272602,267306,24412,134430,157002,124224,106319,541310,431120
"304",1.762,"[M+Na]+","Melezitose",0,0,0,0,9749899,8838750,1576052,4052031,22556403,17164171,26360679,88732,116260,145287,78002,0,304638,3028502,87255,168793,150052,399905,203371,125721,509115,513331,624659,1238907,10984340,12843550,11200673,10354583,4598371,4069160
"305",1.749,"[M+K]+","Melezitose",0,0,0,0,6519399,6234743,144738,468298,9497985,8537225,9346522,128126,376818,131375,236176,204756,552391,361693,0,80862,0,1072170,941125,643051,691306,946491,520499,324122,7940677,8839586,7699498,6989262,485849,603228
"306",19.043,"[M+Na]+","(2R,3R,6R,8R,9S,12S,13R,14R,15R,16R)-6,8,14,15-tetrahydroxy-2,6,13,16-tetramethyl-3-{[(2R,3R,4S,5S,6R)-3,4,5-trihydroxy-6-(hydroxymethyl)oxan-2-yl]oxy}-10-oxatetracyclo[7.6.1.0?,?.0??,??]hexadec-4-en-11-one",363791,265623,234188,297144,579528,577919,207994,304482,223386,178374,208879,184656,163470,223912,140270,132969,134164,296480,61190,125141,118708,119135,120943,123785,186011,183641,122717,260639,2860403,2862808,2578021,2323160,371432,268463
"307",19.034,"[M+Na]+","(2R,3R,6R,8R,9S,12S,13R,14R,15R,16R)-6,8,14,15-tetrahydroxy-2,6,13,16-tetramethyl-3-{[(2R,3R,4S,5S,6R)-3,4,5-trihydroxy-6-(hydroxymethyl)oxan-2-yl]oxy}-10-oxatetracyclo[7.6.1.0?,?.0??,??]hexadec-4-en-11-one",363791,265623,234188,297144,579528,577919,207994,304482,223386,178374,208879,184656,163470,223912,140270,132969,36961,296480,61190,125141,118708,119135,120943,123785,186011,183641,122717,260639,2860403,2862808,2578021,2323160,371432,268463
"308",17.971,"[M+Na]+","Pantethine",0,0,0,0,70110,13280,0,19391,49623,31996,16895,447140,494422,192466,159786,351414,553539,0,0,0,0,21652,24690,0,22004,12206,29789,0,299393,255010,325912,272240,54598,79504
"309",18.969,"[M+H]+","3-[(2S,3R,4S,5S,6R)-4,5-dihydroxy-6-(hydroxymethyl)-3-[(2S,3R,4S,5R)-3,4,5-trihydroxyoxan-2-yl]oxyoxan-2-yl]oxy-5,7-dihydroxy-2-(4-hydroxyphenyl)chromen-4-one",0,0,0,0,197993,270114,0,0,2481567,2626763,1561973,0,0,0,0,0,8086,0,0,0,0,0,0,0,0,0,0,0,0,0,0,0,0,0
"310",18.601,"[M+H]+","3-[(2S,3R,4S,5R,6R)-3,5-dihydroxy-6-(hydroxymethyl)-4-[(2S,3R,4R,5R,6S)-3,4,5-trihydroxy-6-methyloxan-2-yl]oxyoxan-2-yl]oxy-5,7-dihydroxy-2-(4-hydroxyphenyl)chromen-4-one",0,0,0,0,72891,92327,0,0,693047,745783,568569,0,0,0,0,0,34043,0,0,0,12940,13598,14688,0,0,0,0,0,0,0,0,0,27006,31154
"311",18.759,"[M+H]+","RUTOSIDE  (rutin)",0,0,0,0,299301,553959,0,111083,4766242,5541372,3382487,0,0,0,0,0,0,0,0,0,0,0,0,0,0,0,0,0,0,0,0,0,82887,94986
"312",2.225,"[M+H]+","Glutathione (oxidized)",0,0,0,0,5554081,5679386,0,35977,498331,596666,446441,12046954,16943825,14136160,8110168,10631292,5589502,0,12538985,14645463,11791134,5365822,7501072,9308015,2353788,2485826,3058107,0,0,0,0,0,70994,82691
"313",18.577,"[M+H]+","5-hydroxy-3-[(2S,3R,4R,5S)-3-hydroxy-5-(hydroxymethyl)-4-[(2S,3R,4S,5S,6R)-3,4,5-trihydroxy-6-(hydroxymethyl)oxan-2-yl]oxyoxolan-2-yl]oxy-2-(4-hydroxyphenyl)-7-[(2S,3R,4R,5R,6S)-3,4,5-trihydroxy-6-methyloxan-2-yl]oxychromen-4-one",0,0,0,0,285747,303694,0,0,2601744,3057504,2066043,0,0,0,0,0,0,0,0,0,0,0,0,0,0,0,0,0,0,0,0,0,0,0
"314",19.8,"[M+Na]+","3-[(1R,3R,5R,8R,10S,13R,14S,17R)-1,14-dihydroxy-3-[(2S,3S,4R,5S,6R)-3-hydroxy-4-methoxy-6-methyl-5-[(2S,3R,4S,5S,6R)-3,4,5-trihydroxy-6-(hydroxymethyl)oxan-2-yl]oxyoxan-2-yl]oxy-10,13-dimethyl-1,2,3,4,5,6,7,8,9,11,12,15,16,17-tetradecahydrocyclopenta[a]phenanthren-17-yl]-2H-furan-5-one",0,0,0,0,209782,214342,646477,977552,0,0,0,18543,22872,22362,0,0,0,790336,21766,0,0,24342,0,0,18699,21814,0,831958,48496,69283,51458,32558,1578801,1131806
"315",15.35,"[M+H]+","Flavin??adenine??dinucleotide",0,0,0,0,95083,110837,0,0,0,0,0,0,0,0,144895,67186,169617,0,826297,1017906,739244,0,0,0,0,0,277378,0,0,0,0,0,0,0
"316",15.933,"[M+H]+","Flavin??adenine??dinucleotide",0,0,0,0,95083,110837,0,0,0,0,0,0,0,0,144895,67186,0,0,826297,1017906,739244,0,0,0,0,0,277378,0,0,0,0,0,0,0
"317",19.594,"[M+Na]+","2-[1-[1-hydroxy-10,13-dimethyl-3-[3,4,5-trihydroxy-6-[[3,4,5-trihydroxy-6-(hydroxymethyl)oxan-2-yl]oxymethyl]oxan-2-yl]oxy-2,3,4,7,8,9,11,12,14,15,16,17-dodecahydro-1H-cyclopenta[a]phenanthren-17-yl]ethyl]-4,5-dimethyl-2,3-dihydropyran-6-one",0,0,18376,0,164178,21998,787598,528235,0,22927,30279,14892,10818,18862,0,0,0,737032,19470,18510,0,19946,20710,57679,14792,16782,31310,853251,34334,12248,15895,16110,484937,154185
