Sample,HyPea.7404_3,HyPep.1510_1,HyPep.1510_2,HyPep.1510_4,HyPep.4601N_1,HyPep.4601N_2,HyPep.1510_3,HyPep.7504_1,HyPep.7504_2,HyPep.7504_3,HyPep.4601N_3,HyPea.7404_2,HY.YEST.412_1,HY.YEST.412_2,HY.YEST.412_3,HY.YEST.466_1,HY.YEST.466_2,HY.YEST.466_3,HY.YEST.503_1,HY.YEST.503_2,HY.YEST.503_3,HY.YEST.555_1,HY.YEST.555_2,HY.YEST.555_3,HyPea.7404_1,HyPep.YE_2,HyPep.YE_3,HyPep.YE_1
Label,3,1,2,4,1,2,3,1,2,3,3,2,1,2,3,1,2,3,1,2,3,1,2,3,1,2,3,1
(-)-Citramalic acid,0.016916041,0.023712242,0.025141297,0.021436176,0.00199901,0.009372052,0.02230649,0.024092975,0.024821814,0.012512442,0.008847233,0.015135841,0.054445001,0.090068874,0.049214695,0.09814988,0.004292549,0.15340319,0.019235153,0.019901647,0.020095726,0.04218668,0.058213225,0.05686891,0.015696992,0.046898251,0.031520941,0.033514676
"(1s,8r,9r)-8-hydroxy-4-(propan-2-ylidene)-10-oxatricyclo[7.2.1.01,5]dodecane-8-carboxylic acid",0.210355037,0.008269286,0.04506576,0.035612828,0.021092547,0.012350521,0.035177426,0.048391163,3.47E-06,0.01803053,3.07E-06,0.197357286,0.018221109,2.28E-06,2.31E-06,2.50E-06,2.93E-06,2.99E-06,0.017834473,3.21E-06,3.04E-06,2.46E-06,2.47E-06,3.51E-06,0.328837591,3.01E-06,2.46E-06,0.003364728
"(2-oxo-2,3-dihydro-1h-indol-3-yl)acetic acid",0.01151353,0.012587581,0.009879142,0.008885168,0.020078524,0.018608363,0.000882816,0.263429443,0.220403461,0.307486655,0.018410477,0.009408519,0.000609197,0.001489706,0.001011483,0.001561165,0.001128273,0.001328127,0.00150355,0.001501989,0.00206789,0.00924789,0.009467084,0.000663147,0.001305325,0.022637056,0.008383328,0.034521112
"(2r)-5-methoxy-2-methyl-2,3,8,9-tetrahydrofuro[2,3-h]chromen-4-one",0.00031016,1.11E-06,1.15E-06,0.000418719,0.012652894,0.00342312,2.03E-05,0.012460193,0.007838091,0.013706161,1.47E-06,3.86E-05,0.204556176,0.10141884,0.07565055,0.010744239,0.015914701,0.029793928,0.459523059,0.005028025,0.00198119,0.008415763,0.006391107,0.016347371,2.02E-06,0.005318676,0.004715557,0.003326829
"(2r,3r,6r,8r,9s,12s,13r,14r,15r,16r)-6,8,14,15-tetrahydroxy-2,6,13,16-tetramethyl-3-{[(2r,3r,4s,5s,6r)-3,4,5-trihydroxy-6-(hydroxymethyl)oxan-2-yl]oxy}-10-oxatetracyclo[7.6.1.0?,?.0??,??]Hexadec-4-en-11-one",1.44E-07,0.268696307,0.268947732,0.212531696,0.008493591,1.29E-07,0.239175448,1.41E-07,1.42E-07,1.46E-07,0.001494484,0.000657937,1.26E-07,1.32E-07,1.49E-07,1.29E-07,1.42E-07,1.14E-07,1.30E-07,1.42E-07,1.45E-07,1.22E-07,1.22E-07,1.38E-07,1.14E-07,1.33E-07,1.37E-07,1.28E-07
"(2z)-4,6-dihydroxy-2-[(4-hydroxy-3,5-dimethoxyphenyl)methylidene]-1-benzofuran-3-one",1.39E-07,1.86E-07,1.83E-07,1.17E-07,0.005548033,0.005213511,1.38E-07,1.38E-07,1.18E-07,1.37E-07,0.001264358,1.63E-07,0.205159114,0.046744321,0.22696396,0.08352054,0.072761209,0.086023398,0.050984085,0.028907381,0.007984383,0.025389892,0.019805984,0.133727956,1.22E-07,1.33E-07,1.27E-07,1.75E-07
"(4s,5z,6s)-4-(2-methoxy-2-oxoethyl)-5-[2-[(e)-3-phenylprop-2-enoyl]oxyethylidene]-6-[(2s,3r,4s,5s,6r)-3,4,5-trihydroxy-6-(hydroxymethyl)oxan-2-yl]oxy-4h-pyran-3-carboxylic acid",6.30E-08,0.010995471,0.008911701,0.006607836,0.007503427,0.004708211,0.009213083,0.301761793,0.345560889,0.232724025,0.003849342,7.30E-08,0.000923416,0.000999221,0.000627128,0.00083213,7.85E-08,0.002425856,0.022559777,0.012547722,0.020349678,0.002096368,0.001255325,0.001663309,7.62E-08,0.000677457,7.46E-08,0.001206477
"(E)-5-(2,3-dimethyl-4,5,6,7-tetrahydro-1h-tricyclo[2.2.1.02,6]heptan-3-yl)-2-methylpent-2-enoic acid",0.032008435,0.047654957,0.028507623,0.018643929,0.057519157,0.033643867,0.024061473,0.027920739,0.050216502,0.020254065,0.04834834,0.020556867,0.051765673,0.062565345,0.04812497,0.029481799,0.030732975,0.051411013,0.026132262,0.049564353,0.036024794,0.038701945,0.007751924,0.015860026,0.019916607,0.029907543,0.04448022,0.0482426
?-Gentiobiose,0.008619695,0.078587511,0.074565934,0.074942044,0.055825784,0.055306426,0.075407944,0.014858164,0.012772944,0.015005064,0.055318832,0.00996789,0.030755686,0.020631596,0.053586784,0.000344716,0.00181672,0.000453594,0.065875938,0.081599223,0.08340793,0.012436715,0.018454346,0.001315329,0.011743889,0.026083496,0.03500567,0.025310138
"[(4r,5s,6r,6as,7r,10ar,11br)-5-acetyloxy-6-hydroxy-10a-methoxy-4,7,11b-trimethyl-9-oxo-1,2,3,4a,5,6,6a,7,11,11a-decahydronaphtho[2,1-f][1]benzofuran-4-yl]methyl acetate",0.037858869,0.040639938,0.030124424,0.033393293,0.027998027,0.034433437,0.03666915,0.030364386,0.03790527,0.038645335,0.035301166,0.041828233,0.033426935,0.040493513,0.041198,0.028980524,0.031843639,0.034121882,0.033221126,0.033757685,0.038243882,0.036715648,0.037873711,0.038407859,0.03242317,0.037973965,0.03704891,0.039108024
[5-acetyloxy-3-(hydroxymethyl)-2-oxo-6-propan-2-ylcyclohex-3-en-1-yl] 3-methylbutanoate,0.044307788,0.030980922,0.035012,0.034146177,0.052137816,0.055003425,0.007985639,0.046694992,0.061617186,0.047758865,0.056922834,0.051956485,0.000760369,5.01E-07,0.012879969,0.013477976,0.011012324,0.013622012,0.062084981,0.051924013,0.066765508,0.055838706,0.051664555,0.042402205,0.051492869,0.014112634,0.011908691,0.01552856
1-acetylimidazole,0.022743059,0.057426736,0.051351324,0.051035047,0.043950307,0.039837293,0.043592376,0.06675684,0.064956955,0.0755163,0.043652334,0.004472409,0.015026371,0.043059819,0.027167909,0.01267825,0.017203366,0.01386947,0.054830775,0.049184086,0.049600226,0.012730671,0.015370777,0.019114823,0.00397498,0.023712549,0.019040868,0.058144079
1-decanoyl-2-hydroxy-sn-glycero-3-phosphocholine,0.004925751,0.032740904,0.028590022,0.017515618,0.039999269,0.049520391,0.016727225,0.008627811,0.018273022,0.029519575,0.03373887,0.003519012,0.267952716,0.087663443,0.223965128,0.003999612,1.86E-07,0.004460908,0.027196415,0.031672293,0.039462075,0.003070715,0.002237282,0.017602678,0.004118711,1.84E-07,0.002900011,1.74E-07
1-lauroyl-2-hydroxy-sn-glycero-3-phosphocholine,1.44E-07,1.55E-07,0.001313598,0.000283764,0.000457008,1.22E-07,1.30E-07,0.005927382,0.009461851,0.011913635,0.000267391,0.011021891,0.36569178,0.139182587,0.238074052,1.21E-07,1.40E-07,1.39E-07,0.12105889,0.040356134,0.030263549,0.009938965,0.014532282,1.67E-07,1.42E-07,1.65E-07,1.52E-07,0.000253666
1-methyladenosine,0.003284375,0.000129565,0.003507941,0.0032974,0.000583535,0.000155043,0.005687039,0.000166521,0.000180702,0.000149638,0.036801818,1.55E-08,0.000163067,9.34E-05,0.054834163,0.000137352,0.040950297,0.001565265,0.175369118,0.135520016,0.00045645,0.000512909,0.289172215,0.088934111,2.01E-08,0.158126782,0.000125929,9.53E-05
"1,4-cyclohexanedicarboxylic acid",0.000158539,0.021207183,0.020199697,0.019025376,0.203168044,0.216063873,0.019520243,0.007012067,0.00634405,0.006564418,0.192159895,0.000295778,0.026894204,0.029116156,0.033374207,0.014211871,0.01534384,0.01727413,0.005568358,0.006545573,0.004222796,0.004516537,0.002375345,0.004541159,0.000593196,0.046074613,0.036453875,0.041174979
2'-deoxyadenosine 5'-monophosphate,0.006700086,6.34E-08,0.000673621,0.000329459,0.130009756,0.100023021,0.000346023,0.004738668,0.005218927,0.007006915,0.082817601,0.013195116,0.003313516,0.008682998,0.003357893,0.000681451,0.000455629,0.000946028,0.310336887,0.116222534,0.060734253,0.072389656,0.02861085,0.015706216,0.007699711,0.003906207,0.003914351,0.011982569
2'-deoxyinosine 5'-monophosphate,0.00428944,0.002759196,0.001961237,0.002250067,0.000314503,0.000599541,0.003328434,0.003567846,0.003167313,0.001318618,0.000318823,0.003999584,0.001660068,0.003894533,0.003860593,0.002729887,0.001758748,0.000744407,0.165081529,0.200300716,0.260560872,0.040007282,0.047338283,0.093278911,0.004106594,0.007952082,0.024149987,0.114700907
2'-o-methyladenosine,0.001642655,0.003682984,0.003657457,0.003777123,0.017859541,0.043584283,0.000684264,0.081534605,0.076604361,0.079210291,9.28E-05,0.000938012,0.013966973,0.013117784,9.76E-05,0.1138239,0.114890232,0.011032441,0.045473642,0.030934603,0.058824754,0.018968964,0.003972501,0.026415653,0.001703966,0.000459555,0.016128703,0.216920308
2'-o-methylinosine,3.09E-05,0.000507844,0.000849982,0.00084845,0.027817048,0.025163951,9.52E-05,0.003270476,0.002605606,0.002465943,0.026714804,1.79E-05,0.052309236,0.09350207,0.059347564,0.001485744,0.000765979,0.02046569,0.138171939,0.078951017,0.150500121,0.065849963,0.106122345,0.072266316,0.000382479,0.0279082,0.001237057,0.040346172
"2-(3,4-dihydroxyphenyl)-5,7-dihydroxy-3-[(2s,3r,4s,5s,6r)-3,4,5-trihydroxy-6-[[(2s,3r,4s,5r)-3,4,5-trihydroxyoxan-2-yl]oxymethyl]oxan-2-yl]oxychromen-4-one",9.31E-08,0.043408406,0.015367955,0.009114073,7.70E-08,8.64E-08,0.010669857,0.332337406,0.366931347,0.22216938,8.24E-08,8.02E-08,7.06E-08,5.99E-08,7.04E-08,7.13E-08,7.81E-08,6.33E-08,9.36E-08,7.47E-08,8.42E-08,6.52E-08,6.17E-08,6.99E-08,6.34E-08,8.91E-08,6.54E-08,7.54E-08
"2-[(2s,4ar,8as)-2-hydroxy-4a-methyl-8-methylidene-3,4,5,6,7,8a-hexahydro-1h-naphthalen-2-yl]prop-2-enoic acid",0.034079222,0.025576663,0.038817507,0.038099473,0.0408193,0.033011715,0.02277264,0.026484789,0.035221139,0.032750119,0.027297482,0.036105528,0.034255654,0.046506405,0.03401983,0.029418253,0.027909133,0.029521439,0.054291512,0.061503433,0.064707698,0.04177994,0.038251878,0.021147643,0.034627024,0.03275225,0.028109787,0.030162543
"2-[1-[1-hydroxy-10,13-dimethyl-3-[3,4,5-trihydroxy-6-[[3,4,5-trihydroxy-6-(hydroxymethyl)oxan-2-yl]oxymethyl]oxan-2-yl]oxy-2,3,4,7,8,9,11,12,14,15,16,17-dodecahydro-1h-cyclopenta[a]phenanthren-17-yl]ethyl]-4,5-dimethyl-2,3-dihydropyran-6-one",0.22244416,0.007795245,0.002006214,0.003018495,0.125904217,0.039209768,0.002962141,2.71E-07,0.00480532,0.006732376,0.137253192,0.191981632,2.92E-07,3.22E-07,3.68E-07,0.003899195,0.003647567,3.82E-07,0.004023961,0.004224216,0.013914277,0.00267303,0.003194635,0.007002615,0.205235645,0.001631392,0.00373983,0.002699241
"2-[2-[(z)-pent-2-enyl]-3-[3,4,5-trihydroxy-6-(hydroxymethyl)oxan-2-yl]oxycyclopentyl]acetic acid",0.000123663,0.278339133,0.285723325,0.19178196,0.001246076,0.0005794,0.230828573,0.000164692,0.000659713,0.00071396,0.000507904,0.000116415,2.07E-08,0.000194286,2.72E-08,0.000270937,1.98E-08,0.000138664,2.52E-08,2.38E-08,0.001226424,0.00515163,0.000306481,0.000583412,0.000190875,6.89E-05,0.000668125,0.000415304
2-deoxycytidine-5-monophosphoric acid,0.042129007,0.013502222,0.010117098,0.037340391,0.051680443,0.038961847,0.028868156,0.016376462,0.011513864,0.013479479,0.03731309,0.023993744,0.001278094,0.001217475,0.000794069,0.000278893,0.000272566,0.001263979,0.157060792,0.122396544,0.13570036,0.046320722,0.035763581,0.137240842,0.031672131,0.001142696,0.000792609,0.001528846
2-hydroxyisocaproic acid,0.01448594,0.001609549,0.001507439,0.001478035,0.005455235,0.003755263,0.001248078,0.005102915,0.005985342,0.00652678,0.003444998,0.009408855,0.125688734,0.129465977,0.121792439,0.014354441,0.006544051,0.020893067,0.013225791,0.023334985,0.015946822,0.025389843,0.01794879,0.170233444,0.020783233,0.066994315,0.092687384,0.074708257
2-hydroxyquinoline,0.02286571,0.026149039,0.032458558,0.031379483,0.014241475,0.016144505,0.028571348,0.022640487,0.057344831,0.045567625,0.018430261,0.018932577,0.053360706,0.070345062,0.028980478,0.040242844,0.093920548,0.045915637,0.017523123,0.016611498,0.011308419,0.012043295,0.019093228,0.025132157,0.012955178,0.082294502,0.037397498,0.098149936
2-isopropylmalic acid,0.002130804,0.010014933,0.010717715,0.008666725,0.000763963,0.000623879,0.010235939,0.021735314,0.046332121,0.046076415,0.000560933,0.001959566,0.019627287,0.04553608,0.021859807,0.020505734,0.128089836,0.023834733,0.058001503,0.107099243,0.07781217,0.018038131,0.062269629,0.018652002,0.000701968,0.085275539,0.062884266,0.089993766
"2-methyl-3-[(2s,3r,4s,5s,6r)-3,4,5-trihydroxy-6-(hydroxymethyl)oxan-2-yl]oxypyran-4-one",0.052659058,0.192257802,0.196061439,0.217779649,0.001401805,0.002018306,0.217631598,0.010192963,0.011128584,0.008298352,0.003692671,0.053752903,6.74E-08,7.35E-08,5.90E-08,8.69E-08,5.95E-08,5.84E-08,8.32E-08,0.000893944,6.90E-08,7.47E-08,7.34E-08,6.03E-08,0.032229944,5.89E-08,7.47E-08,8.22E-08
3'-o-methylguanosine,0.000308848,0.00093301,0.000803939,0.000405523,0.013071999,0.000140083,0.000810085,0.030909436,0.029433061,0.030428046,0.000155832,7.95E-08,0.03926203,0.071425424,0.030381309,0.076015119,0.079988142,0.070854017,0.058619633,0.050980066,0.046704021,0.077524017,0.080561917,0.027992476,0.001606534,0.060405368,0.047867003,0.072412982
"3',5'-dimethoxy-4'-hydroxyacetophenone",0.013180322,0.000987044,0.00053015,0.00228829,0.000867439,0.000602885,0.000569729,0.002614817,0.003020501,0.001484212,0.000994856,0.014217708,0.008839827,0.024830778,0.007782652,0.110191536,0.175564387,0.179556136,0.015972897,0.022678758,0.004352473,0.151256468,0.113551063,0.098067174,0.010836483,0.002549025,0.012844769,0.019767619
"3-(5,7-dimethoxy-4-oxochromen-2-yl)propanoic acid",6.54E-06,0.020176147,0.004164062,0.01513326,5.08E-06,0.023525801,6.37E-06,6.74E-06,6.76E-06,6.33E-06,6.24E-06,0.280699206,6.11E-06,5.20E-06,4.91E-06,4.93E-06,4.66E-06,6.06E-06,6.47E-06,0.050525489,4.77E-06,5.71E-06,5.34E-06,4.95E-06,0.605657102,4.87E-06,6.05E-06,4.84E-06
"3-[(1r,3r,5r,8r,10s,13r,14s,17r)-1,14-dihydroxy-3-[(2s,3s,4r,5s,6r)-3-hydroxy-4-methoxy-6-methyl-5-[(2s,3r,4s,5s,6r)-3,4,5-trihydroxy-6-(hydroxymethyl)oxan-2-yl]oxyoxan-2-yl]oxy-10,13-dimethyl-1,2,3,4,5,6,7,8,9,11,12,15,16,17-tetradecahydrocyclopenta[a]phenanthren-17-yl]-2h-furan-5-one",0.131865577,0.00768663,0.010981375,0.005160452,0.250240402,0.179391569,0.008156107,1.74E-07,2.06E-07,2.27E-07,0.154942267,0.125268478,2.31E-07,2.24E-07,1.72E-07,0.003449917,1.77E-07,2.17E-07,0.003858214,2.24E-07,1.97E-07,0.002963797,0.003457525,1.81E-07,0.102466786,0.003625218,0.003544383,0.002939071
"3-[(2s,3r,4s,5r,6r)-3,5-dihydroxy-6-(hydroxymethyl)-4-[(2s,3r,4r,5r,6s)-3,4,5-trihydroxy-6-methyloxan-2-yl]oxyoxan-2-yl]oxy-5,7-dihydroxy-2-(4-hydroxyphenyl)chromen-4-one",4.97E-07,5.35E-07,4.90E-07,6.46E-07,0.012614607,0.014552154,6.26E-07,0.323724945,0.348358136,0.265580788,4.87E-07,6.78E-07,6.01E-07,6.04E-07,0.015901618,5.45E-07,5.28E-07,0.006044324,0.006351679,0.006860822,5.91E-07,4.90E-07,6.65E-07,6.08E-07,4.91E-07,6.45E-07,6.51E-07,5.51E-07
"3-[(2s,3r,4s,5s,6r)-4,5-dihydroxy-6-(hydroxymethyl)-3-[(2s,3r,4s,5r)-3,4,5-trihydroxyoxan-2-yl]oxyoxan-2-yl]oxy-5,7-dihydroxy-2-(4-hydroxyphenyl)chromen-4-one",1.48E-07,0.000843266,0.001101487,0.000169902,1.33E-07,0.000762642,0.000609752,0.373142372,0.381363089,0.239440336,0.000251932,1.34E-07,0.000118795,0.000750868,0.000863381,1.32E-07,0.000121552,0.000161427,1.39E-07,0.000195643,1.56E-07,1.42E-07,1.36E-07,1.19E-07,1.38E-07,1.47E-07,0.000101899,1.36E-07
3-hydroxyanthranilic acid,0.000679626,1.49E-07,0.000108041,0.000990501,0.000357566,0.001495851,0.001474785,0.022751131,0.030513027,0.022916395,0.000438679,0.00041251,0.002945662,0.017880713,0.003317018,0.125617457,0.116325832,0.142901393,0.002897125,0.002845982,0.003239272,0.128298391,0.270090383,0.087123303,0.000102177,0.00536708,0.004028025,0.004881928
3-hydroxypyridine,0.014235491,0.015266618,0.015792336,0.015704378,0.007823193,0.005870623,0.013703755,0.153904209,0.134165158,0.323910883,0.003352063,0.007137512,0.014936073,0.01838202,0.004217452,0.028225513,0.011848856,0.012306385,0.012032332,0.014325382,0.013488105,0.015684682,0.009703659,0.027366167,0.013790196,0.027119126,0.025074439,0.040633392
3-hydroxytyramine,0.002476262,0.006018884,0.003596661,0.015189874,0.008795608,0.004581901,0.006293403,0.030382456,0.028840281,0.037516297,0.004329352,0.003267117,0.04243045,0.128156769,0.014768098,0.022649817,0.041680953,0.096353908,0.041361786,0.056389495,0.039361135,0.03705043,0.031720627,0.030873988,7.26E-08,0.063732452,0.068982375,0.13319955
3-phenyllactic acid,0.011024467,0.000257114,0.000101697,0.000217064,0.005816711,0.003315473,0.000564385,0.001672332,0.001718661,0.003202767,0.00311035,1.81E-05,0.03678208,0.052033161,0.041696357,0.095985809,0.021499341,0.192575135,0.005744108,0.012816558,0.006145285,0.045218411,0.020229283,0.325223746,0.012132399,0.034514216,0.023988088,0.042396886
"3,5-dihydroxydecanoic acid",0.000988434,0.000549937,0.000453017,0.001947103,9.73E-05,0.000879536,0.012542915,0.05493306,0.046271646,0.019322202,0.000692231,0.000327421,0.017306856,0.045852025,0.001111852,0.015290784,0.009601933,0.038862201,0.111636082,0.054243733,0.31365818,0.01559824,0.03163026,0.010988572,0.00029693,0.096891968,0.001695185,0.096330415
"4-[(e)-3-[(2r,3r,4s,5s,6r)-3-[(2s,3r,4r)-3,4-dihydroxy-4-(hydroxymethyl)oxolan-2-yl]oxy-4,5-dihydroxy-6-(hydroxymethyl)oxan-2-yl]oxybut-1-enyl]-3,5,5-trimethylcyclohex-2-en-1-one",5.06E-06,3.96E-06,4.18E-06,4.43E-06,4.86E-06,5.32E-06,3.92E-06,5.11E-06,4.32E-06,3.92E-06,3.68E-06,3.99E-06,5.02E-06,5.40E-06,4.58E-06,5.35E-06,4.73E-06,4.23E-06,5.40E-06,3.66E-06,3.68E-06,0.999879905,4.37E-06,3.83E-06,4.60E-06,4.42E-06,3.85E-06,4.23E-06
"4-[[4-hydroxy-2-(2-methylpropyl)-1-oxo-3,3a-dihydro-2h-imidazo[1,2-a]indol-4-yl]methyl]-1-methyl-2,4-dihydro-1h-pyrazino[2,1-b]quinazoline-3,6-dione",0.132400968,0.006847518,0.006183639,6.44E-07,4.84E-07,6.31E-07,0.019453543,5.33E-07,5.67E-07,5.88E-07,6.42E-07,5.95E-07,0.092914069,0.107361374,0.193191579,0.117231658,0.124482452,0.141461819,4.82E-07,6.05E-07,4.85E-07,5.07E-07,5.69E-07,6.98E-07,5.75E-07,6.68E-07,0.058461508,5.99E-07
4-acetamidobutyric acid,0.001332444,0.003265701,0.002891398,0.002364354,0.001659904,0.001612718,0.002732095,0.009519759,0.010756281,0.007487747,0.00167174,0.000778195,0.053676216,0.118937146,0.043187967,0.073199192,0.036537983,0.099902933,0.076965646,0.059901763,0.057984961,0.013742009,0.00916209,0.020216676,0.001382788,0.069023181,0.086179722,0.133927389
4-aminobenzoic acid,0.134632798,0.078925105,0.075580894,0.080559405,0.004639704,0.004382894,0.075125366,0.04593123,0.0436532,0.043526738,0.002998817,0.122689351,0.010776844,0.018400789,0.011326549,0.003681034,0.003899887,0.005078888,0.011837324,0.019904536,0.01913831,0.003992031,0.003503711,0.005203393,0.117175372,0.020168909,0.008600462,0.024666461
4-guanidinobutyric acid,0.007733445,0.02085713,0.019036597,0.034717366,0.032062161,0.033403667,0.021884603,0.16034598,0.125883005,0.219983689,0.026600532,0.007701684,0.023367136,0.019198063,0.019959694,0.004206174,0.006526046,0.005930857,0.027542505,0.012964363,0.013019116,0.004837102,0.005932809,0.00462755,0.007609935,0.05932278,0.026863409,0.047882604
4-hydroxyphenyllactic acid,0.026744678,0.001833625,0.004219101,0.000890171,0.005460813,0.003777258,0.00167823,0.003710971,0.004247862,0.006473851,0.003747266,0.010186379,0.06915426,0.11280769,0.077125444,0.028401681,0.011692841,0.064568295,0.008768879,0.015855508,0.109539903,0.034506061,0.009677922,0.230501919,0.020652795,0.044062202,0.036672065,0.053042332
4-methyl-5-thiazoleethanol,3.76E-05,0.014356519,0.016494179,0.015969226,0.002033963,0.001602761,0.01589127,0.108921285,0.122042105,0.108059493,0.001306619,0.000704838,0.050120894,0.039352954,0.056005268,0.050541879,0.03462284,0.034406427,0.009257184,0.007990266,0.00703452,0.009318725,0.009717781,0.01714478,0.000734588,0.09913639,0.055704055,0.111491543
4-o-methylphloracetophenone,0.000381473,0.000120364,2.11E-07,0.000863279,0.000366362,2.14E-07,9.98E-05,0.000753986,0.00162113,0.001650123,0.000467573,0.000260583,0.099630995,0.049144712,0.130652818,0.150404042,0.204999906,0.129203711,0.032787741,0.014346636,0.009135332,0.066441046,0.041629983,0.059568901,0.000436472,0.001538721,0.002785406,0.000708476
4-pyridoxic acid,0.044451202,0.060316922,0.065050796,0.053860686,0.021174001,0.019787721,0.051047033,0.101405819,0.106672605,0.110337223,0.011719359,0.031548403,0.016102614,0.01287813,0.023682479,0.017861949,0.000961084,0.01805025,0.025761755,0.023087354,0.016791432,0.01340177,0.011279339,0.013963528,0.021063538,0.016314897,0.029506273,0.061921837
5'-s-methylthioadenosine,0.000281384,0.000290969,0.000524111,0.000380107,3.38E-05,0.000270156,0.000504531,0.000319699,0.000327475,0.000874765,0.000216965,0.000571228,0.00396293,0.018909945,0.009974374,0.207481117,0.312028784,0.278782251,0.035401779,0.006703771,0.001641935,0.002175069,0.001836779,0.021276989,0.000142576,0.039110978,0.019769465,0.036206073
5-aminosalicylic??Acid,9.24E-08,0.024846394,0.027127896,0.021993642,0.002429679,0.000100289,0.030147888,0.011714821,0.012944441,0.022328491,0.000733517,0.00410208,0.091267892,0.12669204,0.076547814,0.004313156,0.008687185,0.016538999,0.018300361,0.021855135,0.024577023,0.012777754,0.00499372,0.024975968,0.001468324,0.138446553,0.09104558,0.179043265
"5-hydroxy-2,2-dimethyl-10-(2-methylbut-3-en-2-yl)pyrano[3,2-g]chromen-8-one",0.009193189,0.029378613,0.024140746,0.01192013,0.040915398,0.04544203,0.015288666,0.033789178,0.035529223,0.013809128,0.048738991,0.039966869,0.039817916,0.039276268,0.03341357,0.038973847,0.038525698,0.024689165,0.051707095,0.041654361,0.044095003,0.057392789,0.039626405,0.058426112,0.034019701,0.031576158,0.042237923,0.036455828
"5-hydroxy-3-[(2s,3r,4r,5s)-3-hydroxy-5-(hydroxymethyl)-4-[(2s,3r,4s,5s,6r)-3,4,5-trihydroxy-6-(hydroxymethyl)oxan-2-yl]oxyoxolan-2-yl]oxy-2-(4-hydroxyphenyl)-7-[(2s,3r,4r,5r,6s)-3,4,5-trihydroxy-6-methyloxan-2-yl]oxychromen-4-one",1.95E-07,1.73E-07,1.92E-07,1.40E-07,1.34E-07,1.85E-07,1.51E-07,0.336781324,0.395776927,0.267437802,1.47E-07,1.61E-07,1.40E-07,1.78E-07,1.61E-07,1.78E-07,1.32E-07,1.55E-07,1.76E-07,1.34E-07,1.78E-07,1.60E-07,1.66E-07,1.30E-07,1.38E-07,1.45E-07,1.53E-07,1.45E-07
5-hydroxy-3-indoleacetic acid,0.00323815,0.017589801,0.018096138,0.019244262,0.000475811,0.018121961,0.018798343,0.296432673,0.243065162,0.30877038,0.010635473,0.026557488,0.000361018,0.001352934,0.00036248,0.001992091,0.001113896,0.000424651,0.002806751,0.001956523,0.00034377,0.000526094,0.001174313,0.000716701,0.000192142,0.0023697,0.000588655,0.00269264
5-hydroxytryptophan,0.00548693,0.06492315,0.06019122,0.173469676,0.030036728,0.026522617,0.017280056,0.00573588,0.013221267,0.007603078,0.028851702,0.005532533,0.044644449,0.033634405,0.042672317,0.079911765,0.07406042,0.089652778,0.007254091,0.004873315,0.005716185,0.019514396,0.016605571,0.042553253,0.013219435,0.02724902,0.030920793,0.028662969
5-o-methylgenistein,6.12E-08,0.121032271,0.142589437,0.17483712,0.029229398,6.24E-08,0.113040277,0.01458357,0.158224194,6.89E-08,8.00E-08,6.50E-08,0.057845252,0.024289222,0.076352374,0.013847281,0.01715809,0.009114881,0.009792974,0.007286091,6.89E-08,5.91E-08,7.38E-08,0.030776766,6.03E-08,6.01E-08,6.24E-08,7.99E-08
"7,2'-dihydroxyflavone",5.42E-08,0.155627762,0.216000752,0.198702987,0.107417582,4.42E-08,0.179600248,0.022811742,0.110684882,0.002713954,0.000207106,5.27E-08,0.000166204,4.19E-08,0.000213186,4.46E-08,4.91E-08,5.34E-08,0.000263873,0.000104677,5.29E-08,0.000100348,5.12E-08,0.000112667,5.32E-08,0.00051864,0.000122375,0.004630519
"9-(2,3-dihydroxypropoxy)-9-oxononanoic acid",0.012452517,0.004738305,0.00411935,0.004790389,0.025081564,0.027938211,0.014892788,0.071682347,0.067326794,0.094698225,0.021942977,0.015609454,0.028896779,0.07386417,0.133314623,0.075571445,0.052762558,0.047381264,0.03312239,0.032055118,0.008925123,0.027363699,0.025959387,0.041422842,0.008777989,0.003097447,0.015616768,0.026595479
"9-hydroxy-10,12-octadecadienoic acid",7.61E-08,0.000404935,0.000408799,7.65E-08,0.347440683,0.326238493,0.000594329,0.012267731,0.011896821,0.004758799,0.285250857,0.000294379,0.00127106,0.0039409,0.000881733,0.000127267,0.000450753,0.00035992,0.001084878,0.000475042,0.000230796,5.54E-08,0.000222114,0.000493008,0.00012822,0.000149849,0.000628354,7.26E-08
Abscisic acid,0.001476267,0.417151991,0.125310208,0.250625348,0.010763259,0.009069831,0.11128487,0.008544859,0.005532336,0.008788016,0.007348009,0.002658987,1.62E-07,1.85E-07,1.33E-07,1.46E-07,0.000168903,1.57E-07,0.017501111,0.006108499,0.014522182,0.001328027,1.55E-05,1.99E-07,0.001800342,2.00E-07,1.60E-07,1.48E-07
Acetosyringone,0.000556694,0.000161894,0.000343661,0.000221642,0.000811349,0.000170568,0.00021232,0.002216353,0.002290795,0.00197458,0.000351105,9.31E-05,0.005194923,0.019207034,0.000664084,0.128799766,0.214749781,0.204268598,0.015840849,0.015490844,0.003607246,0.1452757,0.119504082,0.095532138,0.000479728,0.001207896,0.007659329,0.013113892
Aconitic acid,0.124596261,0.043416498,0.040249928,0.035334469,0.003930101,0.003198202,0.038894375,0.018061808,0.022596649,0.01812403,0.00331857,0.115955907,0.01060371,0.026774942,0.014687328,0.033331064,0.031988567,0.045346622,0.061495782,0.070430719,0.041579663,0.021630133,0.012375577,0.019232265,0.104569498,0.014071676,0.012585174,0.011620484
Adenine,0.00267164,0.002058511,0.002231493,0.001957738,0.003074217,0.00268896,0.001978823,0.016449368,0.009297156,0.015451791,0.001461522,0.002222667,0.062190533,0.074214395,0.080895332,0.079269991,0.11213929,0.10526062,0.040785047,0.023309307,0.010158048,0.01118654,0.008968485,0.065494411,0.002170888,0.139605684,0.092571909,0.030235632
Adenosine,0.0018641,0.004702417,0.005604711,0.005046441,0.0212697,0.018207188,0.005045404,0.02753292,0.017174149,0.025528541,0.01260764,0.002924155,0.043847005,0.032499462,0.092603283,0.034272725,0.153000089,0.143124761,0.050304414,0.030664003,0.013144628,0.01415492,0.013932619,0.041279454,0.006286621,0.0580296,0.046383349,0.078965699
Adenosine 3'-monophosphate,0.012826824,0.013612068,0.014094276,0.010321017,0.003202289,0.002271676,0.012266694,0.039410065,0.02366633,0.038311895,0.003986581,0.022267059,0.060988298,0.022836533,0.056915673,0.096307561,0.079368276,0.105117648,0.055269444,0.020623996,0.009199963,0.028694055,0.012726957,0.029260889,0.015371926,0.066718071,0.088144474,0.056219463
"Adenosine 3',5'-cyclic monophosphate",3.63E-05,0.007730146,0.010313777,0.007640459,0.00024391,0.000178376,0.008573092,0.009843157,0.007834412,0.005533753,0.000359255,0.000144977,0.089773986,0.048035631,0.070553403,0.168810564,0.178485584,0.06933298,0.006662285,0.008178536,0.003992126,0.022171348,0.026796249,0.067132497,3.11E-09,0.0677512,0.092993871,0.02089809
Agmatine,0.032600531,0.076777733,0.091539778,0.045983211,0.049210988,0.054900682,0.046594434,0.10706952,0.113957478,0.09577604,0.041654561,0.029328519,0.015905226,0.009575537,0.017161,0.003163453,0.007005682,0.002343632,0.003237202,0.004575307,0.00223252,0.01796985,0.014245234,0.014256215,0.026177349,0.023917242,0.023401381,0.029439695
Ala-ala,0.042468693,0.027955677,0.019260698,0.02146497,0.035466506,0.028869019,0.017599079,0.033455756,0.029018874,0.034734805,0.035046607,0.049797968,0.025671294,0.029463703,0.021457024,0.023099507,0.018956555,0.02064538,0.079384916,0.067398243,0.076211086,0.074887548,0.071760013,0.038201203,0.045016213,0.009470973,0.009970144,0.013267548
Ala-ile,0.039691211,0.029216922,0.112972916,0.024786738,0.056690302,0.052219801,0.081347572,0.052167463,0.040336984,0.056269139,0.04943266,0.048892754,0.01100354,0.011515987,0.009334891,0.015542165,0.014799301,0.015078638,0.048121802,0.037621637,0.044816081,0.039151158,0.037642898,0.021238926,0.033487603,0.004576739,0.005764959,0.006279222
Ala-leu,0.050403515,0.027547025,0.035033705,0.026331969,0.059230595,0.056165598,0.031652309,0.054582513,0.056931824,0.062095172,0.037235935,0.055051275,0.014212379,0.014190387,0.011108597,0.023700409,0.01773505,0.01947959,0.051133007,0.039514675,0.045398629,0.052496334,0.049986183,0.028175874,0.054010393,0.007446795,0.008652534,0.010497729
Ala-val,0.060146494,0.020788831,0.010832519,0.015127447,0.051035918,0.05416024,0.01901687,0.05249041,0.042603852,0.043110618,0.049066304,0.069555764,0.018766845,0.023139803,0.019537376,0.04139697,0.043229815,0.037162068,0.042379983,0.036447703,0.041431932,0.035267325,0.035382773,0.032250515,0.053128356,0.01794052,0.015225546,0.019377208
"Alpha-d-glucose-1,6-diphosphate",0.005581747,0.01277162,0.011895489,0.038703059,0.009382134,0.004549786,0.021013514,0.40544073,0.217537001,0.246167284,0.001068776,0.002812056,0.002058806,0.00158501,0.003894224,0.000843056,0.000150137,0.000645188,0.001237926,0.00107812,0.002590131,0.000567038,0.00029017,0.001513547,0.005676795,0.00014466,0.000206128,0.000595865
Apigenin-7-o-glucoside,3.29E-08,0.2247529,0.293184692,0.241382268,0.000991842,0.00119986,0.228992784,0.001228282,0.000559163,0.000601486,0.000589983,2.89E-08,0.000466519,0.000431296,0.001523412,2.75E-08,0.000243056,2.95E-08,0.001087898,0.000857036,2.42E-08,2.62E-08,0.000356885,0.001127985,3.05E-08,2.32E-08,3.15E-08,0.000422398
Arginine,0.004120159,0.047281527,0.047311169,0.040553744,0.071718074,0.069916529,0.042904761,0.028125847,0.028200187,0.025268657,0.062438573,0.005372496,0.056969056,0.045731526,0.047294622,0.026681158,0.037358877,0.023208411,0.010171549,0.016933008,0.011751542,0.036242554,0.030350194,0.016000136,0.004677573,0.061907467,0.050307891,0.05120272
Asp-phe,0.030049272,0.015946688,0.017135254,0.027966065,0.053695048,0.059983599,0.025295064,0.063592957,0.055499348,0.062557537,0.041432994,0.022587379,0.030106423,0.023040046,0.017520957,0.037502849,0.029467956,0.038561136,0.064660709,0.047981609,0.060179647,0.037483033,0.035736659,0.025094403,0.031211429,0.014571752,0.013653885,0.017486304
Asparagine,0.01624453,0.014868046,0.013459024,0.016554238,0.050742354,0.049174686,0.015108912,0.023942786,0.023743699,0.019561957,0.04954093,0.01637496,0.05780291,0.061540175,0.060781115,0.077768905,0.073358128,0.089846682,0.012550422,0.017231995,0.014674925,0.012734667,0.008787155,0.023660224,0.015708484,0.063729199,0.05360434,0.046904558
Aspartic acid,0.010844526,0.062049505,0.06124054,0.062465692,0.00607156,0.008799103,0.061869249,0.03167528,0.028301844,0.030799819,0.037244865,0.010384313,0.04173815,0.039195286,0.034832103,0.097976954,0.110896777,0.100628422,0.005476295,0.006413794,0.013132126,0.002376797,0.007528759,0.011870841,0.008531751,0.028054222,0.04333118,0.036270246
Atractylenolide iii,0.024788073,0.028534908,0.016803711,0.010367151,0.025292901,0.025145491,0.036259789,0.06980865,0.033850749,0.040836561,0.024880962,0.035070413,0.033672039,0.026093559,0.038083228,0.02829461,0.01612926,0.060264368,0.063757779,0.047024745,0.046055475,0.048245419,0.032058609,0.040963778,0.026097597,0.038392183,0.055373593,0.027854399
Baicalein,1.40E-07,0.039001507,0.045846995,0.042293045,0.160960181,1.73E-07,0.051946767,0.033591337,0.361739711,0.002255177,1.73E-07,1.29E-07,0.0321387,0.016759605,0.035210651,0.040907671,0.033774622,0.043149798,0.010727215,0.006031678,1.48E-07,0.01057679,0.008832083,0.022649875,1.66E-07,1.75E-07,1.70E-07,0.001605316
Benzoic acid,0.03065358,0.076058011,0.047921021,0.042220953,0.05360424,0.055273749,0.045466986,0.033412981,0.026488454,0.031155844,0.058237922,0.030677482,0.027597614,0.025179074,0.030867296,0.030295185,0.027319805,0.036623413,0.023504026,0.025513587,0.024642129,0.025030356,0.023067722,0.03978992,0.027588804,0.03893704,0.030287593,0.032585216
Beta-nicotinamide adenine dinucleotide,2.29E-07,2.27E-07,1.62E-07,2.27E-07,1.96E-07,1.81E-07,2.41E-07,2.24E-07,1.57E-07,1.65E-07,1.71E-07,1.94E-07,2.21E-07,2.25E-07,2.21E-07,0.343768161,0.248368351,0.31776711,1.94E-07,2.25E-07,2.10E-07,2.24E-07,2.45E-07,0.090091366,2.53E-07,2.30E-07,2.25E-07,1.66E-07
Betaine,1.87E-08,0.009314187,0.011230087,0.008553228,0.01346028,0.015462431,0.009384033,0.010571447,0.013268629,0.014937932,0.005645256,1.97E-08,0.088821761,0.110968567,0.093583418,0.043923568,0.040296684,0.066778188,0.045509337,0.054162079,0.054969965,1.77E-08,1.98E-08,0.004901804,2.29E-08,0.088229335,0.087048037,0.108979652
Biochanin a,0.002313316,0.104901102,0.111885669,0.170397911,0.0404582,8.65E-07,0.093983711,0.001312827,0.170116995,0.003721038,8.28E-07,0.001709377,0.071644284,0.029137345,0.086736453,0.010527754,0.020692266,0.013852871,0.015291387,0.000759165,0.0019595,0.004415473,0.004845331,0.038149283,9.62E-07,0.001184624,6.95E-07,7.69E-07
C10-las (tentative),6.63E-06,5.13E-06,5.91E-06,4.81E-06,6.46E-06,5.56E-06,5.46E-06,5.99E-06,5.56E-06,5.13E-06,4.98E-06,5.90E-06,6.88E-06,4.87E-06,5.05E-06,4.77E-06,6.42E-06,6.52E-06,4.97E-06,5.63E-06,5.45E-06,5.78E-06,6.72E-06,5.76E-06,0.999846556,5.54E-06,6.20E-06,5.37E-06
Caffeic acid,0.00247489,0.008263607,0.010751619,0.010466214,0.003628142,0.003783541,0.009160896,0.017214301,0.017994096,0.050828031,0.002306125,0.001917399,0.053009341,0.051853165,0.048406423,0.084339051,0.122453978,0.241066109,0.03600538,0.029355376,0.019667391,0.022308914,0.017405642,0.035003903,0.002013732,0.026472108,0.026317744,0.045532882
Carnitine,0.000909746,0.007627182,0.008322305,0.006534458,0.001887648,0.001590305,0.006209759,0.002035502,0.002588614,0.002900956,0.001437596,0.001201818,0.025256264,0.026777236,0.015767117,0.117480391,0.104150362,0.152273126,0.022399419,0.028825783,0.009230338,0.118505095,0.113612437,0.135561752,0.000634343,0.024104329,0.030454043,0.031722077
Carpachromene,0.030666815,0.031969878,0.033111021,0.039523087,0.042028729,0.036915103,0.038319546,0.036816799,0.033784825,0.033256448,0.034339017,0.036593731,0.036279894,0.034971971,0.037589723,0.043442568,0.029192641,0.032941852,0.039041901,0.033190949,0.034719322,0.035192309,0.041476061,0.033149412,0.042439142,0.030741483,0.032902253,0.03540352
Catechol,0.00540783,0.006304414,0.00978436,0.00091976,0.00186656,0.002029171,0.007209109,0.148572722,0.201710372,0.187142788,0.002837413,0.002606356,0.036972404,0.040269038,0.048641167,0.018657844,0.018188553,0.021333842,0.025318613,0.02141055,0.031954916,0.021958893,0.023820481,0.028484966,0.002875063,0.035057417,0.024596287,0.024069118
Choline,0.0298477,0.084583013,0.08244274,0.073701927,0.024193324,0.0245687,0.077621167,0.077536452,0.075341388,0.071338134,0.016988966,0.033046684,0.021008213,0.031367544,0.023870868,0.010760231,0.023158425,0.017538267,0.009871605,0.008029669,0.010849291,0.009820085,0.012786503,0.01016332,0.035280122,0.034649821,0.028748762,0.040887079
Cinchonidine,4.28E-08,5.58E-08,5.91E-08,6.45E-08,0.188073933,0.035990317,6.52E-08,0.036550939,0.02998283,0.035713562,4.50E-08,0.040338518,0.035550794,0.032665467,0.032547154,0.033326228,0.03166503,0.033421294,0.039629683,0.033123163,0.029874,0.037362409,0.036626002,0.033440424,6.10E-08,0.04372475,0.180393063,4.65E-08
Citric acid,0.099547029,0.089702694,0.08398298,0.05940567,0.021814259,0.015140759,0.064918588,0.046014649,0.04150783,0.036919948,0.018109662,0.10715957,0.00959855,0.006828699,0.003515902,0.006841254,0.011047086,0.009672219,0.032453771,0.02749704,0.033056102,0.007335198,0.004997539,0.014116379,0.102539326,0.008149677,0.034077471,0.004050149
Citrinin,0.002575994,0.001082287,1.66E-06,0.001502392,0.000625273,1.16E-06,0.001937695,0.281621431,0.276596451,0.284324434,0.003953549,0.002551027,1.10E-06,0.002792018,1.68E-06,0.000564483,0.027875668,0.0432817,0.000904258,0.00206796,1.49E-06,0.000423362,0.022685685,0.024545221,0.018077554,1.33E-06,1.66E-06,1.49E-06
Citrulline,0.001478648,0.001075057,0.000724918,0.000520281,0.000879558,0.00091862,0.000765144,0.004603506,0.006688012,0.001945718,0.000718587,0.001456633,0.032854038,0.049163378,0.015647027,0.19012888,0.013632864,0.040607654,0.135997486,0.090810873,0.124377097,0.026104412,0.014356057,0.062765617,0.001495032,0.080238781,0.031735006,0.068311116
Cordycepin,0.00386842,1.59E-08,5.99E-05,0.000698875,0.099048406,0.075717432,1.34E-08,0.020069104,0.011296431,0.012188365,0.043427228,0.005851674,0.044609712,0.055324376,0.043341883,0.169851362,0.033865467,0.060641773,0.072937022,0.045109523,0.015370978,0.017107889,0.003442022,0.035516919,0.006626533,0.058987912,0.039649844,0.025390957
"Coumaroyl hexoside (isomer of 691, 692)",0.004008714,0.003850223,0.001195721,0.000837943,0.014053242,0.001964734,0.021960476,0.374161354,0.324662244,0.227408839,0.0013514,0.004456524,0.001513174,0.001158208,0.000862326,0.000970644,0.00092516,0.001099595,0.001210258,0.00107568,0.00111882,0.001316231,0.001147892,0.002314541,0.001043794,0.000798554,0.002627773,0.000905935
Cryptotanshinone,5.88E-06,0.082847339,0.426255319,4.94E-06,0.28519039,0.205576483,5.53E-06,6.18E-06,5.16E-06,5.38E-06,5.49E-06,5.48E-06,4.76E-06,5.36E-06,4.56E-06,5.93E-06,6.00E-06,5.75E-06,5.91E-06,4.89E-06,5.66E-06,5.09E-06,5.82E-06,5.14E-06,6.35E-06,5.10E-06,5.76E-06,4.35E-06
Cyanidin-3-o-galactoside,0.012117042,0.010240898,0.009775275,0.011115377,3.20E-07,0.008285453,0.011199012,0.334402532,0.341507785,0.227883977,2.38E-07,0.014694979,2.90E-07,2.72E-07,0.003910023,2.48E-07,2.51E-07,3.24E-07,3.12E-07,3.18E-07,2.58E-07,2.87E-07,3.27E-07,2.39E-07,0.014863115,2.93E-07,2.61E-07,2.95E-07
Cyclo-prolylglycine,0.011073539,0.055742647,0.063514162,0.155499551,0.025333329,0.057192603,0.153719269,0.010128631,0.008409011,0.011513341,0.048220581,0.012677405,0.028365381,0.024785503,0.029737104,0.009761726,0.007647254,0.011871295,0.029412259,0.012467443,0.010397378,0.017704674,0.015560938,0.011833356,0.00813021,0.064429317,0.042808824,0.062063274
Cyclo(leu-pro),0.004935028,0.124526935,0.140238574,0.109669445,0.061199765,0.092880595,0.133546955,0.018736879,0.011220044,0.012206233,0.060586846,0.004645947,0.035500025,0.025360731,0.032187403,0.005691627,0.008281636,0.010525841,0.004210474,0.004322924,0.002961408,0.001279114,0.001212704,0.002762756,0.004984025,0.030550609,0.023859077,0.031916399
Cystathionine,0.020867824,0.002248143,0.001769353,0.002511016,0.156329299,0.138175777,0.002342924,0.0241343,0.020365014,0.040606782,0.153075073,0.020139768,0.017447316,0.029958481,0.013092685,0.006636342,0.026919492,0.015337022,0.02375476,0.025957448,0.029356005,0.008614279,0.012308905,0.006192964,0.025318869,0.111060356,0.026353454,0.039126357
Cytidine-3'-monophosphate,0.000876661,0.001087166,0.001521048,0.000174131,0.003472965,0.002727769,0.000176827,0.002624733,0.002493661,0.002517553,0.002808549,0.0010806,0.006315028,0.009725063,0.016454284,0.110476848,0.077874187,0.096776685,0.003120392,0.002605862,0.002593696,0.229492472,0.214153087,0.033307919,0.000882844,0.07273059,0.069958835,0.031970545
Cytidine-5'-monophosphate,0.000551946,0.000111987,0.000131469,0.000109633,0.002186578,0.001717403,0.00011133,0.006217296,0.002005691,0.005353204,0.000427983,0.000680346,0.00397594,0.001063002,0.003118133,0.003709406,0.00313283,0.003593485,0.166319091,0.155184219,0.186482058,0.1444884,0.134830728,0.169431255,0.000555838,0.001291048,0.002122878,0.001096824
Cytidine 5'-diphosphocholine,6.60E-09,0.000678297,0.001134086,0.000407184,0.002352548,0.002903791,0.000531001,0.000576287,0.000514333,0.004009669,0.001019047,0.000331117,0.003335491,0.002114628,0.00864021,0.152872745,0.060514237,0.120928075,0.058390878,0.072266024,0.075791784,0.182600534,0.134655587,0.102539697,0.000363528,0.001592992,0.007580999,0.001355226
Cytisine,0.003962466,1.80E-07,0.000535447,1.70E-07,1.99E-07,1.87E-07,0.002197457,0.06996681,0.00699351,0.063175524,1.66E-07,0.000576488,0.186101141,0.275560033,0.093654231,1.36E-07,1.75E-07,5.29E-05,0.007558414,0.006574632,0.009802273,1.39E-07,1.53E-07,0.001170384,0.00052287,0.170057856,0.048463542,0.053072529
Cytosine,0.004785269,0.002581705,0.002985628,0.002911362,0.021128843,0.016878771,0.00251724,0.053081721,0.018337124,0.039221853,0.006473502,0.00120747,0.010410125,0.004677552,0.006419346,0.069434313,0.051529994,0.060861217,0.077202177,0.061732662,0.071816679,0.106589971,0.090684866,0.155078211,0.005276945,0.022674871,0.015893061,0.017607528
D-(+)-malic acid,0.01092495,0.06116539,0.036339642,0.060860187,0.046416554,0.077722572,0.065978001,0.26864918,0.033782972,0.039990248,0.071191756,0.008740432,0.015041439,0.026172215,0.019292698,0.004166758,0.01527298,0.010060585,0.009173215,0.016125153,0.005042674,0.015317442,0.019048431,0.004661081,0.003471476,0.02010563,0.017615722,0.017670618
D-(+)-pantothenic acid,0.003421839,0.014768212,0.015350673,0.011188697,0.006627116,0.005070897,0.011977342,0.011349612,0.013767618,0.010487106,0.00323644,0.00364208,0.04266441,0.094156887,0.056577007,0.063777447,0.078863686,0.081686024,0.073153724,0.047844436,0.049335935,0.031498258,0.027256169,0.033760996,0.004231446,0.054728112,0.081554756,0.068023074
D-alloisoleucine,0.002994225,0.038552998,0.041408556,0.03259627,0.075597445,0.075019512,0.010792122,0.012537515,0.0215264,0.008561898,0.017507606,0.0025719,0.057955585,0.061260245,0.061686845,0.062333614,0.072344638,0.072355647,0.033730573,0.023071461,0.018412799,0.019629852,0.015725164,0.026905157,0.003066461,0.046872511,0.042771614,0.042211388
D-gluconic acid,0.00836839,0.061390553,0.060259497,0.056696361,0.036188666,0.036806053,0.054777505,0.107046989,0.09866489,0.126587531,0.04732363,0.008923911,0.011977453,0.038807312,0.034329214,0.011765559,0.035081943,0.016343983,0.01359745,0.018432678,0.023507159,0.004170693,0.007077722,0.004138776,0.010159745,0.017329436,0.035051726,0.015195182
Daidzin,0.001324268,0.161868953,0.236421439,0.195127931,0.003100075,0.001714572,0.17172455,0.062981785,0.001097433,0.152611327,5.68E-07,5.61E-07,7.14E-07,0.000573477,0.004414225,0.001015432,8.48E-07,0.000539398,7.25E-07,0.000879118,8.63E-07,6.17E-07,6.05E-07,8.21E-07,7.01E-07,0.000206068,0.001125654,0.003267272
Derrustone,3.43E-07,3.20E-07,2.98E-07,3.80E-07,3.24E-07,3.93E-07,2.77E-07,3.15E-07,2.72E-07,0.003503498,0.00265366,3.31E-07,0.364528175,0.167792004,0.205496766,3.17E-07,0.002635421,0.003188146,0.051659541,0.092365564,0.100768513,2.85E-07,2.69E-07,0.005403274,3.41E-07,2.91E-07,2.96E-07,3.85E-07
Dihydroferulic acid,0.000843913,0.022547731,0.022294953,0.001211508,0.002023291,0.000236713,0.022555268,0.014190064,0.014938348,0.023451108,0.003356543,0.000274706,0.08460742,0.090273,0.059020642,0.01557174,0.015026516,0.013004444,0.071854765,0.061330668,0.242304258,0.013240015,0.013462337,0.028554408,0.002588691,0.062871777,0.046121573,0.0522436
Dihydroorotic acid,0.000181362,0.005838876,0.007666567,0.008574207,0.001287711,0.000185976,0.00886482,0.001794011,0.00152153,0.001013984,0.001103812,0.000449045,0.032167545,0.0236517,0.072729873,0.007866568,0.000225376,0.000909209,0.004150148,0.0103983,0.007734572,0.009077647,0.005872833,0.005729625,0.000143069,0.088165753,0.519353039,0.17334284
Dioctyl phthalate,0.046518761,1.57E-06,1.72E-06,1.88E-06,1.47E-06,1.56E-06,1.54E-06,1.75E-06,1.58E-06,1.52E-06,1.44E-06,0.012609535,1.77E-06,1.39E-06,1.61E-06,1.94E-06,0.371306763,0.03775194,0.232838598,2.00E-06,1.55E-06,1.86E-06,0.298938118,1.75E-06,1.39E-06,1.45E-06,1.83E-06,1.71E-06
Diosmetin,3.59E-07,4.52E-07,3.94E-07,4.47E-07,0.006180251,3.31E-07,3.70E-07,3.89E-07,3.23E-07,4.49E-07,3.13E-07,3.91E-07,0.134686849,0.072935621,0.118860665,0.176598691,0.116239755,0.123940349,0.053237184,0.032459983,0.014128657,0.032962362,0.043330235,0.074433548,4.34E-07,4.12E-07,4.55E-07,3.29E-07
Donepezil,0.050159193,0.095244485,0.090744791,0.080644098,0.000122119,0.000229612,0.190599781,0.033630421,0.027675956,0.02790633,0.001906563,0.051045036,0.004249414,0.005786699,0.004041923,0.006831631,0.00368837,0.001698753,0.065504058,0.044331712,0.059484514,0.055307237,0.047741997,0.035856066,0.010480544,0.002535783,0.001624881,0.000928037
Erucamide,0.03485621,0.039533535,0.0258729,0.027228793,0.018378314,0.030493231,0.025160765,0.007375255,0.027148881,0.015639308,0.017113207,0.016051762,0.00972576,0.013009593,0.015994241,0.011454271,0.044726425,0.01963802,0.385724927,0.032251954,0.021307403,0.028086378,0.048643952,0.044192678,0.002402659,0.017214416,0.011208249,0.009566915
Esculetin,4.43E-07,4.77E-07,3.91E-07,0.004335063,0.002299703,0.001185138,0.000899805,0.027220459,0.035216187,0.029524117,0.001190005,4.39E-07,0.038597299,0.001295865,0.041391621,0.17787659,0.19816113,0.153713581,0.042603224,0.021487018,0.010282656,0.082552055,0.048465034,0.078592671,4.77E-07,0.00096764,0.001020265,0.001120649
Fa 18:1+1o,0.038347398,0.026658252,0.040059841,0.043728716,0.04726979,0.039651213,0.037959653,0.037918223,0.032989887,0.033413216,0.041555858,0.028235878,0.062691711,0.051615005,0.040088491,0.04392476,0.063933714,0.045447757,0.026720399,0.029593987,0.026274684,0.028193528,0.025922356,0.015668167,0.012053419,0.019705742,0.024804478,0.035573878
Fa 18:1+2o,0.00032381,0.000286852,0.000355092,0.000484331,0.021580312,0.41437836,0.001926322,0.00600067,0.005546523,0.055915981,0.486071402,0.000139511,0.000186333,0.000355458,0.00057822,0.000813796,0.00114444,0.000728918,0.000230308,0.000225813,0.000400572,0.00043633,5.55E-05,0.000436513,0.000292364,0.000391216,0.000311402,0.000403603
Fa 18:1+3o,0.000359344,0.001571186,0.002045344,0.000888676,0.1828665,0.141172722,0.001124428,0.074490171,0.042267101,0.073863316,0.469374164,0.000198024,0.000254207,0.000521942,0.000248858,0.000699622,0.0005298,0.000688463,0.001375538,0.001245825,0.001223159,0.001179481,0.000429309,0.000689142,0.000326259,0.000269836,1.65E-05,8.11E-05
Ferulic acid,0.000838906,0.04967061,0.053557185,0.038508422,0.019069067,0.02030946,0.056627348,0.279602076,0.226428189,0.19641182,0.014552822,0.000242184,0.000926794,0.003898557,0.001134394,0.001860133,0.00172459,0.001733401,0.013510786,0.01140061,0.002463042,0.001080261,0.001149744,0.000388909,0.000360939,0.000916063,0.000283766,0.001349923
Feruloyltyramine,9.54E-08,9.16E-08,8.76E-08,8.88E-08,9.68E-08,9.55E-08,7.85E-08,6.82E-08,6.82E-08,0.022736532,8.91E-08,7.34E-08,0.135702753,0.126665466,0.141572392,0.025873206,0.021052609,0.020214933,0.258206139,0.067061591,0.155908531,0.003917465,0.004668971,0.009235018,6.82E-08,8.57E-08,7.49E-08,0.007183232
Flavin adenine dinucleotide,4.66E-07,5.41E-07,4.99E-07,4.31E-07,4.71E-07,5.37E-07,5.16E-07,0.000839944,5.06E-07,5.62E-07,5.30E-07,5.17E-07,0.047457466,0.023088538,0.019327192,0.25652797,0.325357619,0.23544492,5.63E-07,5.98E-07,5.40E-07,5.45E-07,4.93E-07,0.091455407,4.54E-07,5.31E-07,0.000491108,5.36E-07
Gaba,0.004664698,0.000910882,0.000456154,0.001117092,0.000595687,0.000395108,0.000862919,0.005396387,0.004901429,0.004343986,0.000293723,0.003112623,0.074007106,0.057880044,0.062588882,0.155051589,0.144405389,0.180625979,0.023849485,0.01762413,0.019986701,0.00572656,0.003002245,0.057197076,0.005168997,0.038230047,0.067622795,0.059982288
Galactinol,0.009289131,0.157301013,0.1570664,0.135642734,0.037708137,0.034407335,0.143313138,0.026705249,0.018157151,0.020271741,0.03441041,0.010695893,0.009127264,0.00578979,0.018963473,0.00103083,0.00144028,0.001250796,0.013814005,0.011981949,0.013436706,0.002335226,0.003057412,0.0006367,0.012325688,0.058842822,0.060796788,0.000201936
Gamma-glutamylglutamine,0.010155933,0.012335316,0.013924554,0.013393151,0.060237205,0.065724542,0.015468817,0.030075849,0.02771972,0.025823729,0.053445757,0.009969883,0.046970419,0.043628915,0.04448054,0.067235249,0.069048074,0.067998141,0.040247616,0.033224316,0.037702638,0.046918356,0.045995542,0.036802253,0.01373624,0.021849921,0.023885502,0.022001821
Gamma-glutamylleucine,0.029311938,0.007154171,0.011501258,0.009721908,0.091522416,0.010602521,0.006664513,0.05315471,0.025492414,0.013062702,0.008171167,0.04030079,0.051001361,0.019163496,0.012148987,0.033157681,0.056750183,0.062586416,0.090821397,0.070648636,0.047182267,0.03619724,0.03209284,0.044977629,0.027299268,0.041675261,0.034848659,0.032788177
Gamma-glutamyltyrosine,0.06549156,0.065773423,0.097514929,0.051363265,0.037945024,0.039449246,0.069143574,0.022968182,0.018550252,0.022903507,0.035183933,0.072099392,0.010722443,0.012262874,0.011711499,0.026790597,0.0327129,0.029726762,0.040638158,0.024647067,0.03659044,0.030238762,0.027516711,0.018771436,0.064063272,0.01213453,0.010314856,0.012771404
Genistein,0.00023471,0.164249255,0.207829948,0.195626329,0.07246132,0.000632644,0.161814804,0.015657742,0.133473192,0.002309261,0.000170289,0.000211873,0.005727278,0.003019916,0.00637418,0.006949863,0.005672373,0.007204061,0.001832975,0.000114505,0.000525557,0.000237409,0.001419967,0.000264387,0.000434121,0.001811501,0.001040811,0.002699728
Genistin,0.000756569,0.201230872,0.248063233,0.273373602,0.007211327,0.003655454,0.193626608,0.000699602,0.001100015,0.002161903,0.008151207,0.003226931,0.000615572,0.000662372,0.016595772,0.000483397,0.006105331,0.007275471,0.006303295,0.004716444,2.40E-07,0.003056927,0.001283625,0.006614894,2.21E-07,0.000894426,0.001596121,0.000538569
Glu-val-phe,0.128358404,0.022482493,0.0291224,0.015358248,0.010759119,0.008761343,0.026118758,0.010457755,0.017922424,0.012080739,0.008744388,0.203855376,0.007728063,0.003028079,0.006573849,0.00708041,0.008037288,0.015895795,0.110827377,0.066073563,0.085273058,0.061514453,0.065594983,0.038969106,0.022876596,0.003872408,0.001269445,0.001364083
Glutamate,0.023776646,0.089884969,0.086402848,0.080511325,0.019354967,0.049021277,0.084673321,0.003038854,0.005666042,0.001803953,0.034792814,0.017500077,0.022049326,0.023225986,0.029788687,0.024431127,0.037203463,0.033242583,0.036826056,0.029348626,0.018849416,0.060232742,0.061705238,0.048025267,0.023676583,0.020979772,0.014919211,0.019068823
Glutamine,0.018943475,0.079811333,0.082017561,0.062810845,0.131649928,0.133494846,0.061026952,0.012421347,0.012098067,0.015245421,0.13308653,0.017221299,0.014917273,0.013177558,0.013271311,0.016529136,0.013713015,0.017307016,0.018229343,0.02352011,0.023138161,0.013107993,0.012280848,0.010713883,0.019991812,0.008687154,0.007840665,0.013747116
Glutaric acid,0.002631088,0.026221029,0.024426202,0.019477195,0.002168102,0.001800866,0.021870808,0.037289988,0.040987539,0.04268715,0.001141717,0.002361868,0.017813937,0.03724692,0.023482215,0.060410774,0.095209624,0.0844983,0.043954838,0.048102221,0.032687581,0.08639086,0.071841814,0.035332999,0.00277407,0.063782091,0.025858482,0.047549723
Glutathione (oxidized),1.10E-08,9.65E-09,1.14E-08,1.01E-08,0.00025679,0.000299097,1.28E-08,0.003856825,0.004801541,0.003404223,0.000130134,1.05E-08,0.064677407,0.07990919,0.044055639,0.093033932,0.111152425,0.097423402,0.039291328,0.030607656,0.064646501,0.017274069,0.016967095,0.021168912,3.14E-06,0.143506376,0.118017522,0.045516741
Glutathione (reduced),0.00311285,0.007514176,0.005914224,0.004393285,0.001085692,0.000933131,0.005863665,0.001659465,0.00270453,0.000775347,0.001261685,0.004161826,0.010590649,0.007671641,0.04513977,0.223718833,0.426505233,0.062516324,0.001141275,0.00203504,0.002139143,0.103037967,0.023292956,0.028605451,0.004425336,0.003124423,0.007246026,0.009430063
Gly-ile,0.033152796,0.074599342,0.075117692,0.066302055,0.040721007,0.044172174,0.070940793,0.035702946,0.032248831,0.036770237,0.03491507,0.041520909,0.031260312,0.027934292,0.029082615,0.023261623,0.024282016,0.022930759,0.032906427,0.026059583,0.030407916,0.02843178,0.026700472,0.017818732,0.035747639,0.020522441,0.017462573,0.019026967
Gly-leu,0.039876197,0.073604998,0.070980154,0.055593408,0.040850501,0.044612364,0.05909521,0.045733105,0.036485835,0.045837968,0.039143635,0.043036416,0.025783401,0.025546211,0.02404693,0.022641472,0.02233645,0.040740605,0.026812026,0.0275607,0.031511084,0.022447579,0.032645026,0.014616136,0.040307538,0.015176792,0.0115771,0.021401166
Gly-tyr,0.027445545,0.047965402,0.005871677,0.038789732,0.034093411,0.037594875,0.004410912,0.044319725,0.038436678,0.041570524,0.030135393,0.027808164,0.026462074,0.028074386,0.027078217,0.028125592,0.033022411,0.024447551,0.094424394,0.077352105,0.087862127,0.058329278,0.054481383,0.023495033,0.02474644,0.011782628,0.011282021,0.010592332
Gly-tyr-ala,0.002150823,0.100121535,0.095675221,0.067442628,0.016614104,0.018189165,0.094112519,0.026640375,0.028852701,0.030704738,0.020105466,0.002658251,0.000576926,0.00695161,0.260423962,0.212080378,0.000565731,0.000779606,0.000929363,0.00070531,0.000833257,0.000484746,0.000278722,0.000370175,0.001212737,0.008490177,0.001280782,0.000768992
Gly-val,0.007344798,0.061084415,0.056160552,0.052044319,0.087832364,0.099064703,0.057957216,0.019062262,0.018331396,0.020186586,0.086095862,0.007904578,0.040306294,0.039842043,0.046124982,0.041968291,0.043353268,0.040503129,0.010887889,0.010758389,0.010908587,0.00844075,0.00761764,0.01604032,0.006712575,0.042033936,0.029751302,0.031681559
Glyceraldehyde,0.052070669,0.001639448,0.001122615,0.000958365,0.013721042,0.009391012,0.001146592,0.004992251,0.005454398,0.008997413,0.024470643,0.031917202,0.138893994,0.122008784,0.120784171,0.010313145,0.00876248,0.026352497,0.000830804,0.009517961,0.003452506,0.036713775,0.027864852,0.0703819,0.048555254,0.052552873,0.067108033,0.100025322
Glycocholic acid,0.001875681,0.226401181,0.238449944,0.225281561,0.000622667,0.004078597,0.223482863,0.000517891,0.000928661,0.006771009,0.000666643,0.001374654,0.001867819,0.000601545,0.000375954,0.000811411,0.002161705,0.000971694,0.001122384,0.003147616,0.000485447,0.003715052,0.027985808,0.022975431,0.001015197,0.000950833,0.00077362,0.000587131
Guanidinoacetic acid,0.007216074,0.018352169,0.034815738,0.02579781,0.043112977,0.033911268,0.032824427,0.041562084,0.06068605,0.055191223,0.076896376,0.00474257,0.029157664,0.035637773,0.057436971,0.058416166,0.084032957,0.07584525,0.025817483,0.017010953,0.021544681,0.016390732,0.038978339,0.036623116,0.011997032,0.02161544,0.016630267,0.01775641
Guanine,0.001408715,0.001388417,0.001256469,0.001276322,0.0007217,0.000724365,0.00109244,0.043801146,0.017699927,0.042810277,0.00024524,0.000609575,0.044339395,0.000869223,0.001162199,0.17336887,0.114793031,0.115429316,0.024057367,0.021373036,0.016043031,0.076695419,0.053373799,0.130367628,0.002565483,0.005374122,0.077514423,0.029639073
Guanosine,0.002658881,0.002024809,0.002657191,0.002324924,0.030031246,0.027784868,0.001973408,0.105436052,0.044966825,0.084490347,0.010924094,0.001508198,0.008719029,0.00244726,0.005878081,0.0171522,0.097510033,0.109567291,0.063901892,0.046302886,0.045473395,0.037876164,0.103170577,0.076442158,0.003382001,0.000908378,0.034796744,0.029691071
Guanosine 5'-diphosphate-d-mannose,4.73E-07,0.005595583,4.17E-07,3.82E-07,3.74E-07,5.47E-07,0.008936561,5.61E-07,5.06E-07,5.63E-07,3.65E-07,5.50E-07,3.91E-07,5.21E-07,5.70E-07,0.027470268,0.000855529,0.022300835,0.27360123,0.352896157,0.270254507,0.03808055,4.19E-07,3.77E-07,4.84E-07,4.23E-07,4.77E-07,3.81E-07
Guanosine 5'-monophosphate,0.00099556,0.001928024,0.002074406,0.001886846,0.001642515,0.001399346,0.002107702,0.012574426,0.013431282,0.012003338,0.001778446,0.001326268,0.027265833,0.014995865,0.026674499,0.112539884,0.089059689,0.101964163,0.054496468,0.057402347,0.057777949,0.053942545,0.057339392,0.080999048,0.000906092,0.058732976,0.106383914,0.046371178
Guanosine cyclic monophosphate,0.001511062,0.003260501,0.004430522,0.003997995,0.0006585,0.000739306,0.0037449,0.009298176,0.025875636,0.009219346,0.003498136,0.001140538,0.019358083,0.010733796,0.018879906,0.22629818,0.257152747,0.136083456,0.003524416,0.002818213,0.002411787,0.011340951,0.014293818,0.14868901,0.001099737,0.029802273,0.041327573,0.008811436
Harmane,0.011373308,0.008962654,0.011631577,0.006118686,0.006357949,0.000412149,0.007455938,0.009538077,0.010250622,0.028901232,2.92E-07,0.010375507,0.155016094,0.08124655,0.032440409,0.011655235,0.013619073,0.030043849,0.000793398,0.002646463,0.000539868,2.46E-07,2.45E-07,0.001393763,0.031557405,0.183964318,0.064985874,0.278719223
Histamine,0.008826106,0.006730682,0.015316628,0.017258463,0.059823708,0.063776035,0.018764589,0.008498493,0.008708969,0.008643432,0.053645504,0.006792019,0.021306658,0.034707271,0.034593734,0.095737585,0.032212784,0.036438027,0.004477882,0.00879616,0.006664291,0.010521227,0.006193964,0.332775881,0.013824065,0.035229821,0.023111754,0.026624277
Histidine,0.00123596,0.014392905,0.01298609,0.013834027,0.088247753,0.090692017,0.013292963,0.009248148,0.009297622,0.009006283,0.345275253,0.001218354,0.036194493,0.04515907,0.044718695,0.039663039,0.036051719,0.04806172,0.00392814,0.006867815,0.005634414,0.010026137,0.007954565,0.010039526,0.001219123,0.041993845,0.029373661,0.024386664
Homoarginine,0.114496801,0.01766646,0.015698044,0.014676969,0.005763445,0.005446473,0.015434192,0.090655194,0.088880633,0.090779715,0.004487901,0.174846303,0.016776112,0.00950503,0.013358359,0.011536802,0.012098635,0.013934117,0.017839387,0.008415829,0.012495606,0.013209135,0.01340183,0.011993451,0.141673259,0.022521873,0.024195261,0.018213183
Hydroquinidine,0.039721664,0.031393839,0.041706758,0.037323498,0.039076935,0.038764441,0.035843372,0.028541116,0.028592009,0.033870531,0.027954004,0.03395868,0.03339337,0.028768474,0.036446418,0.039607378,0.040146845,0.03643297,0.03848578,0.039304994,0.031523068,0.039974467,0.034043378,0.038909004,0.033732026,0.038466234,0.038116131,0.035902615
Hyperoside,1.55E-07,0.002458799,0.002296728,0.002710042,1.91E-07,1.81E-07,0.003182328,0.33838248,0.442170546,0.201055263,1.40E-07,1.57E-07,0.000192663,1.39E-07,0.001381187,0.000591919,0.001505767,0.001432347,0.000204249,2.02E-07,1.99E-07,1.78E-07,1.50E-07,1.61E-07,1.55E-07,0.000166758,0.00094405,0.001322867
Hypoxanthine,0.014175947,0.002500316,0.000944006,0.001161355,0.002884808,0.005580944,2.28E-08,0.00451622,0.003632851,0.002721373,0.004291202,0.007520568,0.012938297,0.019260258,0.029416272,0.028950241,0.028973471,0.039811619,0.065115568,0.069019545,0.072781096,0.140711802,0.099119514,0.19121107,0.011345125,0.028268674,0.04351585,0.069631991
Indole-3-acetyl-l-glutamic acid,0.003345872,0.00306586,0.00635328,0.005147652,0.001304719,0.002172046,0.004749147,0.331111447,0.228952851,0.202452709,0.00177692,0.002074815,0.017433006,0.012734257,0.024390248,0.014080001,0.022586621,0.017576854,6.91E-05,0.000599791,0.000176751,0.02013295,0.011099399,0.010778776,0.00277766,0.016630498,0.015697112,0.020729687
Indole-3-carboxaldehyde,0.011552574,0.024953996,0.030184842,0.026212268,0.034622376,0.033790049,0.025847778,0.030857366,0.029633932,0.049487467,0.022511819,0.013839696,0.054197707,0.067246119,0.05116934,0.075277069,0.087873806,0.108942462,0.009257352,0.007866263,0.007351746,0.013803097,0.016112664,0.029359463,0.011305458,0.046399398,0.035584502,0.0447594
Indole-3-carboxylic acid,0.085211802,0.015026382,0.017687223,0.01579259,0.020063141,0.022983407,0.016494597,0.044173606,0.041499332,0.020540897,0.019422262,0.095399039,0.037088199,0.039374075,0.018255021,0.09137118,0.099314431,0.085932136,0.018238857,0.01248017,0.007906142,0.007745751,0.011579753,0.030232961,0.079002338,0.013387987,0.009486596,0.024310128
Indoleacetic acid,0.001598903,0.021682335,0.027261226,0.011045888,0.020109337,0.042229535,0.010295907,0.062028914,0.032012242,0.073159891,0.005867802,2.69E-07,0.058396482,0.02995029,0.243695824,0.019075303,0.00895929,0.046701175,0.037821578,0.029601295,0.037251312,0.003251415,0.009387259,0.007139836,2.49E-07,0.05884424,0.039859424,0.062772778
Inosine,5.76E-05,0.00068997,0.000263408,2.71E-06,0.002092238,0.001312229,7.05E-06,0.000839417,0.000444753,0.000877728,0.00042325,1.85E-05,0.000256551,2.19E-05,0.000109028,0.000569298,0.007801012,0.007327166,0.121799683,0.10932918,0.128694518,0.084702583,0.299314049,0.214070821,0.000167114,0.002363192,0.0007523,0.01569272
Inosine-5'-diphosphate,0.002013657,0.002020047,0.002536723,0.001093887,0.001077261,0.001156564,0.001530988,2.94E-08,2.35E-08,3.18E-08,0.001370449,0.002545614,0.00093484,0.001025661,0.000809065,3.00E-08,2.18E-08,3.32E-08,0.017235133,0.168082197,0.275644359,0.2365471,0.224995287,0.059380874,3.25E-08,3.04E-08,3.28E-08,2.73E-08
Inosine-5'-monophosphate,6.88E-05,2.18E-05,3.87E-05,3.85E-05,0.000101701,3.41E-05,7.32E-05,0.000100787,2.54E-05,3.11E-05,0.000102329,6.25E-05,5.06E-05,3.48E-06,3.36E-05,6.66E-05,4.26E-05,6.45E-05,0.164261592,0.162749256,0.188945863,0.164464152,0.163632939,0.154440617,4.84E-05,0.000125503,9.24E-05,0.000279199
Isoimperatorin,0.075141451,0.009572703,0.030915889,0.017488184,0.051569071,0.071411277,0.01903509,0.037534581,0.031081317,0.064111399,0.044291421,0.059412538,0.005095852,1.15E-07,0.000675307,0.00660372,0.006928514,1.34E-07,0.089892949,0.077647216,0.106109237,0.051324832,0.049696085,0.031820646,0.053004742,9.77E-08,1.02E-07,0.009635531
Isoleucine,0.007825724,0.096254818,0.038775625,0.024372078,0.067509687,0.061114345,0.031768907,0.014037674,0.011201449,0.012018404,0.068113839,0.008340659,0.044495344,0.051091599,0.047264822,0.048033031,0.05561399,0.056748575,0.030158727,0.022208279,0.017367675,0.016322331,0.01569127,0.023742336,0.018499483,0.039131691,0.034274429,0.038023211
Isoleucylisoleucine,0.065284932,0.021933244,0.031671286,0.024357232,0.080117842,0.046558509,0.026829306,0.097618968,0.082286871,0.107801148,0.04417637,0.074648927,0.006778092,0.005687185,0.004870703,0.024500527,0.02250467,0.035854345,0.034617679,0.024525227,0.028389124,0.01780283,0.016058638,0.017400539,0.038783674,0.005612392,0.007305519,0.006024223
Isopentenyladenine,0.000180607,0.000955662,3.08E-05,0.002361171,0.000304084,0.002581138,2.45E-08,0.000155136,0.000127684,0.001396749,0.001180294,9.89E-05,0.072289618,0.054730281,0.074953321,0.227269646,0.081454862,0.12563487,0.003699513,0.009770129,0.004965102,0.063324952,0.023238622,0.22805047,0.000152107,0.008339765,0.009071892,0.003682664
Isopongaflavone,0.034605407,0.032857438,0.030965826,0.028554934,0.032146231,0.030692604,0.032796357,0.031765873,0.030506391,0.039641004,0.041371393,0.033758467,0.037143977,0.039282163,0.038801772,0.03575582,0.040371369,0.042467055,0.03697004,0.032704117,0.028246192,0.033838094,0.038043322,0.03643615,0.035198124,0.042183085,0.040935082,0.04196171
Kaempferol-3-o-glucoside,0.00104192,0.000908441,0.000976837,0.001604873,0.002843603,0.001493218,0.000864013,0.33964928,0.399567982,0.226281641,0.001056535,0.002232325,0.004081553,0.004625604,0.000635051,0.002765074,0.000725856,0.000602899,0.00073404,0.000837317,0.00163001,0.001568629,2.24E-07,0.000689417,0.000922471,0.000502741,0.000519304,0.000639143
Kaempferol-4'-methyl ether,1.46E-07,2.33E-07,2.24E-07,1.98E-07,0.007927676,0.007478018,1.91E-07,2.34E-07,1.53E-07,1.69E-07,0.004927048,1.77E-07,0.116883905,0.080699589,0.127142156,0.188404103,0.120288832,0.125951064,0.041971282,0.026379066,0.00482601,0.039283656,0.035526184,0.072309026,1.69E-07,1.84E-07,1.54E-07,1.51E-07
Kaempferol 7-neohesperidoside,2.42E-07,0.001738264,0.000992913,0.000271732,0.002429767,0.002508852,0.00212729,0.3660588,0.390487802,0.225503757,0.002997222,2.32E-07,6.38E-05,2.65E-07,2.79E-07,5.83E-05,2.25E-07,0.000117294,0.001834055,0.000677818,2.46E-07,2.34E-07,1.84E-07,0.002129423,2.74E-07,2.37E-07,2.23E-07,2.80E-07
Kynurenine,0.003328704,0.109364758,0.12311398,0.098282738,0.058485959,0.063018498,0.107439444,0.018361294,0.015387838,0.013221113,0.114727884,0.002797073,0.025781432,0.02390214,0.019274888,0.03176648,0.026455144,0.037021161,0.005013783,0.005011311,0.004559183,0.004782442,0.002165839,0.017360874,0.003476893,0.021751515,0.019955114,0.024192517
L-glutamic acid,0.026064987,0.02447018,0.022765519,0.023026466,0.054300282,0.047223132,0.019961518,0.006476375,0.00584995,0.018991912,0.037754523,0.027826373,0.042932332,0.044381064,0.042600189,0.056370357,0.054034814,0.063228428,0.035703329,0.037793695,0.028766928,0.053763144,0.054698129,0.055849177,0.026175049,0.033121368,0.028809024,0.027061763
L-histidinol,0.001342285,5.88E-06,8.49E-06,0.00021175,0.000804961,0.000692314,1.62E-05,0.001665353,0.001568889,0.001421951,0.000558998,0.001015162,0.038927751,0.011969759,0.014418204,0.219797614,0.054222965,0.185176968,0.033460029,0.026281452,0.073571582,0.126100581,0.064498064,0.060081346,0.048588104,0.019404489,0.010056684,0.004132192
L-saccharopine,0.003016395,0.003336976,0.003129888,0.00293593,0.011334185,0.001726156,0.003694234,0.002806386,0.002851343,0.004174236,0.001139463,0.00744655,0.009956344,0.027931371,0.008304782,0.227335247,0.074361421,0.186640207,0.018121312,0.081949259,0.041519552,0.057430882,0.035892731,0.045126061,0.00310338,0.031280747,0.023435075,0.080019892
L-tyrosine,0.002966458,0.0186698,0.017544929,0.012908867,0.006349137,0.008294789,0.007185925,0.114476961,0.109063242,0.144066619,0.005761468,0.002817021,0.048004387,0.076583978,0.079467736,0.03875014,0.03587026,0.046140574,0.018401075,0.029248402,0.025261193,0.013816681,0.010436104,0.032236272,0.003531096,0.038827907,0.019229084,0.034089903
Leu-leu-tyr,0.074534793,0.052044409,0.060409202,0.021295401,0.010949814,0.011205705,0.050188708,0.08515181,0.093188339,0.097741859,0.011225419,0.084004292,0.010558723,0.00430169,0.003971221,0.012560949,0.008409017,0.013053914,0.0468055,0.034586865,0.038666701,0.042465722,0.040739146,0.020345123,0.062399379,0.001674669,0.003691237,0.003830393
Luteolin,0.024369185,7.75E-08,0.000949032,7.45E-08,9.70E-08,8.57E-08,0.000658065,0.339753244,0.35369774,0.235506521,8.56E-08,0.023679516,7.84E-08,8.89E-08,0.003108047,9.35E-08,8.20E-08,1.03E-07,9.85E-08,9.20E-08,9.88E-08,8.65E-08,8.20E-08,9.30E-08,0.018276968,8.69E-08,8.97E-08,8.91E-08
Luvangetin,0.001683072,0.00059707,0.000477245,0.000904756,1.29E-07,1.32E-07,0.001172013,0.251295679,0.324652897,0.244099047,1.49E-07,1.46E-07,1.45E-07,0.000316107,1.50E-07,0.038574885,0.038148483,0.036351516,0.003048811,0.001764425,1.41E-07,0.018666913,0.016589364,0.019477103,1.36E-07,1.38E-07,1.30E-07,0.002179221
Lysine,0.0017131,0.024429096,0.026211665,0.024456976,0.022416316,0.023651964,0.027356595,0.003913672,0.003638116,0.003204329,0.018515205,0.001247543,0.066534072,0.066628344,0.06912755,0.054737804,0.074816879,0.073976286,0.007266404,0.009115817,0.0074763,0.099607364,0.083242019,0.021101753,0.001584282,0.069583913,0.04780452,0.066642124
Maltol,0.013224109,0.108740015,0.151404204,0.097128612,0.141039361,0.098904915,0.113455552,0.028356826,0.024056224,0.026614559,0.081169438,0.026830816,0.003811806,0.00236642,0.002007032,0.001232023,0.005601998,0.003037766,0.001733888,0.001421806,0.001438935,0.000757373,7.58E-05,0.000247408,0.016851464,0.010845953,0.009526443,0.028119262
Maltose,0.013606453,0.129124154,0.126917123,0.1257429,0.007119854,0.006842317,0.12826735,0.120686061,0.116792872,0.111972656,0.009357696,0.017518246,0.001452488,0.001042106,0.001994832,0.001782929,0.001610401,0.001585555,0.002209744,0.003413853,0.00236111,0.001502029,0.001877728,0.00164048,0.017513536,0.015489535,0.017532203,0.013043789
Mannitol,0.043728471,0.02738069,0.03161283,0.026719654,0.037491768,0.02902105,0.026393929,0.025716247,0.025359546,0.044455763,0.03018661,0.041389501,0.041560428,0.04472431,0.066411151,0.032519457,0.029813939,0.048804822,0.023664813,0.031008497,0.021357861,0.029138774,0.031991079,0.024325299,0.085864688,0.036598488,0.020109496,0.042650842
Meglutol,0.00756955,0.072215724,0.070483974,0.056437782,0.03650577,0.038409767,0.060950421,0.009858225,0.008936277,0.00882813,0.031822434,0.006778422,0.03619583,0.030396322,0.025130875,0.068652541,0.056399771,0.05874941,0.022491642,0.027950239,0.020706284,0.055517175,0.053087659,0.037308233,0.005725827,0.024519886,0.029502936,0.038868896
Melezitose,0.00954824,0.091479933,0.097969468,0.085531631,0.040499734,0.038293686,0.086447736,0.153569552,0.138489069,0.154352929,0.03937352,0.016679496,0.001153282,0.000861715,0.003070667,0.000306941,0.000774335,0.000451853,0.005449961,0.005448871,0.003483403,0.004211239,0.004879461,0.003480888,0.009512541,0.002059162,0.001341971,0.001278718
Melibiose,0.002598079,0.09499265,0.104786835,0.012310871,0.017775009,0.014673553,0.095267177,0.012455487,0.040825746,0.059882231,0.01332486,0.015931085,0.020917702,0.014770112,0.034998845,0.002296913,0.004087817,0.002273602,0.041214457,0.031001759,0.030282666,0.015459394,0.022340397,0.004182703,0.017281902,0.080143774,0.09138337,0.102541006
Methionine,0.005626662,0.040311625,0.04365637,0.03754824,0.081033946,0.077619033,0.038470043,0.002259414,0.001728831,0.00072775,0.07803733,0.005047148,0.051101213,0.05556903,0.049772995,0.050280867,0.053933752,0.051807281,0.037058707,0.020049075,0.02080809,0.026463399,0.026251127,0.029825435,0.004816927,0.039517116,0.031907019,0.038771575
Methioninesulfoxide,0.023617844,0.020469558,0.020638809,0.034765131,0.040200141,0.043400753,0.02111638,0.049873911,0.045431923,0.061867297,0.038109005,0.020250703,0.027929237,0.051380686,0.023554874,0.057392276,0.026776884,0.06263153,0.008881783,0.017355916,0.01308679,0.006421723,0.005234793,0.031961528,0.021494548,0.080066705,0.057683562,0.088405714
Methohexital,0.021350735,0.044754,0.127808312,0.033132864,0.053604766,0.056409844,0.118459064,0.034583902,0.007711803,0.036665982,0.009808718,0.018218819,0.048039493,0.035994714,0.015937517,0.045056684,0.008555286,0.057419551,0.011939581,0.014374745,0.058330931,0.008945551,0.008699163,0.033096634,0.015296109,0.02583384,0.022176625,0.027794771
Mucic acid,0.004145426,0.189912841,0.184366654,0.17127094,0.01711213,0.020304584,0.236340769,0.0270293,0.048408065,0.02653307,0.016852108,0.001346992,0.002820959,0.003543356,0.003575685,0.003034371,0.013157251,0.011025511,0.000143563,7.97E-06,0.000181015,0.003967804,0.004552099,0.000684402,0.009388814,0.000118189,0.00012036,5.58E-05
N-acetylaspartic acid,0.010643762,0.012904705,0.015558052,0.016824272,0.004467546,0.016543146,0.012649657,0.033169347,0.028396985,0.043987632,0.012280628,0.000325907,0.0676455,0.071845532,0.04358307,0.037570703,0.036107627,0.037543723,0.009994916,0.009201475,0.00864392,0.024519242,0.019217552,0.046918433,0.011078061,0.154838357,0.084147373,0.129392879
N-acetylglutamic acid,0.001961933,0.005781503,0.005920725,0.006086491,0.006477836,0.006902058,0.00627007,0.015249449,0.019444104,0.014818221,0.006343101,0.001655414,0.043699227,0.109127824,0.033736475,0.028473338,0.021659625,0.029060187,0.081276122,0.050650332,0.071862276,0.018462548,0.014387581,0.026961388,0.001851975,0.159091871,0.070556755,0.142231573
N-acetylhistidine,5.25E-08,0.041238448,0.051772665,0.040903835,0.132441067,0.095583924,0.03766844,0.024775999,0.008350927,0.031404495,0.138566203,5.48E-08,0.020725133,0.029964349,0.011115823,0.029750786,0.02063205,0.027825532,0.005501941,0.00631225,0.012879615,0.020435904,0.010734423,0.016710467,5.92E-08,0.112294809,0.025688422,0.046722326
N-acetylleucine,0.000408717,0.005349742,0.007779865,0.007625823,0.003323684,0.002864278,0.004021451,0.013769648,0.015832998,0.01292869,0.002213057,0.000619504,0.055933243,0.10266455,0.122209596,0.015071252,0.010511745,0.0155893,0.041332484,0.02720091,0.011247224,0.007338455,0.00522465,0.010924303,0.000615046,0.356894274,0.042748414,0.097757102
N-acetylmethionine,2.57E-05,0.027438443,0.028659678,0.024834228,0.000472389,0.00054788,0.027080049,0.003406191,0.004373372,0.000598031,0.001409482,2.72E-05,0.069012063,0.100476775,0.052925058,0.077127283,0.105383115,0.08935261,0.021598435,0.013203612,0.00351887,0.005200235,0.004562377,0.027784807,0.001362325,0.145503012,0.063503967,0.100612776
N-acetylphenylalanine,0.00812739,0.057470658,0.061397645,0.0473645,0.003160528,0.003728941,0.037418753,0.028325727,0.03108454,0.029265142,0.001693678,0.005891491,0.058316281,0.087168445,0.037218228,0.013340289,0.007360659,0.013968267,0.021694277,0.015021705,0.014600976,0.005170051,0.004121364,0.011909448,0.00712966,0.228908674,0.049080643,0.11006204
N-acetyltryptophan,0.016875193,0.105675339,0.114517749,0.105058675,0.010236861,0.008063543,0.11431611,0.047610198,0.033912843,0.080696028,0.007891489,0.014735699,0.02124113,0.021806335,0.011333759,0.048940973,0.014037194,0.025351028,0.009445879,0.009770902,0.007735751,0.040254734,0.028582584,0.017256549,0.013200597,0.041542244,0.015623542,0.014287078
N-formylmethionine,0.001609438,0.011158935,0.011530391,0.0118133,0.035624616,0.029538732,0.010004621,0.001740942,0.002026875,0.000161633,0.025287923,0.0015427,0.04672215,0.041550971,0.036020429,0.084142011,0.11217226,0.089474298,0.027647712,0.015725688,0.01462937,0.028974503,0.021527716,0.057469288,0.000700504,0.082782778,0.063127429,0.135292786
"N,n-dimethylarginine",0.049279499,0.033872227,0.033898025,0.035188592,0.016404103,0.015019415,0.034529987,0.007453105,0.010716377,0.00971878,0.012463087,0.054815107,0.039148649,0.04660572,0.043001385,0.052946879,0.044369022,0.049294583,0.022020457,0.023333199,0.024503122,0.046785457,0.04781642,0.049556884,0.058796921,0.050200736,0.04796493,0.040297333
"N,n-dimethylglycine",0.003964613,0.001672927,0.002262719,0.00264911,0.002991573,0.002654004,0.001490195,0.016157974,0.003962752,0.022371396,0.003430314,0.003650123,0.036089374,0.090616474,0.051168319,0.065421651,0.061510309,0.112227209,0.063899848,0.102156158,0.061226835,0.042165001,0.039496141,0.031766887,0.004114704,0.058389371,0.047057951,0.065436075
N6-isopentenyladenosine,0.000371645,0.003136162,0.00143916,0.003336689,0.00078876,0.000631648,0.00498964,0.00254153,0.001260457,0.002898449,2.98E-08,0.000976553,0.014563563,0.009363692,0.01589943,0.005719729,0.346446335,0.298854814,0.04910431,0.030999272,0.036402552,0.006842143,0.050484121,0.060319022,0.000238539,0.023217486,0.01036832,0.018805951
N8-acetylspermidine,0.015926202,0.010289075,0.007611099,0.008608232,0.01156938,0.008662942,0.007200459,0.023989395,0.026501729,0.021324656,0.006171273,0.015883623,0.059366019,0.04150513,0.044858224,0.040098355,0.025271046,0.03075617,0.055521181,0.052572438,0.054249176,0.074049387,0.058855254,0.180415861,0.00856686,0.021798566,0.040028536,0.048349734
Naringenin,7.34E-05,1.32E-07,0.000168959,0.000485936,0.01629419,8.94E-08,0.001542499,0.000749718,0.002263087,0.000208982,1.05E-07,9.23E-08,0.021915683,0.048421712,0.032118487,0.161696369,0.320334168,0.260449764,0.017431391,0.008479525,0.001615369,0.031300797,0.01983591,0.054275999,0.000239126,1.11E-07,9.83E-05,1.37E-07
Niacin,0.002273101,0.005430313,0.005564205,0.005100635,0.010773695,0.00951983,0.004861233,0.009084803,0.009625728,0.010610176,0.006318418,0.002290927,0.052856509,0.038493037,0.042724561,0.057529449,0.06640612,0.051736553,0.035312629,0.031979659,0.036114837,0.08288831,0.168577974,0.080040041,0.002188706,0.063156289,0.053420114,0.055122155
Niacinamide,0.001048982,0.005280368,0.007543591,0.01018083,9.83E-05,0.000102258,0.008951326,0.008730496,0.007615872,0.012286588,6.84E-05,0.001321389,0.016606965,0.020882113,0.014989748,0.047070624,0.119280709,0.131520234,0.129927683,0.072267179,0.152169451,0.091100561,0.055123905,0.018887687,0.001288473,0.018877916,0.017312903,0.029465473
Np-000004(11),0.001929118,0.006910463,0.009411855,0.001419371,0.152360987,0.162776257,0.002113127,0.001469095,0.001590874,0.001323496,0.132281967,3.56E-07,0.009890636,0.069857937,0.062544023,0.038812512,0.056798653,0.065567072,0.046837153,0.056926685,0.002994465,0.017695835,0.015230471,0.066018757,3.43E-07,0.005674506,0.006052647,0.005511339
O-acetyl-l-homoserine,0.037014022,0.034372126,0.009042602,0.009065145,0.091377127,0.074317582,0.006459994,0.010539421,0.013692079,0.01159736,0.020926369,0.022181427,0.03138472,0.044116123,0.04186202,0.038868819,0.084272064,0.053556545,0.059516492,0.033439764,0.036208587,0.015338705,0.022000535,0.024675102,0.003796023,0.065473555,0.046037684,0.058868016
Ornithine,0.002869688,0.000375141,0.000313359,0.000352162,0.000481751,0.000681934,0.00037686,0.003472399,0.00353416,0.001552228,0.00049949,0.00184762,0.044309993,0.067407591,0.036239133,0.040214586,0.050426896,0.139303022,0.068892342,0.066381956,0.088159616,0.024623206,0.01585497,0.010918311,0.003657551,0.129944164,0.065865355,0.131444516
P-toluenesulfonic acid,0.008989229,0.013666028,0.011886058,0.009984585,0.001304671,0.00403428,0.021065434,0.068365014,0.020722071,0.078003764,0.004230056,0.011474049,0.044433504,0.001733429,0.00012919,0.039877658,0.143784971,0.108199288,0.036242481,0.027264098,0.010979666,0.008879534,0.01468843,0.061871175,0.01276403,0.016143846,0.059624966,0.159658493
Pantethine,2.99E-07,0.080618991,0.068667767,0.073307372,0.014701866,0.021408424,0.087759889,0.013362224,0.008615717,0.004549398,0.005221508,3.12E-07,0.043026344,0.094626935,0.149054105,2.70E-07,3.80E-07,2.91E-07,0.005830338,0.006648395,3.68E-07,0.005925123,0.003286768,0.008021427,3.26E-07,0.133135386,0.051826244,0.120403535
Pantothenic acid,0.003170701,0.012858207,0.013301776,0.009741452,0.003778747,0.002779205,0.010707308,0.009925768,0.010028498,0.008599986,0.002238557,0.003279082,0.034396137,0.082444378,0.043863698,0.07762439,0.089130044,0.09259238,0.078545908,0.045726098,0.044646581,0.029726798,0.023788311,0.031938327,0.003748739,0.05655218,0.096227398,0.078639347
Phenanthridine,0.008125197,0.005011201,0.006359911,0.008645042,0.020506912,0.015615208,0.006292946,0.026472292,0.076019141,0.03013054,0.008155246,0.001851847,0.148224015,0.081512177,0.001943919,0.234892915,0.033664174,0.079029868,0.027526547,0.013147245,0.011001906,0.025102106,0.027370441,0.038142933,0.000284132,0.050485938,0.006705629,0.007780573
Phenylacetaldehyde,3.06E-05,0.000777387,0.000894489,0.000946211,0.00141,0.001497681,0.000733894,0.00415365,0.004910439,0.002809249,0.002190123,3.07E-05,0.010902102,0.008143467,0.082393024,0.10300934,0.061389673,0.352739228,0.107224335,0.073196091,0.006277489,0.000852939,0.000858947,0.020367981,3.24E-05,0.133715738,0.005605455,0.012907295
Phenylalanine,0.019208416,0.027752332,0.030145,0.025505289,0.032947821,0.03264875,0.028283979,0.024146973,0.020828805,0.021530544,0.029395521,0.016550446,0.053730777,0.060561032,0.05798066,0.05761457,0.060497595,0.07278046,0.032631882,0.024992686,0.022494293,0.023218681,0.023137018,0.029257616,0.016225367,0.051942992,0.047250013,0.056740483
Phosphocholine,0.014815984,0.00844861,0.006224409,0.00772657,0.021125716,0.012972768,0.007441205,0.021468209,0.020956575,0.043794569,0.006345177,0.016329391,0.075538128,0.036080997,0.056181436,0.107343785,0.087723146,0.107862765,0.045318803,0.015926977,0.028025833,0.021568849,0.024836204,0.046841608,0.016099217,0.02942753,0.078947109,0.034628429
Phosphonoacetic acid,0.003576921,0.000315123,0.003729577,0.017442517,0.028441045,0.033984496,0.005565781,0.031961201,0.037062588,0.031522065,0.0420871,0.000598583,0.035110939,0.042725871,0.037261868,0.031763624,0.047837608,0.059946469,0.065090067,0.071717183,0.065467477,0.061950941,0.076974194,0.081505422,0.001225393,0.023296719,0.034673917,0.027165309
Pimelic acid,0.080066995,0.011683057,0.009642801,0.052031583,0.008259733,0.009398339,0.044387766,0.006487893,0.061335544,0.062570261,0.008923559,0.065735559,0.010623821,0.009680033,0.011130926,0.014434762,0.088591392,0.08457986,0.009304827,0.126602383,0.008216728,0.00912415,0.075626284,0.012539393,0.086267422,0.010268529,0.010626707,0.011859692
Pyridoxamine,0.003505857,0.03531333,0.004069947,0.037947202,0.012234925,0.013495252,0.002595245,0.003832497,0.00455785,0.003967845,0.007396294,0.010184166,0.073496945,0.076249435,0.056313572,0.056621616,0.06856666,0.06445688,0.046334589,0.061949974,0.031529829,0.018807087,0.020409868,0.024278777,0.008238334,0.093764311,0.051669867,0.108211846
Pyridoxine,0.001759115,0.016722388,0.020139695,0.016438508,0.018120544,0.022135357,0.014032429,0.021860447,0.023384195,0.023616965,0.014820566,0.001996252,0.084121628,0.052623882,0.068880021,0.061991228,0.03814409,0.049159006,0.016229463,0.033835717,0.02047504,0.019120913,0.028833519,0.024656286,0.001120059,0.096579907,0.09256958,0.116633199
Pyrocatechuic acid,0.001276268,0.071658359,0.07916549,0.071138053,0.069049318,0.05804761,0.068009372,0.114416237,0.163117414,0.121437516,0.011521901,0.000151214,0.009710601,0.008812556,0.007585434,0.01917052,0.018760856,0.02816205,0.008807131,0.00668536,0.004787497,0.014021346,0.011487217,0.017853247,0.001011784,0.007134402,0.000360509,0.006660744
Pyroglutamic acid,0.005978779,0.013624158,0.012017514,0.007230453,0.042054483,0.050218514,0.008600413,0.008831142,0.006772656,0.006524479,0.019081028,0.00657709,0.052349371,0.049798938,0.051398983,0.065112765,0.063487883,0.070140844,0.055083397,0.059777395,0.046481179,0.052519281,0.049611387,0.053729473,0.010239229,0.04933661,0.042390365,0.041032191
Quercetin-3-o-glucosyl-6''-acetate,0.014513151,0.03558701,0.047480043,0.018809281,1.05E-06,1.02E-06,0.045335581,0.258624616,0.313046532,0.195894714,1.14E-06,0.003902952,0.003255129,0.00277707,0.009742165,0.002709004,0.002360669,0.003029312,0.009582011,0.004320153,0.005157758,1.05E-06,1.21E-06,0.023862939,1.07E-06,1.17E-06,1.28E-06,9.37E-07
Rac-glycerol 3-phosphoate,0.049041311,0.006110958,0.004851248,0.003463398,0.014178933,0.011818849,0.003904837,0.012102216,0.009159246,0.009175271,0.016289819,0.040920519,0.019645528,0.016538006,0.023429369,0.131689841,0.082753185,0.183750456,0.01862291,0.039411262,0.043837854,0.026845291,0.018226639,0.027836238,0.057446419,0.039414707,0.028459645,0.061076044
Raffinose,0.006208562,0.052079753,0.054843896,0.049245148,0.089185531,0.078390893,0.050682772,0.18997934,0.150561893,0.154681289,0.083816638,0.009101427,0.001232147,0.000910509,0.00228143,0.000827072,0.001831892,0.00091735,0.002738296,0.001862351,0.002020246,0.001827178,0.0019756,0.001558098,0.005638946,0.001691724,0.001554425,0.00235559
Retusin 7-methyl ether,0.047579964,0.031358062,0.031684135,0.038071637,0.051032995,0.049834866,0.032219649,0.051457604,0.095296973,0.046330523,0.04475118,0.048037923,0.031035489,0.050242257,0.035233852,0.018941639,0.022017443,0.039421116,0.032997405,0.030349354,0.050348215,0.012882297,0.018581991,0.013413079,0.033846103,0.012803592,0.020511973,0.009718691
Riboflavin,5.63E-05,7.03E-05,5.94E-05,5.98E-05,0.000103296,0.000168879,8.63E-05,0.004494936,0.00623499,0.002376911,0.000111623,5.14E-05,0.108944577,0.124785095,0.137991305,0.165013497,0.162764117,0.180257928,0.003072032,0.006118725,0.002832913,0.013605779,0.017151713,0.045729498,4.71E-05,0.005636015,0.005776841,0.006398772
Rubiadin,4.46E-05,0.147273,0.207321022,0.192662755,0.129094595,0.00150389,0.162940298,0.02397643,0.121375435,0.003108899,0.001358421,2.21E-07,0.00021892,7.19E-05,0.000108643,0.000291885,0.000291605,0.000392352,0.000161478,0.000216804,0.000165274,0.000916278,0.000279408,0.0004669,0.000337038,0.000875713,0.000816554,0.003729672
Rutoside  (rutin),0.000267021,6.62E-08,2.34E-05,8.97E-05,0.003032601,0.006651886,0.000105613,0.350193007,0.409527177,0.225206805,0.004020512,0.000138731,8.42E-08,7.70E-08,7.44E-08,7.09E-08,8.54E-08,6.78E-08,7.25E-08,6.90E-08,6.75E-08,7.46E-08,7.06E-08,7.21E-08,0.000493044,6.56E-08,8.00E-08,0.00024944
S-adenosyl-homocysteine,0.000650125,0.001504344,0.001375709,0.001282939,0.000184747,0.000225352,0.001320095,0.001204817,0.001171003,0.000547765,1.78E-05,0.002078537,0.001529275,0.001358943,0.000991418,0.216384328,0.123701862,0.415307792,0.032239702,0.016088453,0.02164507,0.009891649,0.001558652,0.062276657,0.001038828,0.031513794,0.003667054,0.049243257
Sebacic acid,0.015979605,8.12E-08,9.34E-08,8.89E-08,0.113451824,0.157677026,0.018603711,0.052983583,0.029309697,0.063209582,0.243191384,0.037971507,0.000775321,6.68E-08,7.19E-08,0.010109201,0.004139166,9.09E-08,0.058754232,0.031760448,0.069709482,0.049073143,0.02497283,0.01011844,7.15E-08,9.01E-08,0.001052302,0.007156863
Secoisolariciresinol,0.006251034,0.003349354,6.03E-07,0.003577879,6.69E-07,8.48E-07,6.10E-07,0.022657361,0.02638466,0.040860831,0.004558192,0.003396817,0.029506661,0.060375096,0.044135768,0.140041792,0.073851031,0.087050393,0.044641453,0.038873837,0.019403519,0.112557869,0.059822535,0.168434541,0.004996491,0.002132899,6.08E-07,0.00313665
Serine,0.006108658,0.039418327,0.033820511,0.028861944,0.057844354,0.048674739,0.031843472,0.012924113,0.009899217,0.011964197,0.043212036,0.006900157,0.055455924,0.055985069,0.062756606,0.048762993,0.082777479,0.090105796,0.012841911,0.01136936,0.013195704,0.005453375,0.005158184,0.017073948,0.006686171,0.081833823,0.049128877,0.069943055
Sinapic acid,0.000187859,0.199311047,0.185973037,0.132783043,0.065636221,0.054752986,0.195660395,0.013904,0.013590645,0.003705399,0.033732911,8.71E-05,0.000223425,8.88E-05,9.83E-05,0.01432345,0.017757801,0.022988597,0.008170893,0.008292826,0.006155023,0.00836774,0.006727204,0.007125885,5.70E-05,9.09E-05,4.59E-05,0.000161609
Sn-glycero-3-phosphocholine,0.00572655,0.005162454,0.004881193,0.005622547,0.002643041,0.002894353,0.005136142,0.012269597,0.012935897,0.016683284,0.003645376,0.005368128,0.038222663,0.059072595,0.04682308,0.134655029,0.136778692,0.134336055,0.009818089,0.011469904,0.017114936,0.015716324,0.017773873,0.063918885,0.004987539,0.068232262,0.076161791,0.081949721
Sotalol,0.000108266,0.016201619,0.018592935,0.022774221,0.022707205,0.034391059,0.017690899,0.020398087,0.02054193,0.008793019,0.026301808,0.000526175,0.020011802,0.043732473,0.023445832,0.000825982,0.000545397,0.010976471,0.011977149,0.025408128,0.005185423,0.004230676,0.00443837,0.005897255,0.000109599,0.22707002,0.106244388,0.300873815
Spermidine,0.014347427,0.029663919,0.02270947,0.02956868,0.014843752,0.010303871,0.027960798,0.046620623,0.044767692,0.041104583,0.010540704,0.015688248,0.060319891,0.048034527,0.056887348,0.039745865,0.045193272,0.049773291,0.039019572,0.036708119,0.034077352,0.04361668,0.047922821,0.032754283,0.015199843,0.047553928,0.04594712,0.049126327
Spermine,0.006266313,3.56E-06,6.59E-08,5.74E-08,0.001523306,0.001473959,6.42E-08,0.017782927,0.017170124,0.018146206,5.67E-08,0.001497449,0.085108067,0.074618842,0.080528504,0.048417772,0.064359604,0.048781093,0.051022485,0.058174951,0.037433691,0.038513387,0.035916191,0.038087885,0.000525573,0.073599133,0.121514264,0.079534469
Succinic acid,0.016538125,0.001443302,0.001271595,0.001233297,0.01037535,0.00844544,0.001284712,0.005080525,0.004576627,0.005851664,0.007808713,0.010346599,0.046023056,0.035313297,0.028660304,0.107778076,0.108023201,0.131801872,0.02339252,0.028731938,0.025869346,0.084227291,0.079504084,0.082744497,0.015103733,0.03784602,0.039935353,0.050789462
Sucrose,0.010458342,0.177111153,0.176846993,0.152725185,0.042456498,0.038739986,0.001925539,0.008483686,0.020443219,0.022824126,0.038743448,0.012042275,0.01027609,0.006518287,0.021351092,0.001159973,0.001620991,0.001407642,0.015553089,0.013490299,0.015128272,0.002628648,0.003441787,0.000716206,0.01387733,0.06625293,0.068452982,0.055323932
Syringaldehyde,0.005071345,0.089909313,0.117870778,0.110615556,0.088631733,0.102344497,0.100637983,0.036875695,0.037390186,0.034766767,0.067999054,0.000229918,0.007182118,0.005631266,0.005789465,0.004275279,0.042686837,0.044557315,0.019427741,0.013732827,0.008461774,0.009829291,0.014099497,0.015376615,0.00494082,0.003660242,0.003544015,0.004462073
Syringic acid,1.96E-08,0.234883827,0.244055299,0.199854478,0.003600459,0.003325324,0.189150837,0.004054546,0.003369748,0.004171495,0.002499593,1.86E-08,0.002385409,0.005872289,0.003394407,0.008204034,0.005257732,0.00794364,0.012820813,0.016402128,0.005633325,0.007672822,0.006264896,0.01891202,0.000165916,0.002885965,0.002058669,0.005160292
Thiamine,0.069227567,0.000488807,0.000516479,0.00066487,0.043026012,0.051433163,0.000513308,0.001018815,0.08762385,0.124657117,0.055728822,0.079940432,0.025208577,0.018141663,0.023537531,0.068794054,0.04191061,0.049627197,0.034025187,0.04217921,0.04628781,0.007986372,0.008153543,0.025136209,0.073974366,0.005081564,0.00934966,0.005767207
Thiazolidine-4-carboxylic acid,0.000623374,0.03142787,0.029736641,0.027883364,0.074317557,0.072823229,0.030161842,0.00216189,0.002917937,0.000576408,0.055738178,0.000969833,0.109826079,0.108118726,0.115925995,0.028138472,0.071819539,0.039281353,0.008634013,0.011837053,0.008010945,0.02791748,0.018624894,0.013093983,0.000805957,0.016493406,0.082897798,0.009236184
Threonine,0.001803625,0.017783257,0.014591775,0.013855107,0.04015369,0.03864027,0.012232611,0.009357059,0.008059179,0.010128737,0.032918547,0.001725886,0.070907493,0.0638251,0.067003061,0.07408061,0.071932556,0.077264771,0.024874565,0.013587545,0.01870899,0.032629192,0.018919244,0.029738458,0.001552041,0.080983682,0.051767007,0.10097594
Thymidine-5'-monophosphate,0.001327881,2.92E-08,0.000339588,0.000542163,0.065784617,0.045409723,0.000396646,0.011788572,0.006901138,0.010613295,0.04015736,0.003308375,0.002530013,0.001928739,0.003498977,0.003150372,9.88E-05,0.002560803,0.180819623,0.157779682,0.168736963,0.05451756,0.046759669,0.17516712,0.002187444,0.001400944,0.003702456,0.00859143
Thymine,0.004191952,0.004986402,0.006571764,0.002311856,0.012869386,0.011118871,0.002447639,0.008000379,0.006706521,0.009965512,0.040391096,0.005317683,0.007769153,0.007050361,0.006533474,0.023650607,0.086698441,0.021170535,0.16720735,0.098874805,0.031322203,0.03941304,0.079561364,0.020388849,0.004809869,0.089911299,0.009250308,0.191509281
Trans-4-coumaric acid,0.001000746,0.066438975,0.075500124,0.049204868,0.020420572,0.022061966,0.062366204,0.15298347,0.141758899,0.130859297,0.017659155,0.000902806,0.018188414,0.016001585,0.016212369,0.018863728,0.021730353,0.027656196,0.009309552,0.011966012,0.002685484,0.007120966,0.006053871,0.02396551,0.001195406,0.029334449,0.024191848,0.024367175
Trehalose-6-phosphate,0.005944924,0.016435008,0.014035412,0.008021414,0.015007913,0.00430206,0.013554181,0.012716549,0.011984465,0.014495275,1.39E-07,0.002029977,0.183047138,0.164579867,0.184296729,0.006821218,0.027689079,0.004011055,0.018982791,0.03549552,0.038015871,0.012876661,0.008584441,0.020857922,0.004041567,0.034060274,0.047837777,0.090274773
Triptophenolide,0.015358293,0.125411237,0.016864731,0.113723134,0.014625164,0.108566842,0.013654223,0.018115339,0.019150173,0.017806838,0.01716691,0.02092054,0.01865651,0.021931779,0.020983732,0.017846354,0.017053134,0.017464641,0.013893868,0.015074868,0.021445728,0.08511894,0.020246608,0.021915262,0.150313875,0.019474194,0.020242951,0.016974136
Tryptamine,0.001423258,0.000335096,0.000293958,9.08E-05,0.005647069,0.003623862,0.000387587,0.005301435,0.007116829,0.006170845,0.003746159,0.001221334,0.007105248,0.009978357,0.006374022,0.003398176,0.40439291,0.520717643,0.001111487,1.32E-08,1.11E-08,1.45E-08,1.32E-08,1.49E-08,0.001201225,0.002825748,0.002690721,0.004846182
Tryptophan,0.009813707,0.052941696,0.056706188,0.045201544,0.043718353,0.037016749,0.050550953,0.022879085,0.018413008,0.022386093,0.035054527,0.008090006,0.04555006,0.045056424,0.0464311,0.071507884,0.050339588,0.061120498,0.025534499,0.020414559,0.016959866,0.042687499,0.038234001,0.032541685,0.010117971,0.028325505,0.025951673,0.036455278
Tyr-tyr,0.007582544,0.030857023,0.030888357,0.023920819,0.233945853,0.159711554,0.030202102,0.049173696,0.02276773,0.018622804,0.144216958,0.007858317,0.005249021,0.022540936,0.005613859,0.028418952,0.029181841,0.03156051,0.020572427,0.018945083,0.02874292,0.009876986,0.01018174,0.008311614,0.005327345,0.011139748,0.002480329,0.002108934
Tyramine,2.35E-09,2.19E-09,2.62E-09,2.09E-09,2.29E-09,1.92E-09,2.51E-09,2.09E-09,2.36E-09,2.21E-09,2.32E-09,2.56E-09,0.000466114,0.00287466,0.001311744,0.184144724,0.107851926,0.659434859,0.001375681,0.00100535,0.000873136,0.000298891,2.60E-09,0.03315925,2.11E-09,0.004968549,0.000389337,0.001845747
Tyrosine,0.013517933,0.04374314,0.039794695,0.033035646,0.037775185,0.041038092,0.036099465,0.026296735,0.025863785,0.028991498,0.032958539,0.015980492,0.037142541,0.038444995,0.034849155,0.070981502,0.041697331,0.051433872,0.026345775,0.02351757,0.023202789,0.023284406,0.022774136,0.051108351,0.011912959,0.067364119,0.040438938,0.060406358
Udp-d-glucose,2.46E-07,2.25E-07,3.01E-07,2.49E-07,2.75E-07,2.49E-07,3.15E-07,0.000176054,2.78E-07,2.37E-07,2.20E-07,2.42E-07,2.11E-07,0.004910269,2.78E-07,0.127433649,0.08393457,0.087676445,0.105367129,0.213259438,0.26097607,0.042246211,0.019092215,0.054923545,3.12E-07,2.61E-07,2.65E-07,2.41E-07
Uracil,0.001192509,0.004741241,0.005588839,0.00438863,0.00429856,0.003712671,0.004399017,0.030756454,0.017041921,0.024145843,0.00140515,0.002363183,0.038095992,0.034822458,0.028405891,0.077167547,0.120457536,0.193234079,0.018696197,0.021284829,0.021387713,0.025816169,0.043926015,0.104004656,0.003188938,0.055849919,0.057052519,0.05257553
Ureidoglutaric acid,0.005766852,0.000608178,0.000280851,0.000418894,0.004733322,0.005334121,0.000305504,0.001639323,0.000260604,0.002142312,0.007362069,0.005278466,0.005052091,0.005858587,0.00626055,0.012756747,0.010353652,0.010284804,0.011442816,0.010591256,0.010736421,0.324798915,0.344671437,0.171977574,0.006229149,0.016949864,0.005038648,0.012867001
Uridine,0.002867928,0.007498456,0.008585056,0.00893371,0.003135541,0.002599927,0.007973412,0.024362611,0.017495945,0.021437825,0.001808606,0.002410265,0.016842487,0.010178578,0.012579532,0.029398426,0.088952292,0.124265207,0.089571605,0.091031308,0.103830436,0.072096068,0.081557093,0.112218007,0.002413805,0.017153222,0.023587007,0.015215645
Uridine 5'-diphosphate,0.001075534,4.22E-08,4.56E-08,5.09E-08,0.002568556,0.001583299,0.001015073,0.016541366,0.012469472,0.01262471,0.003184855,0.001622636,0.00398201,0.007176386,0.004374279,0.027927444,0.009592182,0.045630147,0.060811387,0.124154046,0.136125297,0.216672158,0.107861822,0.162037038,0.00147984,0.014158792,0.01224655,0.013084988
Uridine 5'-diphospho-n-acetylglucosamine,6.21E-08,0.001492336,6.75E-08,0.001043178,5.25E-08,5.62E-08,0.003362696,0.003162113,0.001279064,5.30E-08,5.32E-08,5.62E-08,0.010969761,0.006124259,0.032399046,0.074657098,0.085626652,0.071720417,0.129266768,0.109670772,0.12469657,0.176878365,0.065870162,0.094508034,5.99E-08,6.29E-08,0.005124321,0.002147873
Uridine 5'-monophosphate,0.00102603,0.001399097,0.001448097,0.001277009,0.000985719,0.001468243,0.001288769,0.006783098,0.00510076,0.005859352,0.001601778,0.002288546,0.019055365,0.009790045,0.018065424,0.084274077,0.064019779,0.081929856,0.090226764,0.078919631,0.090089585,0.068898723,0.060056432,0.128981046,0.000659288,0.063667742,0.073912419,0.036927332
Valine,0.002296413,0.001115889,0.021051532,0.001046381,0.023275343,0.01750004,0.001075231,0.020667088,0.049473611,0.055042091,0.006495526,0.002240284,0.067398877,0.081809352,0.074748646,0.050987265,0.057400167,0.053648246,0.070927703,0.06928629,0.052815488,0.016900648,0.010734803,0.014605466,0.000220978,0.06607816,0.063581262,0.04757722
Vanillic acid,0.000214324,0.160814376,0.163661151,0.132491818,0.006125661,0.00212962,0.258075839,0.042832155,0.00875431,0.045390034,0.001559922,0.000622592,0.006823651,0.012733525,0.0083597,0.005419303,0.00545385,0.006312299,0.021972465,0.03750423,0.015912327,0.008751244,0.005321106,0.013787218,8.36E-05,0.008746995,0.005540173,0.014606531
Verbascose,0.036904073,0.002577737,0.006692711,0.004890075,0.204701145,0.187623713,0.013120848,0.033443462,0.046717574,0.05263212,0.183324362,0.04831792,8.07E-08,8.71E-08,7.95E-08,0.001705056,0.008581731,0.00444578,0.037882877,0.026850511,0.025632942,0.022713204,0.003848044,9.24E-08,0.047393563,6.43E-08,8.81E-08,6.09E-08
Xanthosine,0.014681957,0.05412814,0.05676202,0.042182765,0.000945877,0.000704416,0.045160435,0.20648855,0.228291821,0.153361499,0.000155801,0.025274589,0.002874334,0.00252853,0.002244972,0.001609087,0.006711388,0.004983997,0.004894204,0.003070087,0.000561455,0.006232983,0.012814592,0.001732644,0.022300674,0.031887947,0.005332191,0.062083052
Xanthurenic acid,0.037841135,0.006538956,0.009352061,0.000798257,0.010810381,0.009304346,0.007207121,0.024965789,0.023007809,0.106090461,0.010274708,0.038258269,0.06965903,0.063244465,0.024762474,0.130968922,0.136821406,0.119846291,0.011765739,0.009573983,0.004859615,0.004345849,0.005672126,0.02024842,0.028560046,0.018556625,0.015989899,0.050675818
Xylitol,0.007064999,0.018846237,0.020758024,0.019252905,0.00555703,0.005286732,0.017040779,0.028342794,0.02886347,0.021234618,0.004710648,0.006513443,0.06375093,0.061347059,0.060381289,0.04957834,0.076410634,0.089222397,0.03357972,0.038029648,0.036499096,0.050187867,0.051913578,0.05748865,0.006922995,0.045593514,0.045413835,0.05020877
Zeatin,8.27E-05,7.85E-09,4.36E-05,6.47E-09,6.66E-09,7.36E-09,6.68E-05,0.000293344,0.000999547,0.000164021,8.37E-09,0.000165153,0.005756038,0.034870244,0.002595486,0.649142849,0.038044415,0.014281586,0.001993168,0.004380413,0.000114391,0.015689509,0.003068928,0.185488639,6.74E-09,0.015617539,0.017826388,0.009315242
Zinniol,0.013573835,0.034725036,0.025003417,0.039927652,0.051441882,0.02709583,0.040431991,0.022372365,0.031726441,0.049318306,0.019750551,0.0196522,0.065181598,0.049820553,0.035055277,0.035404769,0.026355088,0.050417817,0.03309842,0.020503065,0.046600234,0.047149727,0.04636782,0.017924143,0.019449916,0.034935253,0.053456972,0.043259847
